19	3311636	3311974	2	2	1	1	0	25
19	3312145	3314810	2	2	1	1	0	50
19	3333172	3334759	1	1	1	42	7	58
19	3334818	3335309	1	1	1	39	9	61
19	3335396	3336874	1	1	1	48	10	73
19	3337039	3337702	1	1	1	35	1	53
19	3337756	3338983	1	1	1	40	1	53
19	3339088	3340976	1	1	1	44	0	66
19	3373375	3399188	1	1	1	5	0	12
19	3383816	3399188	1	1	1	3	0	50
19	3399343	3402484	1	1	1	12	0	69
19	3402625	3406316	1	1	1	13	0	63
19	3406489	3408175	1	1	1	17	0	62
19	3408278	3412084	1	1	1	17	0	67
19	3412223	3414477	1	1	1	17	0	72
19	3414556	3415674	1	1	1	19	1	65
19	3415783	3416329	1	1	1	21	0	61
19	3416418	3418854	1	1	1	26	1	71
19	3419051	3420706	1	1	1	18	1	72
19	3420896	3421571	1	1	1	25	3	68
19	3421678	3425092	1	1	1	15	4	72
19	3425210	3426410	1	1	1	8	3	70
19	3426576	3428367	1	1	1	6	3	73
19	3428503	3430016	1	1	1	21	1	73
19	3430170	3431609	1	1	1	27	1	73
19	3431724	3431931	1	1	1	15	0	75
19	3432025	3433754	1	1	1	21	0	70
19	3434269	3435447	1	1	1	1	0	62
19	3507052	3509360	2	2	1	9	1	67
19	3509481	3514544	2	2	1	9	1	74
19	3514696	3516492	2	2	1	4	1	67
19	3516600	3517140	2	2	1	6	0	73
19	3517295	3519640	2	2	1	7	0	74
19	3519763	3520970	2	2	1	4	0	44
19	3521102	3521978	2	2	1	7	0	55
19	3522034	3523768	2	2	1	8	0	55
19	3523849	3528277	2	2	1	2	0	52
19	3523867	3528277	2	2	1	4	0	48
19	3523867	3534830	2	2	1	1	0	29
19	3528365	3534830	2	2	1	3	0	58
19	3534917	3536975	2	2	1	4	0	55
19	3537092	3540773	2	2	1	1	0	19
19	3540839	3542365	2	2	1	2	0	65
19	3542516	3543885	2	2	1	3	0	67
19	3544039	3546521	2	2	1	5	0	49
19	3546652	3557241	2	2	1	4	0	74
19	3557356	3561928	2	2	1	7	0	69
19	3562042	3564653	2	2	1	7	0	66
19	3564720	3568244	2	2	1	6	0	31
19	3568383	3571733	2	2	1	5	0	62
19	3571921	3576701	2	2	1	4	0	74
19	3576935	3594107	2	2	1	4	0	66
19	3576935	3625640	2	2	1	2	0	73
19	3577676	3594107	2	2	1	1	0	43
19	3594256	3625640	2	2	1	6	0	64
19	3635292	3636382	2	2	1	2	0	21
19	3636481	3640973	2	2	1	1	0	35
19	3641114	3641615	2	2	1	2	0	24
19	3641853	3643515	2	2	1	2	0	54
19	3643627	3647243	2	2	1	4	0	73
19	3647481	3650672	2	2	1	4	1	46
19	3650799	3652234	2	2	1	5	1	57
19	3652445	3654001	2	2	1	6	0	60
19	3654193	3655285	2	2	1	2	0	31
19	3655495	3660038	2	4	1	2	0	62
19	3678445	3680073	2	2	1	2	0	15
19	3697660	3699403	2	2	1	1	0	20
19	3699601	3702132	2	2	1	1	0	48
19	3740001	3756645	2	2	1	1	1	37
19	3756786	3758060	2	2	1	1	0	38
19	3763372	3769504	2	2	1	1	0	59
19	3763372	3769519	2	2	1	1	0	33
19	3764626	3765637	1	1	1	2	0	75
19	3818341	3832219	1	1	1	1	0	24
19	3818341	3836388	1	1	1	2	0	58
19	3832280	3836388	1	1	1	1	0	60
19	3836628	3843067	1	1	1	4	0	55
19	3852241	3852787	1	1	1	1	0	47
19	3852898	3854394	1	1	1	1	0	64
19	3854562	3854813	1	1	1	1	0	20
19	3854834	3854916	1	1	1	1	0	20
19	3855054	3864114	1	1	1	1	0	55
19	3892967	3893291	1	1	1	1	0	28
19	3902414	3914647	1	1	1	4	0	55
19	3914760	3934471	1	1	1	2	1	53
19	3925472	3925734	1	1	1	1	0	19
19	3925789	3931997	1	1	1	1	0	54
19	3925789	3934471	1	1	1	2	0	32
19	3934586	3935859	1	1	1	5	1	70
19	3935994	3936361	1	1	1	7	1	71
19	3936467	3937388	1	1	1	8	0	59
19	3937448	3939022	1	1	1	10	0	59
19	3939111	3939879	1	1	1	5	0	71
19	3939989	3942106	1	1	1	5	0	67
19	3942214	3942709	1	1	1	5	1	70
19	3942792	3943347	1	1	1	7	1	68
19	3946193	3946269	2	2	1	3	1	57
19	3946448	3946603	2	2	1	6	0	73
19	3946722	3946794	2	2	1	6	1	70
19	3946903	3947037	2	2	1	4	1	75
19	3947170	3947467	2	2	1	5	0	72
19	3947682	3947757	2	2	1	3	2	26
19	3947877	3948547	2	2	1	2	2	30
19	3948639	3948717	2	2	1	2	1	70
19	3948876	3948979	2	2	1	2	0	56
19	3949120	3951890	2	2	1	2	0	74
19	3952036	3952343	2	2	1	2	0	69
19	3952557	3952630	2	2	1	3	0	58
19	3952725	3952881	2	2	1	1	0	36
19	3953429	3953508	2	2	1	1	0	24
19	3954296	3954584	2	2	1	2	0	61
19	3954706	3957018	2	2	1	2	0	46
19	3959075	3959152	2	2	1	352	10	74
19	3959282	3960897	2	2	1	360	32	75
19	3961036	3961160	2	2	1	1	4	13
19	3961071	3961160	2	2	1	401	36	75
19	3961257	3961565	2	2	1	355	28	68
19	3961598	3961688	2	2	1	1	5	32
19	3961617	3961688	2	2	1	297	24	51
19	3961747	3962466	2	2	1	46	6	59
19	3961747	3962469	2	2	1	6	0	58
19	3961747	3962500	2	2	1	1	3	58
19	3961747	3962709	2	2	1	165	11	58
19	3964085	3965293	2	2	1	5	1	65
19	3965394	3968041	2	2	1	6	1	58
19	3968209	3968602	2	2	1	6	0	73
19	3968990	3970796	2	2	1	3	0	70
19	3971808	3973738	2	2	1	1	0	54
19	3973902	3979695	2	2	1	2	0	34
19	3991682	3991884	1	1	1	4	0	65
19	3992018	3992348	1	1	1	2	0	67
19	3992443	3992693	1	1	1	4	1	74
19	3992819	3993528	1	1	1	4	1	71
19	3993712	3994022	1	1	1	5	0	47
19	3994297	3997006	1	1	1	4	0	43
19	3997126	3998627	1	1	1	6	0	58
19	4014938	4015055	1	1	1	0	1	28
19	4015142	4015253	1	1	1	0	1	36
19	4015336	4015632	1	1	1	0	1	60
19	4015336	4029229	1	1	1	0	1	60
19	4016539	4018441	1	1	1	2	0	59
19	4018542	4019762	1	1	1	2	0	28
19	4027662	4028060	1	1	1	1	0	59
19	4028172	4028413	1	1	1	1	0	48
19	4030173	4030691	1	1	1	2	0	66
19	4030588	4030691	1	1	1	1	0	32
19	4030792	4031007	1	1	1	3	0	64
19	4031835	4035138	2	2	1	3	0	72
19	4036612	4036822	1	1	1	422	18	32
19	4036612	4036827	1	1	1	60	2	29
19	4036612	4037050	1	1	1	8	65	29
19	4036952	4037050	1	1	1	1047	91	75
19	4037306	4037730	1	1	1	1356	56	75
19	4037306	4038137	1	1	1	21	4	73
19	4037924	4038137	1	1	1	1050	94	75
19	4037924	4038642	1	1	1	1	49	20
19	4038232	4038397	1	1	1	920	135	75
19	4038506	4038594	1	1	1	1	0	61
19	4038506	4038605	1	1	1	1187	118	75
19	4038716	4039652	1	1	1	1187	149	75
19	4038725	4039652	1	1	1	3	2	70
19	4050115	4051195	1	1	1	2	7	36
19	4050848	4051195	1	1	1	86	21	74
19	4050848	4051203	1	1	1	0	6	42
19	4050848	4051627	1	1	1	1	3	59
19	4051329	4051627	1	1	1	100	37	75
19	4051706	4051795	1	1	1	114	17	75
19	4054168	4054322	1	1	1	0	2	27
19	4054433	4054512	1	1	1	0	2	13
19	4054649	4054762	1	1	1	1	2	58
19	4054817	4055377	1	1	1	1	2	54
19	4056440	4056551	1	1	1	1	0	64
19	4057666	4057769	2	2	1	173	33	73
19	4057916	4058047	2	2	1	273	23	74
19	4058130	4058342	2	2	1	237	7	75
19	4058510	4058593	2	2	1	238	2	75
19	4058807	4059343	2	2	1	212	8	75
19	4059534	4059825	2	2	1	178	15	75
19	4060010	4061101	2	2	1	205	7	75
19	4061273	4061345	2	2	1	180	1	73
19	4061429	4062550	2	2	1	153	1	74
19	4085662	4085823	2	2	1	74	207	75
19	4085662	4090707	2	2	1	0	136	75
19	4085932	4086687	2	2	1	162	167	75
19	4085932	4090981	2	2	1	0	6	71
19	4086792	4087103	2	2	1	101	189	75
19	4086792	4091397	2	2	1	0	187	75
19	4087192	4087289	2	2	1	168	105	74
19	4087192	4091583	2	2	1	0	106	74
19	4087397	4087584	2	2	1	208	2	58
19	4087472	4087584	2	2	1	3	0	36
19	4087621	4087862	2	2	1	178	0	36
19	4090540	4090707	2	2	1	1	141	75
19	4090816	4090981	2	2	1	0	6	71
19	4091086	4091397	2	2	1	6	58	75
19	4091486	4091583	2	2	1	6	106	74
19	4091691	4091902	2	2	1	6	5	36
19	4091939	4092164	2	2	1	1	5	36
19	4091939	4092566	2	2	1	1	0	36
19	4092672	4095923	2	2	1	1	0	65
19	4095252	4111551	2	2	1	0	10	50
19	4095252	4116006	2	2	1	0	10	50
19	4111599	4116006	2	2	1	0	10	50
19	4112212	4112516	2	2	1	2	9	28
19	4114841	4115777	2	2	1	2	2	13
19	4115216	4115291	1	1	1	0	99	74
19	4115216	4115443	1	1	1	1	16	40
19	4115254	4115329	1	1	0	0	2	71
19	4115254	4115367	1	1	1	0	61	71
19	4115254	4115405	1	1	1	0	47	71
19	4115292	4115329	1	1	1	0	42	74
19	4117675	4119035	2	2	1	2	0	41
19	4132868	4134877	1	1	1	1	0	24
19	4135694	4136217	1	1	1	1	0	62
19	4147213	4147463	2	2	1	1	0	64
19	4147213	4147505	2	2	1	2	0	35
19	4147508	4147816	1	1	1	35	12	75
19	4147734	4147816	1	1	1	2	0	56
19	4147918	4148004	1	1	1	38	12	74
19	4148138	4148497	1	1	1	43	1	73
19	4153097	4153260	1	1	1	1	0	53
19	4153486	4154813	1	1	1	4	0	54
19	4155141	4155229	1	1	1	1	0	50
19	4155326	4155414	1	1	1	2	0	70
19	4155523	4156563	1	1	1	2	0	62
19	4158581	4158664	1	1	1	1	0	25
19	4158868	4159825	1	1	1	2	0	58
19	4159997	4160494	1	1	1	2	0	29
19	4160660	4160841	1	1	1	3	0	37
19	4161190	4161581	1	1	1	2	1	70
19	4161699	4161865	1	1	1	1	1	52
19	4162015	4162100	1	1	1	2	0	74
19	4162251	4162326	1	1	1	2	0	68
19	4162877	4163484	1	1	1	1	0	27
19	4164797	4165080	2	2	1	44	2	74
19	4165223	4165319	2	2	1	44	1	74
19	4165497	4165981	2	2	1	55	3	73
19	4166171	4168086	2	2	1	65	0	73
19	4168267	4171335	2	2	1	50	3	75
19	4171546	4175729	2	2	1	2	0	40
19	4171546	4175777	2	2	1	4	2	74
19	4176200	4177055	1	1	1	64	2	74
19	4177121	4177548	1	1	1	74	4	67
19	4177132	4177548	1	1	1	20	2	73
19	4177639	4177758	1	1	1	86	4	75
19	4177639	4181227	1	1	1	2	2	38
19	4177836	4178103	1	1	1	1	0	50
19	4177836	4178302	1	1	1	1	0	57
19	4177836	4181029	1	1	1	19	1	45
19	4177836	4181058	1	1	1	1	0	16
19	4177836	4181227	1	1	1	62	6	54
19	4181075	4181227	1	1	1	28	4	45
19	4181282	4181360	1	1	1	86	8	57
19	4198729	4199340	1	1	1	7	0	66
19	4198736	4199340	1	1	1	9	0	73
19	4199544	4199861	1	1	1	26	0	75
19	4199985	4200088	1	1	1	31	0	73
19	4200219	4200438	1	1	1	42	0	75
19	4200621	4200705	1	1	1	47	0	74
19	4200826	4201393	1	1	1	52	1	73
19	4201499	4201578	1	1	1	68	2	75
19	4201725	4202520	1	1	1	58	3	59
19	4202579	4203225	1	1	1	54	2	62
19	4203490	4203595	1	1	1	79	0	75
19	4207199	4207480	2	2	1	8	1	68
19	4207594	4207680	2	2	1	7	0	65
19	4207789	4207877	2	2	1	11	0	73
19	4207956	4208064	2	2	1	7	0	58
19	4208128	4208608	2	2	1	6	0	63
19	4208363	4208608	2	2	1	1	0	49
19	4208717	4208827	2	4	1	7	0	72
19	4208919	4209001	2	2	1	7	0	68
19	4209093	4209225	2	2	1	8	0	64
19	4209327	4209401	2	2	1	8	0	58
19	4209460	4211066	2	2	1	8	0	58
19	4211215	4212258	2	2	1	10	1	65
19	4212328	4212601	2	2	1	9	1	64
19	4212723	4212820	2	2	1	8	2	42
19	4212862	4213166	2	2	1	3	2	42
19	4221741	4222582	1	1	1	1	0	67
19	4235073	4235350	2	2	1	2	0	58
19	4235506	4237940	2	2	1	1	0	25
19	4242271	4242743	1	1	1	267	19	75
19	4242873	4243020	1	1	1	1	9	57
19	4242876	4243020	1	1	1	317	11	72
19	4243252	4243765	1	1	1	323	16	75
19	4243871	4244465	1	1	1	335	16	75
19	4243871	4244575	1	1	1	1	16	18
19	4244690	4244770	1	1	1	271	21	75
19	4244906	4244980	1	1	1	339	23	75
19	4246082	4246179	2	2	1	1	0	21
19	4251057	4251327	2	2	1	1	0	56
19	4251399	4251481	2	2	1	1	0	23
19	4264555	4270231	1	1	1	1	0	61
19	4265220	4270231	1	1	1	1	0	51
19	4266044	4266666	2	4	1	1	0	45
19	4270399	4272127	1	1	1	3	0	73
19	4282243	4282516	1	1	1	29	4	70
19	4282607	4282801	1	1	1	34	4	72
19	4282914	4283267	1	1	1	33	6	72
19	4312661	4313574	2	2	1	6	0	53
19	4313846	4313935	2	2	1	5	0	67
19	4314137	4314341	2	2	1	3	0	72
19	4315178	4315319	2	2	1	3	0	67
19	4315732	4315837	2	2	1	3	0	71
19	4316027	4316134	2	2	1	2	0	50
19	4316201	4316402	2	2	1	2	0	66
19	4316475	4316549	2	2	1	2	0	27
19	4316666	4317774	2	2	1	5	0	62
19	4318007	4318572	2	2	1	1	0	41
19	4318614	4319042	2	2	1	2	0	25
19	4321364	4321469	2	2	1	1	0	27
19	4331109	4331190	2	2	1	1	0	46
19	4331237	4331945	2	2	1	1	0	46
19	4332333	4332908	2	2	1	1	0	58
19	4337293	4337380	2	2	1	12	1	66
19	4337495	4337585	2	2	1	16	1	72
19	4337723	4337850	2	2	1	14	1	75
19	4338014	4338439	2	2	1	6	0	69
19	4338536	4338619	2	2	1	4	0	68
19	4339442	4339700	2	2	1	4	0	67
19	4339768	4339925	2	2	1	4	0	65
19	4340034	4340101	2	2	1	6	0	68
19	4340197	4340422	2	2	1	9	0	65
19	4340554	4340631	2	2	1	6	0	71
19	4340711	4340799	2	2	1	3	0	55
19	4340900	4341266	2	2	1	6	0	73
19	4341359	4341617	2	2	1	6	0	52
19	4341670	4342197	2	2	1	7	0	52
19	4342260	4342389	2	2	1	4	0	62
19	4342465	4342571	2	2	1	4	0	66
19	4342674	4342794	2	2	1	7	0	70
19	4342869	4344877	2	2	1	5	0	74
19	4344955	4355929	2	2	1	5	0	70
19	4369310	4370179	2	2	1	5	0	56
19	4370396	4370925	2	2	1	3	0	57
19	4371085	4372414	2	2	1	4	0	72
19	4372579	4374364	2	2	1	2	0	53
19	4375075	4376836	2	2	1	4	0	75
19	4376927	4378155	2	2	1	5	0	72
19	4378288	4378980	2	2	1	3	0	63
19	4393270	4395545	2	2	1	1	0	65
19	4400359	4401764	2	2	1	1	0	20
19	4401859	4402295	2	2	1	1	0	36
19	4402403	4406775	2	2	1	1	0	60
19	4406955	4411565	2	2	1	3	0	46
19	4411613	4412004	2	2	1	4	0	47
19	4412084	4412803	2	2	1	5	0	68
19	4412943	4444819	2	2	1	2	0	47
19	4444921	4446338	2	2	1	2	0	20
19	4476285	4476654	2	2	1	16	0	63
19	4476790	4482082	2	2	1	20	1	72
19	4482193	4482795	2	2	1	17	1	74
19	4482884	4489247	2	2	1	24	1	73
19	4489699	4493769	1	1	1	4	0	47
19	4493817	4497324	1	1	1	3	0	47
19	4497455	4497552	1	1	1	2	0	40
19	4497889	4500956	2	2	1	5	0	74
19	4501091	4502304	2	2	1	5	0	75
19	4502426	4503792	2	2	1	4	0	58
19	4504009	4506522	2	2	1	1	0	62
19	4504094	4507093	1	1	1	1	0	40
19	4506916	4510644	2	2	1	1	0	49
19	4510839	4517934	2	2	1	3	0	57
19	4517992	4526962	2	2	1	3	0	57
19	4547643	4548271	2	2	1	6	0	50
19	4560610	4565681	1	1	1	2	0	25
19	4565719	4651627	1	1	1	2	0	37
19	4598121	4598267	1	1	1	1	0	32
19	4621133	4651627	1	1	1	2	0	63
19	4644471	4651627	1	1	1	6	0	69
19	4644489	4651627	1	1	1	0	2	25
19	4644764	4651627	1	1	1	0	2	25
19	4651764	4651892	1	1	1	26	4	68
19	4652078	4652237	1	1	1	31	6	74
19	4652404	4652501	1	1	1	27	4	70
19	4652648	4652785	1	1	1	22	3	73
19	4652904	4653087	1	1	1	27	1	71
19	4653240	4654492	1	1	1	38	0	74
19	4654612	4657559	1	1	1	44	0	75
19	4657723	4659891	1	1	1	31	1	75
19	4660075	4667607	1	1	1	29	2	73
19	4662667	4663183	2	2	1	1	0	65
19	4667753	4667992	1	1	1	43	3	71
19	4668083	4668169	1	1	1	47	1	75
19	4668549	4668985	1	1	1	29	3	61
19	4669227	4669347	1	1	1	60	10	75
19	4669598	4669807	1	1	1	61	4	73
19	4670053	4670141	1	1	1	76	7	74
19	4670322	4670394	1	1	1	106	1	75
19	4670644	4670847	1	1	1	113	11	74
19	4670989	4671067	1	1	1	140	13	71
19	4673271	4673528	2	2	1	24	1	72
19	4673271	4673853	2	2	1	1	0	70
19	4673592	4673853	2	2	1	25	1	63
19	4673592	4674041	2	2	1	1	0	51
19	4673926	4674041	2	2	1	27	1	72
19	4674210	4674687	2	2	1	1	0	16
19	4674210	4674712	2	2	1	14	1	75
19	4674792	4675040	2	2	1	10	2	65
19	4675121	4675220	2	2	1	2	1	65
19	4675121	4675460	2	2	1	1	0	15
19	4675125	4675220	2	2	1	15	1	74
19	4675324	4675460	2	2	1	12	1	50
19	4771561	4774107	1	1	1	2	0	54
19	4774260	4774657	1	1	1	2	0	18
19	4776021	4776167	1	1	1	4	0	60
19	4776249	4776609	1	1	1	4	0	58
19	4776726	4779089	1	1	1	2	0	36
19	4788596	4789134	1	1	1	4	0	73
19	4792625	4794075	1	1	1	1	0	25
19	4794301	4794493	1	1	1	1	0	47
19	4794584	4795136	1	1	1	1	0	13
19	4795617	4795807	1	1	1	3	0	63
19	4796013	4796593	1	1	1	6	0	66
19	4797985	4798086	1	1	1	2	0	62
19	4798226	4798621	1	1	1	3	0	73
19	4798707	4798965	1	1	1	3	0	42
19	4799163	4799429	1	1	1	2	0	34
19	4799573	4799661	1	1	1	2	0	29
19	4799738	4799810	1	1	1	2	0	51
19	4799862	4800048	1	1	1	2	0	46
19	4800270	4800508	1	1	1	1	1	35
19	4800683	4801176	1	1	1	1	1	43
19	4801220	4801528	1	1	1	2	1	44
19	4806690	4807273	1	1	1	3	0	72
19	4807698	4810040	1	1	1	1	0	28
19	4807698	4812004	1	1	1	1	1	63
19	4810311	4812004	1	1	1	1	0	53
19	4812676	4815371	1	1	1	6	0	54
19	4835596	4837388	2	2	1	13	0	72
19	4835596	4842425	2	2	1	1	0	12
19	4838071	4842425	2	2	1	15	2	71
19	4842849	4843699	2	2	1	2	0	47
19	4842849	4843843	2	2	1	8	0	67
19	4851834	4852578	2	2	1	1	0	41
19	4854044	4861199	2	2	1	1	0	62
19	4875693	4875797	2	2	1	120	9	75
19	4875693	4875971	2	2	1	1	8	57
19	4875902	4875971	2	2	1	87	14	75
19	4876050	4882860	2	2	1	94	11	64
19	4882922	4883368	2	2	1	87	11	61
19	4883476	4884200	2	2	1	1	0	19
19	4883476	4884267	2	2	1	1	1	41
19	4883547	4884200	2	2	1	133	24	74
19	4883547	4888858	2	2	1	1	0	63
19	4884339	4888858	2	2	1	99	22	74
19	4888932	4889224	2	2	1	89	18	73
19	4905515	4905725	1	1	1	14	0	73
19	4905825	4906097	1	1	1	15	0	73
19	4906183	4906274	1	1	1	18	0	62
19	4906337	4906539	1	1	1	20	2	62
19	4906616	4907997	1	1	1	20	8	74
19	4908112	4908214	1	1	1	23	9	71
19	4908361	4908443	1	1	1	15	5	72
19	4908541	4908619	1	1	1	24	0	69
19	4908701	4909430	1	1	1	19	0	73
19	4909551	4909629	1	1	1	25	0	65
19	4909695	4909785	1	1	1	23	0	65
19	4909877	4910277	1	1	1	25	0	59
19	4910337	4910418	1	1	1	30	0	59
19	4911532	4911612	2	2	1	2	0	45
19	4911772	4912197	2	2	1	1	0	23
19	4912264	4912351	2	2	1	1	0	61
19	4928834	4930148	1	1	1	1	0	27
19	4929058	4930148	1	1	1	3	0	55
19	4930427	4933503	1	1	1	5	0	62
19	4940787	4941017	2	2	1	3	0	71
19	4941816	4942915	2	2	1	2	0	69
19	4945060	4947307	2	2	1	1	2	19
19	4947467	4947601	2	2	1	2	2	60
19	4947723	4949227	2	2	1	1	2	38
19	4950651	4952870	2	2	1	1	0	12
19	4952944	4953041	2	2	1	1	0	23
19	4953081	4953173	2	2	1	1	0	39
19	4953221	4953729	2	2	1	1	0	41
19	4957826	4959873	2	2	1	5	0	62
19	4960037	4963800	2	2	1	9	1	66
19	4963981	4964607	2	2	1	14	1	71
19	4964729	4964837	2	2	1	12	0	63
19	4964963	4965046	2	2	1	10	0	59
19	4965110	4966306	2	2	1	9	0	63
19	4966400	4966725	2	2	1	15	0	64
19	4966839	4966919	2	2	1	12	1	74
19	4967115	4967899	2	2	1	11	1	60
19	4967959	4968047	2	2	1	11	1	59
19	4968179	4968272	2	2	1	8	1	59
19	4968404	4971168	2	2	1	2	1	53
19	4971263	4972349	2	2	1	8	2	74
19	4972425	4973094	2	2	1	8	5	67
19	4973233	4973711	2	2	1	9	3	71
19	4973802	4976812	2	2	1	10	2	63
19	5012544	5012906	1	1	1	128	5	75
19	5013003	5013353	1	1	1	142	5	75
19	5013448	5013533	1	1	1	123	15	74
19	5013694	5014701	1	1	1	152	7	73
19	5013718	5014701	1	1	1	8	1	73
19	5074306	5074538	1	1	1	1	0	40
19	5074621	5076055	1	1	1	1	0	53
19	5090061	5090334	1	1	1	18	0	71
19	5091519	5095920	1	1	1	16	0	73
19	5096067	5096163	1	1	1	22	2	72
19	5096255	5096421	1	1	1	18	3	72
19	5096550	5096677	1	1	1	18	5	71
19	5096758	5096842	1	1	1	23	3	72
19	5096940	5097173	1	1	1	1	0	27
19	5096940	5097419	1	1	1	20	1	74
19	5097513	5098536	1	1	1	21	2	65
19	5098602	5099020	1	1	1	22	0	40
19	5099061	5099434	1	1	1	25	0	40
19	5103304	5103626	1	1	1	1	0	41
19	5138777	5139446	1	1	1	62	1	75
19	5139659	5139799	1	1	1	71	7	75
19	5139905	5140031	1	1	1	73	15	73
19	5140111	5141395	1	1	1	79	9	61
19	5141454	5141568	1	1	1	74	9	58
19	5141725	5142156	1	1	1	80	5	74
19	5142251	5142329	1	1	1	70	2	74
19	5150601	5150694	2	2	1	107	3	74
19	5150827	5154668	2	2	1	92	4	73
19	5154765	5154860	2	2	1	107	1	75
19	5154957	5155205	2	2	1	81	1	73
19	5155279	5156668	2	2	1	2	0	68
19	5155279	5156952	2	2	1	66	1	73
19	5158717	5159130	2	2	1	5	0	44
19	5159189	5159328	2	2	1	2	0	58
19	5159454	5159520	2	2	1	4	1	65
19	5159671	5159760	2	2	1	3	1	70
19	5159870	5160224	2	2	1	4	1	59
19	5160293	5160394	2	2	1	3	0	50
19	5160445	5161165	2	2	1	2	0	39
19	5161266	5161392	2	2	1	5	0	69
19	5161567	5161646	2	2	1	7	1	66
19	5161749	5161853	2	2	1	8	1	73
19	5161942	5162745	2	2	1	3	1	61
19	5162969	5163808	2	2	1	2	0	56
19	5163879	5163968	2	2	1	1	0	67
19	5164200	5167221	2	2	1	5	0	66
19	5167461	5168149	2	2	1	1	0	52
19	5167498	5168149	2	2	1	1	0	40
19	5202849	5203691	2	2	1	1	0	46
19	5203752	5205716	2	2	1	1	0	44
19	5205798	5205883	2	2	1	1	0	29
19	5205976	5206384	2	2	1	3	0	69
19	5206530	5209995	2	2	1	1	0	70
19	5324556	5324819	2	2	1	20	1	55
19	5325006	5325091	2	2	1	7	0	59
19	5325192	5329296	2	2	1	14	2	75
19	5329399	5329497	2	2	1	18	2	75
19	5329641	5329869	2	2	1	22	2	73
19	5329978	5333670	2	2	1	18	0	72
19	5333779	5333885	2	2	1	25	2	72
19	5333976	5334602	2	2	1	13	2	73
19	5334753	5336216	2	2	1	21	3	72
19	5336445	5336604	2	2	1	14	1	70
19	5336686	5336838	2	2	1	12	2	68
19	5336977	5337096	2	2	1	12	1	67
19	5337313	5337562	2	2	1	7	0	64
19	5337655	5337937	2	2	1	6	0	74
19	5338035	5338331	2	2	1	10	0	73
19	5338442	5341332	2	2	1	9	0	67
19	5341451	5343107	2	2	1	12	0	67
19	5343348	5344326	2	2	1	11	0	63
19	5344405	5345068	2	2	1	8	0	47
19	5345116	5345289	2	2	1	9	0	47
19	5398551	5399122	2	2	1	1	0	62
19	5410674	5449550	1	1	1	1	0	37
19	5415187	5415845	2	2	1	77	1	74
19	5415187	5416595	2	2	1	4	0	60
19	5415985	5416461	2	2	1	1	0	51
19	5415985	5416595	2	2	1	57	1	75
19	5417239	5418085	1	1	1	18	1	71
19	5418305	5418449	1	1	1	28	1	74
19	5418559	5418616	1	1	1	1	1	75
19	5418559	5418644	1	1	1	29	1	75
19	5418754	5418922	1	1	1	22	0	48
19	5418971	5419953	1	1	1	26	0	48
19	5430164	5430247	2	2	1	8	0	66
19	5430370	5430465	2	2	1	7	0	74
19	5430556	5431008	2	2	1	6	0	70
19	5431145	5431237	2	2	1	3	1	69
19	5431329	5431693	2	2	1	3	3	58
19	5431782	5431988	2	2	1	5	2	73
19	5432100	5432213	2	2	1	5	2	70
19	5432388	5432742	2	2	1	5	0	66
19	5432886	5432967	2	2	1	1	0	44
19	5433102	5433182	2	2	1	3	0	63
19	5433308	5433647	2	2	1	5	0	49
19	5433855	5433962	2	2	1	4	0	73
19	5434106	5434191	2	2	1	2	2	49
19	5434292	5434397	2	2	1	4	2	67
19	5434476	5434645	2	2	1	5	2	62
19	5434752	5434850	2	2	1	7	0	61
19	5434978	5435490	2	2	1	4	0	14
19	5435547	5435839	2	2	1	4	0	56
19	5435898	5438342	2	2	1	6	0	58
19	5457112	5465035	1	1	1	20	1	75
19	5457112	5465039	1	1	1	2	1	73
19	5457112	5465634	1	1	1	4	0	53
19	5465128	5465634	1	1	1	2	0	71
19	5465141	5465634	1	1	1	30	2	75
19	5465841	5467421	1	1	1	40	4	71
19	5473004	5473358	2	2	1	3	1	73
19	5473054	5473358	2	2	1	201	12	75
19	5473448	5473587	2	2	1	206	20	75
19	5473682	5473799	2	2	1	153	16	75
19	5473703	5473799	2	2	1	11	2	74
19	5473920	5474209	2	2	1	257	9	74
19	5474304	5474388	2	2	1	234	6	73
19	5474462	5474700	2	2	1	215	0	73
19	5475337	5475964	1	1	1	2	0	38
19	5475337	5475978	1	1	1	2	0	50
19	5507213	5507367	2	2	1	2	0	51
19	5510807	5510988	1	1	1	30	4	69
19	5511188	5511417	1	1	1	12	2	63
19	5511545	5512559	1	1	1	17	3	71
19	5512661	5513198	1	1	1	15	1	74
19	5513333	5513631	1	1	1	18	3	69
19	5513354	5513631	1	1	1	5	2	59
19	5513741	5513814	1	1	1	15	5	64
19	5513879	5514156	1	1	1	24	5	66
19	5514244	5514361	1	1	1	29	3	71
19	5514460	5514952	1	1	1	24	2	74
19	5515759	5515832	2	2	1	1	0	51
19	5515898	5516047	2	2	1	1	0	34
19	5516174	5516258	2	2	1	1	0	57
19	5524352	5525088	1	1	1	1	0	51
19	5527713	5527954	1	1	1	2	0	70
19	5528072	5528228	1	1	1	1	0	64
19	5528349	5530057	1	1	1	2	0	40
19	5530178	5530261	1	1	1	4	0	68
19	5530389	5530573	1	1	1	6	0	72
19	5530770	5531588	1	1	1	4	0	69
19	5533058	5533135	2	2	1	1	0	54
19	5533220	5533482	2	2	1	1	0	48
19	5533587	5533662	2	2	1	2	0	19
19	5533792	5533957	2	2	1	4	2	72
19	5534054	5534140	2	2	1	5	2	67
19	5534258	5534886	2	2	1	6	2	58
19	5534985	5535066	2	2	1	2	0	27
19	5535189	5535285	2	2	1	3	0	58
19	5535382	5535515	2	2	1	3	0	74
19	5535654	5536056	2	2	1	8	0	46
19	5536143	5536307	2	2	1	7	1	70
19	5536377	5536514	2	2	1	7	1	63
19	5536617	5537052	2	2	1	3	0	72
19	5537136	5537789	2	2	1	4	0	74
19	5537920	5538015	2	2	1	1	0	46
19	5540631	5542524	1	1	1	67	2	73
19	5541581	5542524	1	1	1	1	2	14
19	5542833	5543159	1	1	1	1	0	53
19	5542833	5543182	1	1	1	201	6	75
19	5543260	5543408	1	1	1	181	6	75
19	5545677	5545924	2	2	1	1	0	44
19	5546011	5546085	2	2	1	1	0	20
19	5546246	5546343	2	2	1	1	0	63
19	5547054	5547317	2	2	1	1	1	40
19	5547394	5547474	2	2	1	3	0	72
19	5547581	5547702	2	2	1	2	0	59
19	5548057	5548207	2	2	1	1	0	38
19	5548330	5548439	2	2	1	1	0	38
19	5548535	5548747	2	2	1	2	0	46
19	5562975	5567680	1	1	1	1	0	40
19	5567721	5581567	1	1	1	1	0	40
19	5601282	5601512	2	2	1	2	0	48
19	5601703	5603581	2	2	1	1	0	27
19	5603800	5608915	2	2	1	3	0	54
19	5603800	5610228	2	2	1	1	0	70
19	5652109	5652220	1	1	1	89	0	74
19	5652265	5652477	1	1	1	1	0	19
19	5652403	5652477	1	1	1	60	0	72
19	5652598	5652851	1	1	1	44	0	74
19	5652598	5655065	1	1	1	1	0	71
19	5653024	5655065	1	1	1	2	0	26
19	5653581	5653661	2	2	1	7	0	71
19	5653744	5653857	2	2	1	7	0	71
19	5654018	5655399	2	2	1	8	0	73
19	5655494	5655570	2	2	1	6	0	68
19	5655712	5657578	2	2	1	15	0	73
19	5657669	5657743	2	2	1	11	0	53
19	5657993	5658282	2	2	1	9	0	62
19	5658358	5658665	2	2	1	7	0	63
19	5658741	5658829	2	2	1	3	0	60
19	5658741	5659263	2	2	1	7	0	56
19	5658986	5659263	2	2	1	6	0	40
19	5659401	5659490	2	2	1	9	0	69
19	5659560	5659879	2	2	1	6	0	66
19	5659947	5660045	2	2	1	2	0	18
19	5688731	5688882	1	1	1	1	0	23
19	5689032	5689886	1	1	1	2	0	28
19	5689979	5690330	1	1	1	4	0	66
19	5690463	5691208	1	1	1	3	0	70
19	5691314	5691491	1	1	1	2	0	54
19	5691705	5695352	1	1	1	3	0	68
19	5695434	5695540	1	1	1	5	0	72
19	5695616	5696827	1	1	1	6	0	69
19	5701591	5701663	2	2	1	1	0	16
19	5701989	5702072	2	2	1	2	0	36
19	5702175	5702288	2	2	1	2	0	19
19	5702398	5702482	2	2	1	4	0	63
19	5702595	5702682	2	2	1	1	0	45
19	5704302	5704574	2	2	1	2	0	51
19	5705185	5705285	2	2	1	1	0	28
19	5711655	5712615	2	2	1	1	0	13
19	5715276	5715356	2	2	1	1	0	72
19	5715656	5715735	2	2	1	4	0	67
19	5715870	5716177	2	2	1	6	0	68
19	5716453	5716536	2	2	1	1	1	49
19	5717011	5717176	2	2	1	1	0	41
19	5717281	5717406	2	2	1	1	0	70
19	5717638	5721550	2	2	1	4	0	73
19	5721805	5722474	2	2	1	1	0	33
19	5722691	5722785	2	2	1	1	0	59
19	5722845	5723252	2	2	1	1	0	26
19	5723617	5724904	2	2	1	1	0	67
19	5725083	5725387	2	2	1	1	0	17
19	5725533	5727152	2	2	1	2	1	43
19	5727304	5727433	2	2	1	2	0	34
19	5727527	5727647	2	2	1	0	1	71
19	5729032	5729387	2	2	1	1	0	56
19	5729499	5729597	2	2	1	2	0	42
19	5729770	5729995	2	2	1	2	0	33
19	5730029	5730270	2	2	1	2	0	33
19	5731582	5733304	2	2	1	2	0	26
19	5733441	5733815	2	2	1	4	0	69
19	5733907	5734317	2	2	1	2	0	65
19	5734701	5735119	2	2	1	2	0	69
19	5738859	5739504	1	1	1	1	0	36
19	5739541	5739716	1	1	1	1	0	36
19	5741017	5745188	1	1	1	8	0	61
19	5745370	5745524	1	1	1	3	0	62
19	5745674	5745759	1	1	1	6	0	62
19	5745936	5746034	1	1	1	3	0	75
19	5746279	5746711	1	1	1	2	0	60
19	5746826	5747371	1	1	1	2	0	29
19	5747678	5750617	1	1	1	1	0	31
19	5750999	5752034	1	1	1	8	0	72
19	5760726	5760820	2	2	1	2	0	22
19	5760877	5760996	2	2	1	2	0	52
19	5761067	5765823	2	2	1	3	0	69
19	5766523	5766923	2	2	1	3	2	49
19	5766973	5767066	2	2	1	3	2	50
19	5767225	5770212	2	2	1	1	2	38
19	5770436	5770591	2	2	1	1	0	32
19	5770755	5770836	2	2	1	1	0	34
19	5771874	5771984	2	2	1	2	0	54
19	5772039	5772673	2	2	1	2	0	54
19	5772770	5772977	2	2	1	1	0	58
19	5773036	5775944	2	2	1	2	0	27
19	5778897	5779264	2	2	1	18	0	75
19	5778907	5779264	2	2	1	2	0	63
19	5780741	5781268	2	2	1	35	1	74
19	5781338	5781471	2	2	1	1	0	34
19	5781354	5781471	2	2	1	25	1	75
19	5781624	5781703	2	2	1	18	0	38
19	5797600	5797698	1	1	1	1	0	59
19	5797885	5798602	1	1	1	2	0	17
19	5798620	5798693	1	1	1	2	0	17
19	5798767	5798897	1	1	1	1	0	23
19	5801103	5801199	1	1	1	2	0	64
19	5801332	5801426	1	1	1	2	0	67
19	5801556	5801781	1	1	1	2	0	36
19	5801905	5802046	1	1	1	3	0	42
19	5804077	5805573	1	1	1	1	0	14
19	5805703	5805959	1	1	1	1	0	68
19	5806128	5806274	1	1	1	2	0	66
19	5806359	5806611	1	1	1	2	0	70
19	5806960	5807062	1	1	1	1	0	39
19	5806960	5807338	1	1	1	1	0	37
19	5807204	5807338	1	1	1	1	0	71
19	5807501	5807574	1	1	1	1	0	45
19	5807656	5807738	1	1	1	3	0	61
19	5807871	5807968	1	1	1	2	0	68
19	5808725	5808827	2	2	1	19	1	62
19	5808889	5808967	2	2	1	23	2	61
19	5809175	5809298	2	2	1	18	1	72
19	5809368	5809692	2	2	1	1	1	18
19	5809371	5809692	2	2	1	17	0	72
19	5809782	5810008	2	2	1	4	0	73
19	5809833	5810008	2	2	1	14	0	74
19	5810174	5810560	2	2	1	19	3	73
19	5810637	5810740	2	2	1	16	3	63
19	5810930	5811680	2	2	1	14	0	63
19	5811837	5814696	2	2	1	9	0	73
19	5814811	5815337	2	2	1	10	1	71
19	5815446	5816185	2	2	1	6	0	74
19	5816345	5819496	2	2	1	10	2	73
19	5819653	5819748	2	2	1	8	1	65
19	5819840	5820230	2	2	1	12	1	68
19	5820577	5820750	2	2	1	1	0	66
19	5820581	5820750	2	2	1	11	1	74
19	5820892	5821247	2	2	1	8	0	74
19	5894463	5894605	2	2	1	3	0	62
19	5894787	5894952	2	2	1	1	1	64
19	5895779	5901028	1	1	1	2	0	59
19	5898748	5901028	1	1	1	1	0	55
19	5902771	5906612	2	2	1	5	0	73
19	5906818	5912278	2	2	1	2	0	48
19	5910542	5912278	2	2	1	0	1	72
19	5912423	5913251	2	2	1	1	1	61
19	5913376	5915096	2	2	1	6	0	57
19	5915322	5919464	2	2	1	5	0	65
19	5919632	5919763	2	2	1	3	0	59
19	5919823	5920038	2	2	1	4	0	59
19	5920141	5923196	2	2	1	8	0	63
19	5923365	5924737	2	2	1	6	0	72
19	5928720	5929813	1	1	1	1	0	49
19	5928720	5929876	1	1	1	13	0	44
19	5929921	5930112	1	1	1	15	0	44
19	5930185	5930467	1	1	1	18	0	63
19	5930189	5930467	1	1	1	3	0	67
19	5930654	5934372	1	1	1	15	0	62
19	5934632	5934750	1	1	1	11	0	64
19	5948660	5951244	2	2	1	6	0	67
19	5951327	5952131	2	2	1	3	1	72
19	5952245	5952390	2	2	1	2	1	52
19	5952520	5952658	2	2	1	6	0	58
19	5952797	5954267	2	2	1	5	1	70
19	5954347	5954481	2	2	1	8	1	58
19	5954575	5955416	2	2	1	4	0	59
19	5955581	5956551	2	2	1	7	1	70
19	5956660	5957028	2	2	1	6	0	75
19	5957190	5962768	2	2	1	4	0	50
19	5963101	5964564	1	1	1	23	0	72
19	5969022	5974791	2	2	1	1	0	31
19	5991046	5992023	2	2	1	2	1	46
19	5992151	5992377	2	2	1	4	0	55
19	5992438	5993250	2	2	1	2	0	60
19	5996572	5997731	2	2	1	2	0	39
19	5997771	5998429	2	2	1	2	0	39
19	5998555	6000473	2	2	1	1	0	40
19	6000517	6001169	2	2	1	1	0	38
19	6001233	6001658	2	2	1	1	0	49
19	6003913	6006035	2	2	1	2	0	56
19	6006143	6008845	2	2	1	3	0	58
19	6008904	6009060	2	2	1	3	0	58
19	6009153	6011118	2	2	1	1	0	59
19	6039418	6040021	2	2	1	5	0	59
19	6040081	6040367	2	2	1	10	0	59
19	6040485	6041568	2	2	1	6	0	69
19	6041648	6041885	2	2	1	3	0	60
19	6041955	6042379	2	2	1	4	0	54
19	6042445	6043903	2	2	1	5	0	58
19	6043962	6044050	2	2	1	5	0	58
19	6044117	6044589	2	2	1	2	0	22
19	6044630	6044708	2	2	1	3	0	40
19	6044918	6046808	2	2	1	4	0	12
19	6046821	6047720	2	2	1	4	0	12
19	6047897	6057281	2	2	1	3	0	73
19	6057443	6057529	2	2	1	2	0	69
19	6057605	6058705	2	2	1	2	0	29
19	6058792	6059116	2	2	1	4	0	67
19	6059201	6061044	2	2	1	4	0	72
19	6061214	6061326	2	2	1	6	0	70
19	6061461	6063618	2	2	1	6	0	62
19	6063738	6064025	2	2	1	5	0	57
19	6064096	6064230	2	2	1	4	0	69
19	6064298	6065135	2	2	1	1	0	67
19	6064499	6065135	2	2	1	2	0	51
19	6097159	6098484	1	1	1	1	0	66
19	6098096	6098304	1	1	1	2	0	56
19	6098398	6098484	1	1	1	2	0	19
19	6098638	6098724	1	1	1	4	0	49
19	6098774	6099179	1	1	1	4	0	49
19	6099284	6099800	1	1	1	3	0	60
19	6099928	6100021	1	1	1	3	0	75
19	6100266	6100354	1	1	1	3	0	68
19	6100472	6100551	1	1	1	4	1	65
19	6100716	6100970	1	1	1	3	0	51
19	6101100	6101184	1	1	1	0	1	26
19	6101341	6101422	1	1	1	1	0	27
19	6102510	6102577	1	1	1	2	0	68
19	6105013	6105105	2	2	1	47	1	75
19	6105231	6106958	2	2	1	39	1	73
19	6107110	6107688	2	2	1	25	1	74
19	6108032	6108272	1	1	1	25	5	75
19	6108032	6108275	1	1	1	13	24	68
19	6108356	6108457	1	1	1	135	30	74
19	6108360	6108457	1	1	1	0	2	64
19	6108603	6109173	1	1	1	145	28	60
19	6109230	6109378	1	1	1	105	23	57
19	6113104	6113353	2	2	1	12	1	65
19	6113477	6113556	2	2	1	9	2	74
19	6113638	6113851	2	2	1	8	2	72
19	6114021	6114108	2	2	1	12	3	72
19	6114229	6116267	2	2	1	1	1	31
19	6114229	6116340	2	2	1	10	2	75
19	6116445	6116528	2	2	1	8	1	70
19	6116445	6116997	2	2	1	1	0	55
19	6116594	6116997	2	2	1	1	0	62
19	6116724	6116997	2	2	1	7	0	44
19	6117053	6117152	2	2	1	13	0	55
19	6117350	6117698	2	2	1	9	0	66
19	6117350	6117807	2	2	1	1	0	58
19	6118406	6118884	2	2	1	7	2	66
19	6118973	6119055	2	2	1	7	2	61
19	6119178	6119494	2	2	1	3	2	55
19	6119714	6119887	2	2	1	6	1	65
19	6120104	6120468	2	2	1	4	0	67
19	6121187	6121295	2	2	1	2	0	64
19	6121739	6126392	2	2	1	2	0	35
19	6126523	6126980	2	2	1	18	0	69
19	6131245	6131876	2	2	1	7	0	56
19	6131995	6132210	2	2	1	10	0	72
19	6132358	6132428	2	2	1	5	0	73
19	6132502	6132614	2	2	1	7	0	71
19	6132809	6133978	2	2	1	13	0	74
19	6134091	6134381	2	2	1	20	0	71
19	6134492	6134824	2	2	1	3	0	64
19	6134492	6134893	2	2	1	3	0	73
19	6166618	6167826	2	2	1	6	0	52
19	6169985	6170515	2	2	1	6	0	68
19	6170774	6171408	2	2	1	8	1	75
19	6171553	6171812	2	2	1	13	0	63
19	6171961	6172069	2	2	1	9	1	72
19	6172186	6173859	2	2	1	4	1	71
19	6173981	6174182	2	2	1	4	1	36
19	6174219	6178078	2	2	1	4	0	36
19	6184832	6186008	2	2	1	45	2	72
19	6186090	6187507	2	2	1	52	2	73
19	6187671	6187759	2	2	1	56	1	75
19	6187871	6191066	2	2	1	39	0	73
19	6245811	6256247	1	1	1	1	0	53
19	6278562	6278971	2	2	1	9	0	61
19	6279074	6279251	2	2	1	8	0	70
19	6279380	6280185	2	2	1	7	0	60
19	6280306	6280415	2	2	1	6	0	51
19	6280467	6280531	2	2	1	5	0	51
19	6280586	6280936	2	2	1	5	0	54
19	6281046	6281145	2	2	1	8	0	60
19	6281206	6282299	2	2	1	8	0	60
19	6282431	6282557	2	2	1	7	0	65
19	6282651	6282796	2	2	1	4	0	60
19	6282899	6283806	2	2	1	7	0	71
19	6284004	6284662	2	2	1	5	0	64
19	6285130	6285541	2	2	1	3	0	74
19	6294620	6294716	1	1	1	1	0	17
19	6295724	6296333	1	1	1	2	0	39
19	6296431	6296517	1	1	1	2	0	20
19	6296923	6297668	1	1	1	1	0	29
19	6298320	6299801	1	1	1	2	0	58
19	6299958	6300053	1	1	1	1	0	62
19	6300540	6300625	1	1	1	1	0	53
19	6301634	6301735	1	1	1	1	0	41
19	6301894	6302456	1	1	1	1	0	36
19	6302608	6302719	1	1	1	1	0	64
19	6304460	6304619	1	1	1	3	0	56
19	6304697	6305130	1	1	1	3	0	43
19	6305296	6305438	1	1	1	2	0	37
19	6305858	6306197	1	1	1	2	0	27
19	6306407	6306581	1	1	1	2	0	53
19	6306718	6307468	1	1	1	2	0	46
19	6307673	6307806	1	1	1	1	0	35
19	6307909	6307992	1	1	1	2	0	49
19	6308075	6308163	1	1	1	6	0	68
19	6308297	6308390	1	1	1	3	0	49
19	6308464	6308580	1	1	1	4	0	71
19	6311555	6311630	1	1	1	4	0	53
19	6327409	6331247	1	1	1	13	2	73
19	6331346	6344243	1	1	1	11	2	70
19	6344657	6347562	1	1	1	31	3	75
19	6347728	6348103	1	1	1	30	3	72
19	6356906	6359155	1	1	1	1	0	37
19	6359248	6359328	1	1	1	2	0	57
19	6360397	6360824	1	1	1	1	0	16
19	6360919	6361051	1	1	1	3	0	72
19	6361253	6361351	1	1	1	9	0	61
19	6361601	6362147	1	1	1	9	0	71
19	6362228	6363248	1	1	1	4	1	71
19	6363347	6363444	1	1	1	7	1	71
19	6363526	6363718	1	1	1	6	1	56
19	6363826	6363920	1	1	1	8	1	74
19	6364101	6364314	1	1	1	4	1	61
19	6364396	6364525	1	1	1	4	2	50
19	6364648	6364734	1	1	1	5	2	68
19	6364811	6365019	1	1	1	3	1	48
19	6365127	6365201	1	1	1	2	1	65
19	6365317	6365668	1	1	1	3	0	41
19	6365818	6365893	1	1	1	7	0	57
19	6365983	6366228	1	1	1	3	0	34
19	6366282	6366370	1	1	1	7	0	53
19	6366470	6366548	1	1	1	8	0	55
19	6366609	6366858	1	1	1	7	0	52
19	6366965	6367190	1	1	1	6	1	41
19	6367325	6367404	1	1	1	4	1	67
19	6367545	6367633	1	1	1	5	3	70
19	6367716	6368387	1	1	1	5	2	72
19	6368605	6370108	1	1	1	3	0	63
19	6370172	6370272	1	1	1	3	1	37
19	6370873	6371686	1	1	1	5	1	67
19	6371785	6371856	1	1	1	5	1	63
19	6371942	6372056	1	1	1	6	1	73
19	6372178	6372283	1	1	1	10	1	73
19	6372402	6372584	1	1	1	8	0	54
19	6372709	6372822	1	1	1	7	0	53
19	6372709	6372825	1	1	1	3	0	70
19	6372912	6374546	1	1	1	9	0	71
19	6385101	6385474	1	1	1	1	0	32
19	6385936	6386754	1	1	1	3	2	68
19	6386964	6387182	1	1	1	4	0	50
19	6387312	6387508	1	1	1	5	0	41
19	6387550	6387630	1	1	1	6	0	41
19	6387719	6388312	1	1	1	7	0	75
19	6388450	6388855	1	1	1	3	0	38
19	6388992	6389368	1	1	1	2	0	54
19	6388992	6389716	1	1	1	1	1	71
19	6389534	6389716	1	1	1	1	1	67
19	6391376	6391488	1	1	1	3	0	58
19	6391547	6391773	1	1	1	3	0	27
19	6391547	6391932	1	1	1	1	0	14
19	6391865	6391932	1	1	1	2	0	65
19	6391998	6392284	1	1	1	3	0	56
19	6392341	6392639	1	1	1	3	0	23
19	6392688	6392773	1	1	1	3	0	43
19	6392817	6393133	1	1	1	4	0	43
19	6393207	6393284	1	1	1	3	0	54
19	6393417	6393490	1	1	1	2	0	60
19	6393914	6394001	1	1	1	2	0	44
19	6394110	6394436	1	1	1	3	1	44
19	6394516	6394619	1	1	1	3	1	59
19	6394679	6395348	1	1	1	4	1	44
19	6395393	6395473	1	1	1	4	1	39
19	6395513	6395606	1	1	1	4	1	34
19	6395641	6395757	1	1	1	3	1	34
19	6395867	6395945	1	1	1	3	0	48
19	6396035	6396113	1	1	1	3	0	36
19	6396156	6396238	1	1	1	1	0	42
19	6396324	6396417	1	1	1	1	0	24
19	6396498	6396574	1	1	1	2	1	61
19	6396636	6396721	1	1	1	2	1	61
19	6396840	6401209	1	1	1	2	1	59
19	6401269	6401344	1	1	1	2	0	44
19	6401449	6401526	1	1	1	2	0	52
19	6401705	6402613	1	1	1	2	0	69
19	6402683	6402804	1	1	1	1	0	55
19	6403221	6403307	1	1	1	3	0	13
19	6403364	6403469	1	1	1	4	0	56
19	6404558	6405797	2	2	1	1	0	23
19	6405871	6410689	2	2	1	2	0	54
19	6414149	6415693	1	1	1	7	0	59
19	6415823	6418393	1	1	1	5	0	73
19	6418470	6421296	1	1	1	6	1	63
19	6421450	6421647	1	1	1	10	1	74
19	6421738	6422054	1	1	1	10	1	71
19	6422239	6422330	1	1	1	11	0	63
19	6422447	6422547	1	1	1	10	1	74
19	6422656	6423602	1	1	1	7	1	72
19	6423784	6424039	1	1	1	9	0	70
19	6423784	6424060	1	1	1	3	0	22
19	6424314	6424578	1	1	1	13	2	62
19	6424318	6424578	1	1	1	2	0	50
19	6424639	6424748	1	1	1	10	2	61
19	6424639	6424849	1	1	1	1	0	28
19	6424929	6425687	1	1	1	3	0	45
19	6424929	6426325	1	1	1	9	1	56
19	6436536	6438092	1	1	1	3	0	23
19	6438205	6438296	1	1	1	3	0	74
19	6438911	6439189	1	1	1	1	0	51
19	6439283	6439485	1	1	1	1	0	14
19	6442768	6442877	1	1	1	1	0	50
19	6443020	6443745	1	1	1	1	0	46
19	6451894	6452501	1	1	1	2	0	68
19	6452605	6453053	1	5	1	3	0	52
19	6453117	6453461	1	1	1	2	0	56
19	6454481	6454683	1	1	1	1	0	51
19	6455085	6457070	1	1	1	2	0	71
19	6463257	6463457	1	1	1	2	0	37
19	6463495	6463894	1	1	1	2	0	37
19	6464072	6464821	1	1	1	1	0	66
19	6581294	6581774	2	2	1	2	0	15
19	6581294	6581878	2	2	1	2	0	71
19	6582040	6582172	2	2	1	1	0	63
19	6586223	6586766	2	2	1	660	42	74
19	6586971	6587072	2	2	1	1	9	63
19	6586971	6587146	2	2	1	596	91	75
19	6586971	6587667	2	2	1	1	13	57
19	6586971	6587725	2	2	1	3	45	69
19	6587192	6587699	1	1	1	1	0	46
19	6587256	6587645	2	2	1	3	20	66
19	6587256	6587667	2	2	1	1002	69	75
19	6587256	6587725	2	2	1	12	29	75
19	6587836	6588446	2	2	1	1	2	19
19	6587883	6588446	2	2	1	1118	61	75
19	6588563	6588705	2	2	1	722	87	75
19	6588830	6589432	2	2	1	1	25	65
19	6588830	6590358	2	2	1	715	70	75
19	6588830	6590604	2	2	1	1	0	53
19	6588830	6591089	2	2	1	27	8	75
19	6588830	6592171	2	2	1	0	3	24
19	6590528	6590604	2	2	1	717	38	75
19	6590528	6590631	2	2	1	2	0	39
19	6590736	6592370	1	1	1	1	0	51
19	6590760	6591089	2	2	1	764	36	75
19	6591194	6591542	2	2	1	21	1	69
19	6591194	6592171	2	2	1	13	5	69
19	6591194	6592380	2	2	1	823	25	75
19	6593373	6593618	1	1	1	1	0	35
19	6593373	6593858	1	1	1	1	0	60
19	6593373	6594723	1	1	1	4	0	71
19	6593930	6594723	1	1	1	3	0	53
19	6593930	6621880	1	1	1	1	0	42
19	6622031	6627302	1	1	1	2	0	75
19	6807508	6807682	2	2	1	8	0	54
19	6807847	6807954	2	2	1	4	1	46
19	6808115	6808358	2	2	1	3	1	57
19	6808554	6808641	2	2	1	3	0	45
19	6808816	6809135	2	2	1	5	0	68
19	6809230	6809318	2	2	1	1	0	47
19	6809432	6809623	2	2	1	1	0	63
19	6809453	6809623	2	2	1	3	0	64
19	6809753	6812468	2	2	1	3	0	72
19	6812634	6814694	2	2	1	1	0	41
19	6814846	6814947	2	2	1	3	0	54
19	6815052	6815123	2	2	1	4	0	48
19	6815205	6815422	2	2	1	4	0	52
19	6815531	6816619	2	2	1	4	0	73
19	6816736	6816827	2	2	1	7	0	69
19	6817047	6817701	2	2	1	9	0	72
19	6817047	6817747	2	2	1	1	0	72
19	6817370	6817701	2	2	1	1	0	62
19	6817774	6817860	2	2	1	7	0	64
19	6827193	6827269	2	2	1	1	0	58
19	6827742	6827812	2	2	1	1	0	30
19	6884320	6884433	2	2	1	4172	426	69
19	6884496	6884609	2	2	1	4638	433	62
19	6884649	6884909	2	2	1	4271	444	64
19	6884649	6886826	2	2	1	3	60	39
19	6885042	6885349	2	2	1	3561	247	75
19	6885042	6886826	2	2	1	5	80	66
19	6885485	6886089	2	2	1	7	0	69
19	6885485	6886826	2	2	1	2285	47	75
19	6887631	6887730	1	1	1	27	2	75
19	6887833	6887951	1	1	1	13	2	73
19	6888042	6888119	1	1	1	20	2	75
19	6889379	6889722	2	2	1	95	1	74
19	6889993	6890083	2	2	1	91	10	68
19	6890252	6891187	2	2	1	103	7	74
19	6891317	6891446	2	2	1	98	6	74
19	6891317	6891465	2	2	1	2	1	22
19	6891564	6896468	2	2	1	0	1	32
19	6891564	6897430	2	2	1	94	9	74
19	6891661	6897430	2	2	1	1	0	71
19	6891661	6898989	2	2	1	1	0	71
19	6897768	6898989	2	2	1	67	5	75
19	6900029	6900668	2	2	1	1	0	67
19	6900736	6900890	2	2	1	1	0	14
19	6915898	6916123	2	2	1	10	2	72
19	6915898	6916379	2	2	1	1	0	27
19	6916243	6916379	2	2	1	12	2	72
19	6916505	6916628	2	2	1	2	0	53
19	6916509	6916628	2	2	1	9	0	68
19	6916779	6916896	2	2	1	6	1	66
19	6916779	6917719	2	2	1	5	0	73
19	6917123	6917719	2	2	1	1	0	21
19	6917770	6918459	2	2	1	2	0	47
19	6917851	6918459	2	2	1	4	0	65
19	6919809	6920234	1	1	1	20	3	71
19	6919993	6920234	1	1	1	11	1	51
19	6920415	6928007	1	1	1	35	3	68
19	6920415	6928766	1	1	1	1	2	51
19	6928199	6928766	1	1	1	62	3	75
19	6931668	6931748	2	2	1	8	0	69
19	6931836	6932072	2	2	1	9	0	49
19	6932131	6932208	2	2	1	11	0	58
19	6932299	6932391	2	2	1	11	0	73
19	6932469	6932574	2	2	1	8	0	53
19	6932726	6933081	2	2	1	3	0	60
19	6933275	6933390	2	2	1	3	0	36
19	6933427	6933514	2	2	1	3	0	36
19	6933669	6934994	2	2	1	3	0	74
19	6935087	6935265	2	2	1	2	0	27
19	6935554	6936163	2	2	1	2	0	42
19	6936326	6936418	2	2	1	3	0	61
19	6936574	6937155	2	2	1	2	0	61
19	6937281	6937500	2	2	1	4	0	54
19	6937586	6937659	2	2	1	1	0	17
19	6937757	6939242	2	2	1	2	0	36
19	6940248	6940329	2	2	1	3	0	71
19	6940415	6940581	2	2	1	1	0	64
19	6940823	6941740	2	2	1	2	0	54
19	6941888	6941964	2	2	1	2	0	39
19	6943108	6943188	2	2	1	1	0	64
19	6943652	6943753	2	2	1	1	0	44
19	6944078	6946914	2	2	1	1	0	63
19	6946329	6946914	2	2	1	1	0	71
19	6946805	6946885	1	1	1	1	0	71
19	6952875	6953911	1	1	1	16	0	71
19	6952986	6953911	1	1	1	4	0	68
19	6953996	6954225	1	1	1	4	1	24
19	6954259	6954349	1	1	1	13	1	35
19	6955303	6955378	2	2	1	135	8	36
19	6955415	6955757	2	2	1	168	12	47
19	6955805	6955925	2	2	1	211	17	48
19	6956033	6956340	2	2	1	1	0	31
19	6956039	6956340	2	2	1	176	9	75
19	6956510	6957761	2	2	1	46	5	64
19	6956546	6957761	2	2	1	13	0	68
19	6956577	6957378	2	2	1	1	0	37
19	6960236	6962728	2	2	1	36	4	71
19	6962864	6963172	2	2	1	32	4	36
19	6962965	6963172	2	2	1	7	2	36
19	6963209	6963388	2	2	1	37	5	37
19	6963209	6963657	2	2	1	1	0	36
19	6963463	6963657	2	2	1	33	3	74
19	6963855	6964141	2	2	1	23	3	46
19	6964185	6964581	2	2	1	1	1	31
19	6964185	6964719	2	2	1	23	2	43
19	6965477	6965556	2	2	1	27	1	68
19	6965640	6966790	2	2	1	5	0	65
19	6965644	6966790	2	2	1	27	1	74
19	6966953	6967048	2	2	1	5	1	61
19	6966956	6967048	2	2	1	32	0	72
19	6967234	6968085	2	2	1	45	1	75
19	6968180	6969526	2	2	1	40	0	72
19	6968180	6969916	2	2	1	2	0	18
19	6969641	6969916	2	2	1	14	0	26
19	6970571	6970800	2	2	1	10	0	68
19	6970895	6971029	2	2	1	11	3	57
19	6970895	6972038	2	2	1	1	0	53
19	6971128	6972038	2	2	1	11	3	73
19	6972138	6972609	2	2	1	12	3	62
19	6973104	6973375	2	2	1	6	2	55
19	6973893	6974063	1	1	1	7	2	70
19	6974146	6975300	1	1	1	1	0	31
19	6974146	6975559	1	1	1	3	0	45
19	6975471	6975559	1	1	1	3	0	67
19	6975735	6975876	1	1	1	8	4	57
19	6975934	6976025	1	1	1	8	1	45
19	6975934	6976073	1	1	1	2	0	42
19	6976137	6976259	1	1	1	7	1	53
19	6976654	6976792	1	1	1	2	0	71
19	6976889	6977006	2	2	1	2	0	29
19	6976895	6977022	1	1	1	1	0	57
19	6976895	6977052	1	1	1	1	0	20
19	6979250	6979580	2	2	1	2	0	64
19	6979821	6979937	2	2	1	1	0	33
19	6980944	6991215	2	2	1	1	0	38
19	6991319	6991427	2	2	1	1	0	34
19	6998540	6999017	2	2	1	34	1	71
19	6999191	6999394	2	2	1	31	3	74
19	6999499	6999639	2	2	1	20	1	37
19	6999677	7002682	2	2	1	22	2	37
19	7002808	7003659	2	2	1	26	2	72
19	7003757	7005995	2	2	1	19	2	75
19	7006117	7006269	2	2	1	18	0	68
19	7006373	7006475	2	2	1	22	1	75
19	7006603	7009848	2	2	1	17	2	75
19	7010018	7011530	2	2	1	19	0	74
19	7011673	7012014	2	2	1	12	1	71
19	7012157	7012863	2	2	1	22	0	65
19	7013074	7017247	2	2	1	13	0	73
19	7034551	7042832	1	1	1	12	0	73
19	7038990	7039100	1	1	1	1	0	59
19	7042935	7043454	1	1	1	14	1	72
19	7043572	7162940	1	1	1	15	1	30
19	7074595	7082451	2	2	1	1	0	34
19	7159443	7162940	1	1	1	1	0	30
19	7160363	7162940	1	1	1	1	0	30
19	7161160	7162940	1	1	1	3	0	30
19	7162971	7173778	1	1	1	24	1	30
19	7163383	7173778	1	1	1	1	0	54
19	7163541	7173778	1	1	1	1	0	71
19	7169465	7173778	1	1	1	4	0	72
19	7173896	7174153	1	1	1	36	4	72
19	7174276	7174369	1	1	1	38	3	31
19	7174401	7174515	1	1	1	36	5	31
19	7174590	7174896	1	1	1	44	4	72
19	7174975	7175066	1	1	1	2	0	35
19	7174979	7175066	1	1	1	22	0	35
19	7174979	7175277	1	1	1	5	1	67
19	7175102	7175277	1	1	1	21	0	35
19	7176605	7176736	2	2	1	104	1	72
19	7176682	7176736	2	2	1	1	0	27
19	7176911	7177027	2	2	1	1	0	71
19	7176932	7177027	2	2	1	71	2	73
19	7177113	7177307	2	2	1	49	4	75
19	7177427	7181422	2	2	1	61	4	73
19	7181522	7181754	2	2	1	63	2	62
19	7181817	7183566	2	2	1	53	2	62
19	7192850	7194763	2	2	1	1911	48	75
19	7205457	7205716	2	2	1	4	0	74
19	7205795	7207086	2	2	1	4	0	70
19	7207171	7207312	2	2	1	2	0	66
19	7207472	7207552	2	2	1	3	0	39
19	7207649	7211468	2	2	1	4	0	38
19	7211241	7211468	2	2	1	1	0	53
19	7211522	7212427	2	2	1	4	0	53
19	7212524	7218302	2	2	1	4	0	60
19	7254816	7255406	2	2	1	16	0	45
19	7255452	7256475	2	2	1	2	0	45
19	7255452	7258362	2	2	1	12	0	45
19	7256644	7257350	2	2	1	1	0	29
19	7258621	7260090	2	2	1	2	1	49
19	7259325	7260090	2	2	1	5	0	68
19	7260189	7260397	2	2	1	7	0	60
19	7260571	7260800	2	2	1	7	0	69
19	7260934	7261829	2	2	1	2	0	63
19	7261943	7262024	2	2	1	4	0	69
19	7262125	7262233	2	2	1	3	0	67
19	7262354	7263096	2	2	1	3	0	61
19	7263334	7263933	2	2	1	5	0	57
19	7263991	7264198	2	2	1	2	0	31
19	7264270	7264365	2	2	1	1	0	59
19	7264432	7264694	2	2	1	1	0	25
19	7264744	7267680	2	2	1	2	0	44
19	7267735	7267967	2	2	1	2	0	54
19	7335853	7351021	2	2	1	4	0	71
19	7351220	7351386	2	2	1	6	0	70
19	7351513	7351660	2	2	1	7	0	65
19	7351811	7351885	2	2	1	5	1	63
19	7352036	7360036	2	2	1	1	0	47
19	7352216	7360036	2	2	1	4	0	71
19	7395283	7397431	1	1	1	1	0	23
19	7397927	7398619	1	1	1	1	0	27
19	7405241	7407115	2	2	1	118	2	60
19	7407169	7408350	2	2	1	1	1	47
19	7407175	7408350	2	2	1	107	3	47
19	7408398	7409330	2	2	1	100	2	47
19	7409401	7409816	2	2	1	106	2	70
19	7409956	7412295	2	2	1	105	4	75
19	7412504	7460303	2	2	1	86	1	74
19	7445233	7460303	2	2	1	2	0	57
19	7470413	7471171	2	2	1	2	1	46
19	7470413	7491534	2	2	1	0	1	28
19	7470413	7493157	2	2	1	0	1	28
19	7472027	7486712	1	1	1	5	0	50
19	7486928	7487347	1	1	1	11	0	73
19	7486928	7487350	1	1	1	1	0	65
19	7487492	7494242	1	1	1	5	0	65
19	7494348	7495910	1	1	1	4	0	51
19	7495962	7498151	1	1	1	7	0	51
19	7498209	7498474	1	1	1	8	0	57
19	7498568	7499433	1	1	1	7	0	54
19	7499573	7506306	1	1	1	3	0	32
19	7506435	7506972	1	1	1	8	0	57
19	7507030	7507884	1	1	1	6	0	57
19	7507957	7509380	1	1	1	4	0	63
19	7509813	7511314	1	1	1	8	1	70
19	7534930	7535296	1	1	1	18	1	64
19	7535168	7535296	1	1	1	0	1	64
19	7535361	7552301	1	1	1	27	2	66
19	7552405	7556318	1	1	1	46	0	75
19	7556588	7562929	1	1	1	56	1	73
19	7650709	7651607	2	2	1	60	3	75
19	7650709	7660123	2	2	1	3	0	68
19	7651812	7659219	2	2	1	53	9	75
19	7651812	7660123	2	2	1	1	3	30
19	7659329	7660123	2	2	1	45	6	69
19	7660263	7661107	2	2	1	1	0	44
19	7660339	7661102	2	2	1	41	3	74
19	7661219	7668427	2	2	1	44	5	74
19	7668552	7670022	2	2	1	40	5	73
19	7670192	7671050	2	2	1	36	0	74
19	7671206	7686997	2	2	1	33	2	70
19	7687102	7688156	2	2	1	35	2	73
19	7759536	7760146	2	2	1	8	0	71
19	7760343	7763746	2	2	1	2	1	65
19	7760351	7761576	2	2	1	0	2	15
19	7760351	7762544	2	2	1	5	0	75
19	7760351	7782700	2	2	1	0	2	15
19	7761670	7762544	2	2	1	1	0	50
19	7762654	7763746	2	2	1	7	0	67
19	7763962	7765576	2	2	1	8	5	72
19	7765693	7767450	2	2	1	6	7	75
19	7765693	7806724	2	2	1	0	5	75
19	7765693	7874122	2	2	1	0	3	12
19	7767575	7768126	2	2	1	5	0	70
19	7767578	7768126	2	2	1	1	0	37
19	7768296	7768394	2	2	1	4	3	72
19	7768296	7807662	2	2	1	0	2	19
19	7768296	8364013	2	2	1	0	4	19
19	7768550	7773516	2	2	1	4	1	50
19	7773621	7779412	2	2	1	4	1	73
19	7807564	7831368	2	2	1	0	1	20
19	7807564	8364013	2	2	1	0	4	19
19	7831280	7831368	2	2	1	0	2	20
19	7831280	8364013	2	2	1	0	8	30
19	7831524	8107559	2	2	1	0	12	73
19	7831524	8378168	2	2	1	0	37	73
19	7844357	8321871	2	2	1	0	6	31
19	7887227	8364013	2	2	1	0	4	19
19	8009103	8010491	1	1	1	1	0	56
19	8039774	8040651	2	2	1	110	18	73
19	8039774	8048360	2	2	1	4	3	70
19	8039774	8138865	2	2	1	0	14	18
19	8040848	8041811	2	2	1	2	5	47
19	8040856	8041811	2	2	1	133	20	75
19	8041921	8048158	2	2	1	2	0	71
19	8041921	8048360	2	2	1	107	21	73
19	8048429	8049177	2	2	1	1	11	12
19	8048576	8048838	2	2	1	1	0	42
19	8048576	8049177	2	2	1	66	66	74
19	8049294	8052446	2	2	1	2	2	31
19	8049294	8078733	2	2	1	53	87	75
19	8049294	8347444	2	2	1	0	105	75
19	8049316	8052446	2	2	1	1	0	56
19	8052561	8078733	2	2	1	2	2	71
19	8078858	8093910	2	2	1	1	0	41
19	8078858	8094100	2	2	1	81	8	75
19	8078858	8094358	2	2	1	0	2	73
19	8078858	8107559	2	2	1	2	9	73
19	8078858	8378168	2	2	1	0	4	32
19	8093218	8093910	2	2	1	2	0	41
19	8093969	8094100	2	2	1	3	0	58
19	8094270	8094358	2	2	1	101	17	75
19	8094514	8107559	2	2	1	71	51	73
19	8094514	8378168	2	2	1	0	18	51
19	8103576	8107559	2	2	1	5	5	59
19	8107664	8108738	2	2	1	63	95	73
19	8107664	8195635	2	2	1	0	45	73
19	8109056	8109235	2	2	1	0	1	60
19	8112401	8115925	1	1	1	1	0	20
19	8137979	8138865	2	2	1	2	0	55
19	8138996	8140012	2	2	1	2	0	26
19	8138996	8146518	2	2	1	1	0	62
19	8139070	8140012	2	2	1	1	0	49
19	8140122	8146518	2	2	1	4	0	69
19	8140122	8321871	2	2	1	0	15	31
19	8146734	8147293	2	2	1	4	0	72
19	8147410	8170764	2	2	1	4	0	61
19	8170886	8184369	2	2	1	2	1	61
19	8184539	8184627	2	2	1	1	1	44
19	8184539	8364013	2	2	1	0	17	30
19	8184783	8195635	2	2	1	1	0	52
19	8184783	8378168	2	2	1	0	40	73
19	8195232	8195635	2	2	1	1	0	72
19	8313186	8314086	2	2	1	124	4	74
19	8313186	8315234	2	2	1	1	0	27
19	8313186	8321871	2	2	1	2	0	55
19	8314217	8315234	2	2	1	1	0	67
19	8314217	8321871	2	2	1	3	0	37
19	8314283	8315234	2	2	1	1	5	42
19	8314283	8315286	2	2	1	0	2	58
19	8314283	8321871	2	2	1	1	2	58
19	8314291	8315234	2	2	1	109	13	75
19	8314291	8321871	2	2	1	2	7	54
19	8315344	8317212	2	2	1	5	2	74
19	8315344	8320285	2	2	1	2	2	51
19	8315344	8321871	2	2	1	72	23	73
19	8321778	8321871	2	2	1	9	2	67
19	8322087	8322350	2	2	1	0	2	54
19	8322087	8322684	2	2	1	120	25	74
19	8322454	8322684	2	2	1	1	2	57
19	8322801	8326316	2	2	1	0	2	31
19	8322801	8347444	2	2	1	123	52	75
19	8326431	8347444	2	2	1	0	2	71
19	8347569	8363565	2	2	1	2	3	59
19	8347569	8363755	2	2	1	96	26	74
19	8347569	8378168	2	2	1	0	1	1
19	8363624	8363755	2	2	1	2	2	35
19	8363925	8364013	2	2	1	70	30	75
19	8364169	8378168	2	2	1	49	54	75
19	8378273	8381867	2	2	1	58	73	74
19	8382185	8382364	2	2	1	0	1	60
19	8456540	8468544	2	2	1	1	0	44
19	8469348	8474084	2	2	1	1	0	65
19	8533864	8534591	2	2	1	1	0	63
19	8570657	8571246	1	1	1	13	2	67
19	8570657	8586491	1	1	1	1	0	64
19	8571604	8582153	1	1	1	30	5	75
19	8582258	8582757	1	1	1	37	5	75
19	8582913	8583388	1	1	1	46	3	74
19	8583558	8585213	1	1	1	45	2	74
19	8583558	8585265	1	1	1	1	0	72
19	8585338	8585521	1	1	1	54	5	75
19	8585638	8586491	1	1	1	50	3	74
19	8586707	8586847	1	1	1	1	0	18
19	8586707	8587024	1	1	1	65	4	73
19	8587134	8587266	1	1	1	60	8	74
19	8587134	8587401	1	1	1	1	1	24
19	8587134	8587556	1	1	1	1	4	63
19	8587471	8587556	1	1	1	71	5	75
19	8589905	8590616	2	2	1	1	0	58
19	8590775	8592047	2	2	1	2	0	64
19	8592211	8596221	2	2	1	1	0	52
19	8595687	8595773	1	1	1	1	5	48
19	8596011	8596366	1	1	1	142	7	75
19	8596208	8596366	1	1	1	1	0	49
19	8596471	8596678	1	1	1	149	9	75
19	8596482	8596678	1	1	1	5	0	73
19	8596834	8598554	1	1	1	145	7	75
19	8597172	8598554	1	1	1	1	0	43
19	8598724	8599149	1	1	1	171	6	75
19	8599274	8599405	1	1	1	199	8	74
19	8599522	8600827	1	1	1	186	5	75
19	8601043	8601183	1	1	1	135	3	75
19	8601293	8602996	1	1	1	127	7	74
19	8603201	8603362	1	1	1	1	2	59
19	8603201	8603484	1	1	1	219	8	74
19	8685459	8685557	2	2	1	50	1	75
19	8685642	8686368	2	2	1	47	3	73
19	8686510	8686593	2	2	1	51	1	73
19	8686775	8686913	2	2	1	51	5	59
19	8686973	8687078	2	2	1	51	4	60
19	8687148	8689197	2	2	1	50	4	69
19	8689293	8690093	2	2	1	45	2	74
19	8690268	8690705	2	2	1	31	0	68
19	8691117	8700347	2	2	1	1	1	65
19	8701554	8701766	1	1	1	19	1	50
19	8701848	8702035	1	1	1	26	3	50
19	8702086	8702377	1	1	1	28	3	33
19	8702411	8702585	1	1	1	33	3	33
19	8702621	8702848	1	1	1	39	7	35
19	8702888	8703145	1	1	1	35	5	42
19	8703191	8703430	1	1	1	23	5	37
19	8703467	8703602	1	1	1	19	5	56
19	8713270	8713350	1	1	1	8	0	61
19	8713270	8713539	1	1	1	2	0	60
19	8713458	8713539	1	1	1	10	0	63
19	8713662	8715017	1	1	1	14	0	75
19	8715094	8715211	1	1	1	12	0	52
19	8715359	8715516	1	1	1	12	3	69
19	8715619	8716629	1	1	1	12	0	71
19	8716731	8716810	1	1	1	11	4	57
19	8716867	8717182	1	1	1	14	4	56
19	8717329	8717459	1	1	1	16	1	57
19	8717517	8717765	1	1	1	15	0	57
19	8718940	8719617	1	1	1	8	0	72
19	8719519	8719617	1	1	1	2	0	63
19	8719862	8720217	1	1	1	10	0	71
19	8720289	8720443	1	1	1	10	0	56
19	8720500	8720716	1	1	1	12	0	56
19	8720788	8725824	1	1	1	12	0	71
19	8725942	8726018	1	1	1	13	0	57
19	8726076	8726170	1	1	1	21	0	57
19	8726253	8727029	1	1	1	17	1	65
19	8727137	8727269	1	1	1	21	1	63
19	8727392	8732272	1	1	1	17	1	74
19	8734624	8739675	1	1	1	4	0	74
19	8739860	8740046	1	1	1	6	0	67
19	8740201	8740896	1	1	1	2	0	60
19	8740981	8741060	1	1	1	5	0	49
19	8741166	8741279	1	1	1	5	0	55
19	8741361	8741443	1	1	1	6	0	66
19	8741514	8741624	1	1	1	5	0	70
19	8741714	8741862	1	1	1	4	0	74
19	8741971	8742285	1	1	1	4	0	35
19	8742396	8744160	1	1	1	7	0	37
19	8744198	8744443	1	1	1	9	0	57
19	8744513	8744591	1	1	1	6	0	56
19	8744648	8744730	1	1	1	8	0	53
19	8744839	8744936	1	1	1	10	1	59
19	8744996	8745093	1	1	1	9	1	56
19	8745210	8745337	1	1	1	11	1	43
19	8745381	8745952	1	1	1	15	1	43
19	8746026	8746364	1	1	1	9	1	59
19	8746548	8747623	1	1	1	21	0	61
19	8747685	8747937	1	1	1	19	1	61
19	8748680	8749411	1	1	1	141	3	74
19	8750199	8750391	2	2	1	37	1	72
19	8750471	8750653	2	2	1	31	1	70
19	8750471	8750868	2	2	1	2	0	57
19	8750471	8751698	2	2	1	4	0	75
19	8750789	8750868	2	2	1	16	1	69
19	8750789	8751698	2	2	1	3	1	73
19	8750987	8751698	2	2	1	1	0	53
19	8751057	8751698	2	2	1	8	0	59
19	8752655	8752753	2	2	1	4	0	71
19	8752883	8755450	2	2	1	2	0	54
19	8755584	8755876	2	2	1	4	2	25
19	8756098	8756214	2	2	1	4	1	74
19	8756290	8759364	2	2	1	2	1	21
19	8759460	8759719	2	2	1	3	0	51
19	8759771	8759907	2	2	1	4	0	51
19	8760059	8760667	2	2	1	5	1	73
19	8760755	8761198	2	2	1	8	1	73
19	8761359	8762485	2	2	1	3	0	42
19	8762543	8763573	2	2	1	1	0	57
19	8770769	8770989	2	2	1	66	5	34
19	8771024	8771499	2	2	1	76	5	35
19	8771572	8771665	2	2	1	76	6	66
19	8771732	8771843	2	2	1	69	3	52
19	8771895	8774599	2	2	1	82	5	51
19	8771895	8775587	2	2	1	1	0	19
19	8774760	8775587	2	2	1	54	2	72
19	8775698	8775822	2	2	1	38	1	72
19	8789203	8793217	2	2	1	2	0	68
19	8793387	8795799	2	2	1	1	0	74
19	8793401	8795799	2	2	1	4	0	72
19	8798178	8800167	1	1	1	11	0	75
19	8800304	8800593	1	1	1	13	0	73
19	8800671	8800893	1	1	1	10	0	61
19	8801034	8801584	1	1	1	3	0	72
19	8801676	8801769	1	1	1	4	0	57
19	8801883	8802223	1	1	1	9	0	59
19	8802488	8802634	1	1	1	12	0	75
19	8802758	8803335	1	1	1	14	0	64
19	8803465	8804007	1	1	1	15	0	74
19	8804177	8807113	1	1	1	10	0	69
19	8807315	8808251	1	1	1	20	0	73
19	8808326	8808588	1	1	1	18	0	72
19	8808697	8808818	1	1	1	14	0	71
19	8815229	8816939	1	1	1	6	0	54
19	8817149	8818471	1	1	1	3	1	63
19	8817933	8818471	1	1	1	13	0	24
19	8818789	8820372	1	1	1	26	1	71
19	8820455	8822534	1	1	1	15	0	75
19	8822679	8823553	1	1	1	18	0	74
19	8823689	8823829	1	1	1	26	4	73
19	8823923	8824764	2	2	1	6	2	74
19	8824912	8825030	1	1	1	29	3	68
19	8825098	8825277	1	1	1	31	2	67
19	8825347	8825444	1	1	1	30	0	69
19	8825526	8825827	1	1	1	23	0	74
19	8848950	8849034	1	1	1	17	0	45
19	8849121	8849222	1	1	1	112	0	54
19	8849277	8849371	1	1	1	145	3	54
19	8849479	8849581	1	1	1	177	5	70
19	8849652	8850877	1	1	1	182	6	70
19	8851070	8851158	1	1	1	136	8	52
19	8851211	8851502	1	1	1	124	20	54
19	8851620	8852523	1	1	1	164	19	74
19	8852717	8852885	1	1	1	109	10	74
19	8857981	8858069	2	2	1	86	4	71
19	8857981	8870585	2	2	1	1	3	54
19	8866329	8866487	1	1	1	55	2	61
19	8866613	8866996	1	1	1	1	0	32
19	8866613	8867000	1	1	1	2	0	54
19	8866613	8867366	1	1	1	78	4	74
19	8867092	8867366	1	1	1	3	0	61
19	8867465	8867774	1	1	1	107	5	75
19	8870145	8872122	1	1	1	1	0	28
19	8870513	8872122	1	1	1	1	0	41
19	8875524	8879627	1	1	1	3	0	37
19	8879733	8879885	1	1	1	4	0	37
19	8879995	8882298	1	1	1	8	0	68
19	8882427	8884578	1	1	1	11	0	66
19	8884759	8885214	1	1	1	4	0	66
19	8884759	8885988	1	1	1	1	0	21
19	8884759	8886041	1	1	1	10	0	70
19	8885281	8886041	1	1	1	4	0	20
19	8886112	8886284	1	1	1	13	1	70
19	8886373	8886454	1	1	1	9	1	74
19	8886544	8886796	1	1	1	1	0	30
19	8886552	8886796	1	1	1	13	1	75
19	8886978	8887829	1	1	1	13	0	71
19	8887984	8888071	1	1	1	12	1	67
19	8888308	8888398	1	1	1	8	1	75
19	8888526	8888640	1	1	1	10	0	70
19	8888721	8888959	1	1	1	6	0	48
19	8889104	8889227	1	1	1	12	0	64
19	8889325	8889837	1	1	1	13	0	67
19	8889940	8890074	1	1	1	13	0	54
19	8890319	8891664	1	1	1	14	1	65
19	8891730	8891905	1	1	1	20	1	66
19	8891983	8892065	1	1	1	25	0	70
19	8892141	8892288	1	1	1	23	0	72
19	8892403	8892521	1	1	1	21	2	75
19	8892635	8892767	1	1	1	30	2	75
19	8892869	8892988	1	1	1	21	3	67
19	8898013	8899169	1	1	1	42	2	74
19	8899345	8902901	1	1	1	44	3	70
19	8899345	8903067	1	1	1	4	3	64
19	8903263	8903445	1	1	1	36	0	75
19	8903737	8904099	1	1	1	48	1	72
19	8905252	8905341	2	2	1	4	0	71
19	8905589	8905947	2	2	1	5	0	69
19	8907317	8908162	1	1	1	2	0	42
19	8908335	8908407	1	1	1	3	0	62
19	8908669	8908753	1	1	1	5	0	63
19	8908868	8910605	1	1	1	1	0	41
19	8910674	8910786	1	1	1	4	0	46
19	8910911	8911133	1	1	1	2	0	70
19	8911305	8911450	1	1	1	1	0	58
19	8911521	8911605	1	1	1	1	0	42
19	8911717	8912314	1	1	1	3	0	72
19	8912411	8913667	1	1	1	3	0	56
19	8913824	8913982	1	1	1	4	0	75
19	8914125	8914492	1	1	1	2	0	74
19	8914171	8914475	2	2	1	1	0	15
19	8914645	8914725	1	1	1	1	1	44
19	8914852	8914926	1	1	1	0	1	17
19	8915059	8915825	1	1	1	2	1	60
19	8915894	8916391	1	1	1	1	0	43
19	8915914	8918565	2	2	1	1	0	68
19	8916481	8916551	1	1	1	4	0	66
19	8916650	8916780	1	1	1	5	0	48
19	8916869	8917942	1	1	1	4	0	64
19	8918042	8918266	1	1	1	4	0	30
19	8918398	8918493	1	1	1	4	0	64
19	8919747	8920828	1	1	1	4	0	32
19	8920897	8921376	1	1	1	3	0	68
19	8921471	8923119	1	1	1	2	0	73
19	8923238	8923369	1	1	1	2	0	64
19	8923434	8923630	1	1	1	4	0	50
19	8923749	8924011	1	1	1	8	1	75
19	8924115	8924400	1	1	1	8	1	67
19	8924501	8924615	1	1	1	8	1	73
19	8924805	8924888	1	1	1	10	0	75
19	8924964	8925090	1	1	1	13	0	59
19	8925150	8925388	1	1	1	13	0	59
19	8925487	8925620	1	1	1	11	0	61
19	8925761	8926314	1	1	1	11	0	68
19	8926544	8927663	1	1	1	12	0	68
19	8927754	8928275	1	1	1	10	0	68
19	8928395	8928499	1	1	1	11	0	74
19	8928649	8928853	1	1	1	15	1	69
19	8931386	8932750	1	1	1	1	0	55
19	8932942	8936450	1	1	1	1	0	45
19	8936767	8937106	1	1	1	2	0	52
19	8937208	8939707	1	1	1	2	0	43
19	8940187	8941383	1	1	1	1	0	24
19	8941494	8941627	1	1	1	2	0	59
19	8941739	8941924	1	1	1	3	0	64
19	8942018	8942397	1	1	1	3	0	71
19	8944590	8945579	1	1	1	5	1	41
19	8945739	8946525	1	1	1	17	7	64
19	8946542	8946727	1	1	1	1	0	16
19	8946590	8946727	1	1	1	32	8	66
19	8946871	8947207	1	1	1	90	8	71
19	8947352	8949870	1	1	1	121	5	74
19	8950001	8950267	1	1	1	151	6	74
19	8950473	8954681	1	1	1	115	3	75
19	8954855	8954948	1	1	1	117	2	74
19	8955074	8955307	1	1	1	176	0	75
19	8977137	8977463	1	1	1	1	1	49
19	8977621	8978039	1	1	1	5	1	42
19	8978228	8979062	1	1	1	2	0	73
19	8978228	9014522	1	1	1	2	0	48
19	8986729	8987106	1	1	1	1	1	55
19	8989083	8991998	2	2	1	0	1	43
19	8990140	8992293	1	1	1	0	1	73
19	9014623	9053939	1	1	1	2	0	62
19	9023081	9053939	1	1	1	1	0	55
19	9024961	9053939	1	1	1	5	0	70
19	9028495	9053939	1	1	1	1	0	34
19	9090573	9091547	2	2	1	3	0	66
19	9091659	9093865	2	2	1	4	0	58
19	9093985	9095892	2	2	1	4	0	46
19	9096051	9096551	2	2	1	1	0	40
19	9096695	9112150	2	2	1	1	0	14
19	9112352	9112878	2	2	1	1	0	43
19	9850238	9851583	2	2	1	1	0	43
19	9862952	9863070	2	2	1	1	0	58
19	9863129	9864038	2	2	1	1	0	26
19	9877385	9877660	1	1	1	1	0	52
19	9877385	9878231	1	1	1	6	0	52
19	9877876	9878231	1	1	1	1	0	60
19	9878442	9879880	1	1	1	2	0	53
19	9902140	9902428	2	2	1	1	0	19
19	9902500	9905865	2	2	1	1	0	60
19	9925000	9958840	2	2	1	1	0	65
19	9960348	9961544	1	1	1	7551	41	75
19	9961692	9961923	1	1	1	7435	216	75
19	9962050	9962144	1	1	1	7323	198	75
19	9969576	9970129	2	2	1	1	0	48
19	9992650	10003893	1	1	1	4	0	75
19	9995724	10003893	1	1	1	1	0	75
19	10004150	10004747	1	1	1	17	0	69
19	10004844	10004923	1	1	1	14	1	67
19	10005002	10005648	1	1	1	3	1	63
19	10005002	10007513	1	1	1	4	0	57
19	10005868	10007513	1	1	1	1	0	31
19	10007643	10007732	1	1	1	6	1	69
19	10007846	10009716	1	1	1	10	1	72
19	10009817	10011107	1	1	1	8	1	67
19	10009854	10010234	2	2	1	1	0	73
19	10010338	10019207	2	2	1	1	0	72
19	10011175	10011820	1	1	1	10	1	68
19	10012447	10015421	1	1	1	2	0	46
19	10018451	10019207	2	2	1	1	0	39
19	10019321	10029565	1	1	1	41	0	74
19	10029677	10030199	1	1	1	40	0	69
19	10030398	10031383	1	1	1	35	1	72
19	10031486	10031590	1	1	1	51	1	75
19	10031714	10031969	1	1	1	60	5	61
19	10032031	10032470	1	1	1	65	4	61
19	10032548	10032960	1	1	1	58	4	73
19	10033059	10033354	1	1	1	62	4	71
19	10033452	10033580	1	1	1	68	9	75
19	10033661	10033788	1	1	1	64	12	74
19	10033915	10035248	1	1	1	76	14	74
19	10035329	10036876	1	1	1	1	5	58
19	10041679	10042049	2	2	1	50	0	71
19	10042176	10042965	2	2	1	47	1	75
19	10043046	10043615	2	2	1	42	1	72
19	10043713	10043878	2	2	1	26	1	72
19	10043977	10047635	2	2	1	29	2	72
19	10047713	10047927	2	2	1	29	2	61
19	10047989	10048072	2	2	1	2	0	14
19	10047989	10048092	2	2	1	1	0	46
19	10047989	10048442	2	2	1	2	0	61
19	10047989	10059928	2	2	1	15	2	61
19	10060055	10066065	2	2	1	17	3	70
19	10066168	10066271	2	2	1	17	1	62
19	10066470	10069104	2	2	1	25	0	71
19	10069216	10078586	2	2	1	21	0	71
19	10160629	10162290	1	1	1	2	0	64
19	10162402	10163048	1	1	1	4	0	33
19	10163247	10163741	1	1	1	7	0	69
19	10163844	10164118	1	1	1	8	0	74
19	10164248	10168803	1	1	1	6	0	61
19	10168865	10170275	1	1	1	6	0	51
19	10170353	10171064	1	1	1	5	0	64
19	10171163	10171359	1	1	1	5	0	71
19	10171457	10171681	1	1	1	9	0	69
19	10171762	10171852	1	1	1	14	0	74
19	10171979	10172234	1	1	1	9	0	68
19	10178462	10181051	2	2	1	1	0	61
19	10181629	10183787	1	1	1	78	16	47
19	10183804	10183914	1	1	1	1	0	16
19	10183808	10183914	1	1	1	1	0	20
19	10183898	10184527	1	1	1	113	18	74
19	10184005	10184151	1	1	1	2	0	32
19	10184253	10184514	1	1	1	3	0	70
19	10184665	10185080	1	1	1	94	14	72
19	10188038	10189071	2	2	1	1	0	68
19	10191675	10192123	2	2	1	1	0	44
19	10194143	10194783	2	2	1	1	0	18
19	10194894	10195511	2	2	1	1	0	61
19	10225989	10227732	2	2	1	1	0	19
19	10366878	10390703	1	1	1	1	0	75
19	10395407	10412913	1	1	1	1	0	66
19	10413050	10416515	1	1	1	1	0	69
19	10420362	10420740	1	1	1	1	0	55
19	10420856	10421348	1	1	1	1	0	31
19	10421549	10425703	1	1	1	3	0	29
19	10480494	10494343	2	2	1	47	5	73
19	10494454	10494532	2	2	1	40	2	74
19	10494454	10494683	2	2	1	6	0	67
19	10494751	10498312	2	2	1	1	0	15
19	10494751	10502422	2	2	1	25	0	67
19	10498423	10502422	2	2	1	1	0	25
19	10503425	10509144	1	1	1	3	0	66
19	10509364	10510183	1	1	1	2	0	57
19	10510288	10510656	1	1	1	6	0	70
19	10510803	10512467	1	1	1	4	0	67
19	10510830	10512467	1	1	1	2	0	45
19	10512883	10514162	1	1	1	5	1	72
19	10514282	10516983	1	1	1	8	1	67
19	10517153	10518044	1	1	1	4	0	66
19	10518213	10523055	1	1	1	6	0	72
19	10528184	10528321	2	2	1	2	0	58
19	10528405	10529136	2	2	1	17	0	69
19	10529339	10531892	2	2	1	9	0	75
19	10531986	10532426	2	2	1	9	0	65
19	10532529	10533062	2	2	1	2	0	28
19	10532529	10533076	2	2	1	3	0	25
19	10548633	10548892	2	2	1	6	0	63
19	10548969	10552200	2	2	1	4	0	72
19	10552300	10552603	2	2	1	1	0	67
19	10552373	10552603	2	2	1	3	0	55
19	10552876	10554233	2	2	1	1	0	69
19	10552876	10554447	2	2	1	1	0	23
19	10555448	10556345	1	1	1	3	0	60
19	10556439	10557826	1	1	1	2	0	50
19	10557927	10559661	1	1	1	1	0	16
19	10559861	10562545	1	1	1	1	0	52
19	10562755	10564054	1	1	1	2	0	54
19	10564210	10565185	1	1	1	4	0	73
19	10565343	10565888	1	1	1	1	1	18
19	10569707	10569813	2	2	1	1	0	74
19	10570154	10570510	2	2	1	53	2	74
19	10570601	10570689	2	2	1	39	1	34
19	10570724	10570827	2	2	1	37	1	34
19	10570932	10571033	2	2	1	42	2	73
19	10571141	10571794	2	2	1	49	2	74
19	10571933	10572066	2	2	1	43	2	75
19	10572187	10572657	2	2	1	29	2	73
19	10572775	10573375	2	2	1	39	1	75
19	10573466	10573561	2	2	1	34	3	74
19	10573647	10573721	2	2	1	37	3	35
19	10573757	10574295	2	2	1	34	5	35
19	10574386	10574673	2	2	1	30	9	70
19	10574753	10576395	2	2	1	41	7	72
19	10574753	10577934	2	2	1	1	2	30
19	10576578	10576671	2	2	1	40	7	74
19	10576783	10577934	2	2	1	32	1	69
19	10578125	10581531	2	2	1	23	1	74
19	10581638	10582582	2	2	1	1	1	72
19	10581638	10582772	2	2	1	1	1	31
19	10583131	10584208	1	1	1	14	2	66
19	10584358	10585156	1	1	1	15	0	63
19	10585274	10585614	1	1	1	16	1	71
19	10585837	10588065	1	1	1	22	0	70
19	10588181	10589007	1	1	1	23	1	75
19	10589106	10590236	1	1	1	20	2	69
19	10590396	10591471	1	1	1	21	2	73
19	10591556	10592215	1	1	1	18	2	67
19	10592333	10592851	1	1	1	21	1	73
19	10592955	10596412	1	1	1	15	1	73
19	10596489	10596583	1	1	1	18	1	72
19	10596693	10598904	1	1	1	16	0	74
19	10599084	10599184	1	1	1	16	0	70
19	10599349	10599425	1	1	1	14	3	69
19	10599534	10599653	1	1	1	16	6	75
19	10599862	10600702	1	1	1	12	5	69
19	10600799	10600890	1	1	1	13	4	68
19	10601003	10602087	1	1	1	15	2	65
19	10602212	10602530	1	1	1	15	0	75
19	10602696	10603259	1	1	1	20	3	71
19	10603355	10603955	1	1	1	30	4	75
19	10604127	10604489	1	1	1	38	3	74
19	10604600	10604852	1	1	1	42	2	74
19	10605023	10605125	1	1	1	51	1	74
19	10605229	10605788	1	5	1	54	0	68
19	10605913	10606442	1	1	1	62	0	75
19	10614603	10614680	1	1	1	2	0	65
19	10614771	10615415	1	1	1	1	0	62
19	10615545	10618989	1	1	1	1	0	24
19	10624490	10625789	1	1	1	1	0	58
19	10625873	10627924	1	1	1	2	0	60
19	10628013	10630413	1	1	1	2	0	44
19	10630500	10631597	1	1	1	1	0	18
19	10637035	10637343	1	1	1	1	0	57
19	10637408	10641454	1	1	1	1	0	41
19	10666261	10683573	1	1	1	1	0	65
19	10666344	10683573	1	1	1	3	0	13
19	10683673	10687633	1	1	1	8	0	74
19	10683673	10688634	1	1	1	1	0	58
19	10687806	10688634	1	1	1	3	0	73
19	10688718	10689887	1	1	1	4	0	62
19	10762710	10762781	1	1	1	1	0	69
19	10820943	10825868	1	1	1	1	0	30
19	10826153	10830492	1	1	1	1	0	66
19	10830641	10831617	1	1	1	1	0	57
19	10834703	10834993	1	1	1	4	0	68
19	10836516	10836927	2	2	1	4	0	68
19	10837120	10837487	2	2	1	2	0	73
19	10837762	10838893	2	2	1	1	0	67
19	10839097	10840586	2	2	1	1	0	43
19	10841469	10842619	2	2	1	2	0	34
19	10842952	10843832	2	2	1	1	0	54
19	10849514	10849950	2	2	1	19	1	68
19	10850054	10851605	2	2	1	24	1	70
19	10851851	10859015	2	2	1	17	0	74
19	10872833	10874866	1	1	1	21	0	73
19	10875017	10875180	1	1	1	19	0	68
19	10875258	10876289	1	1	1	2	0	38
19	10875258	10876346	1	1	1	19	0	66
19	10876489	10876568	1	1	1	16	1	66
19	10876643	10876733	1	1	1	19	2	63
19	10876797	10877538	1	1	1	16	2	42
19	10877581	10877687	1	1	1	16	0	42
19	10877763	10878053	1	1	1	12	2	71
19	10878130	10878290	1	1	1	19	2	73
19	10878401	10879707	1	1	1	19	1	72
19	10879864	10880065	1	1	1	23	0	66
19	10880136	10880331	1	1	1	24	3	70
19	10880418	10880654	1	1	1	26	3	68
19	10880826	10881001	1	1	1	39	0	71
19	10881108	10882398	1	1	1	31	0	73
19	10920654	10920841	2	2	1	5	0	54
19	10920917	10922646	2	2	1	6	0	52
19	10922777	10925641	2	2	1	6	0	59
19	10926174	10926233	1	1	1	0	4	22
19	10926174	10926293	1	1	1	0	4	22
19	11025458	11025642	2	2	1	14	0	69
19	11025757	11027751	2	2	1	7	0	52
19	11025757	11033143	2	2	1	1	0	15
19	11045853	11048074	2	2	1	1	0	43
19	11048213	11048965	2	2	1	1	0	31
19	11229248	11230542	2	2	1	1	0	44
19	11236201	11243411	2	2	1	1	0	73
19	11298947	11299662	2	2	1	2	0	27
19	11299765	11301785	2	2	1	5	0	62
19	11301828	11303170	2	2	1	2	0	42
19	11301993	11303170	2	2	1	4	0	57
19	11303228	11305288	2	2	1	8	0	57
19	11305415	11310570	2	2	1	4	0	60
19	11310731	11313370	2	2	1	1	0	21
19	11392316	11393692	1	1	1	1	0	64
19	11393813	11395006	1	1	1	1	0	55
19	11396483	11398621	1	1	1	1	0	57
19	11398724	11403559	1	1	1	1	0	23
19	11421025	11427257	1	1	1	3	0	63
19	11427418	11432015	1	1	1	3	0	73
19	11432136	11435159	1	1	1	4	0	57
19	11435217	11436516	1	1	1	4	0	57
19	11436643	11438620	1	1	1	2	0	61
19	11438723	11440322	1	1	1	3	0	54
19	11446921	11448452	1	1	1	2	0	72
19	11448616	11449756	1	1	1	3	0	52
19	11449892	11452637	1	1	1	2	0	38
19	11452695	11455531	1	1	1	2	0	54
19	11496039	11497686	1	1	1	2	0	62
19	11497850	11499034	1	1	1	2	0	61
19	11499170	11501273	1	1	1	2	0	59
19	11504262	11505937	1	1	1	1	0	65
19	11506040	11506851	1	1	1	1	0	56
19	11514525	11525842	1	1	1	2	0	62
19	11526003	11527629	1	1	1	2	0	42
19	11527750	11530195	1	1	1	1	0	13
19	11564546	11565327	2	2	1	1	0	52
19	11567561	11570228	2	2	1	1	0	57
19	11747889	11748165	1	1	1	86	0	66
19	11748232	11750238	1	1	1	87	0	66
19	11750388	11751511	1	1	1	56	0	72
19	11753953	11754451	2	2	1	2	0	28
19	11754535	11758930	2	2	1	1	0	39
19	11754535	11760389	2	2	1	1	0	53
19	11756538	11758930	2	2	1	27	0	70
19	11759045	11760389	2	2	1	30	0	74
19	11760501	11762753	2	2	1	16	0	69
19	11762889	11763048	2	2	1	19	0	70
19	11763123	11763888	2	2	1	19	0	68
19	11763998	11765532	2	2	1	23	0	68
19	11765601	11766920	2	2	1	19	0	68
19	11766996	11769109	2	2	1	19	1	75
19	11769210	11780857	2	2	1	12	1	67
19	11780942	11796055	2	2	1	14	1	71
19	11898250	11898732	1	1	1	1	0	57
19	11898928	11899830	1	1	1	1	1	26
19	11899933	11900750	1	1	1	1	1	46
19	11900841	11901164	1	1	1	1	0	56
19	11901383	11902500	1	1	1	1	0	52
19	11902591	11907238	1	1	1	1	0	23
19	11907420	11908896	1	1	1	3	0	36
19	11909021	11909501	1	1	1	3	0	62
19	11909600	11911043	1	1	1	2	0	60
19	11911104	11913042	1	1	1	4	0	60
19	11913192	11914583	1	1	1	2	0	29
19	11914744	11917047	1	1	1	4	0	22
19	11917204	11919992	1	1	1	1	1	56
19	11920085	11920188	1	1	1	5	1	74
19	11920339	11920694	1	1	1	2	1	41
19	11943661	11948050	1	1	1	4	0	66
19	11948260	11951021	1	1	1	5	0	64
19	11951273	11955165	1	1	1	3	0	32
19	11955365	11955600	1	1	1	4	0	65
19	11955704	11955994	1	1	1	7	0	55
19	11956050	11956232	1	1	1	7	0	55
19	11956365	11961267	1	1	1	6	0	70
19	11961514	11961755	1	1	1	3	0	52
19	11961877	11965712	1	1	1	3	2	25
19	11965817	11966568	1	1	1	9	2	63
19	11966665	11967964	1	1	1	5	2	55
19	11968147	11968958	1	1	1	6	0	64
19	11969180	11969263	1	1	1	12	0	69
19	12447074	12450593	2	2	1	1	0	35
19	12450684	12455489	2	2	1	4	0	66
19	12455652	12459437	2	2	1	7	0	66
19	12459591	12460409	2	2	1	6	0	62
19	12460472	12462627	2	2	1	7	0	39
19	12462790	12463792	2	2	1	1	1	63
19	12463855	12464348	2	2	1	1	1	20
19	12507828	12509676	2	2	1	1	0	60
19	12517309	12563589	2	2	1	1	0	48
19	12550945	12554453	1	1	1	1	0	32
19	12554535	12561286	1	1	1	1	0	37
19	12561487	12564198	1	1	1	1	0	18
19	12563709	12573301	2	2	1	1	0	43
19	12577454	12590829	1	1	1	1	0	59
19	12590926	12595689	1	1	1	3	0	74
19	12590926	12688345	1	1	1	0	78	15
19	12595798	12600967	1	1	1	3	0	68
19	12601095	12601906	1	1	1	3	0	47
19	12602082	12604077	1	1	1	3	0	55
19	12610971	12611785	1	1	1	3	0	74
19	12610971	12616215	1	1	1	5	1	66
19	12610971	12616856	1	1	1	5	0	74
19	12610971	12617135	1	1	1	372	31	75
19	12612710	12616856	1	1	1	1	0	27
19	12614338	12616856	1	1	1	1	0	51
19	12616282	12617135	1	1	1	5	3	66
19	12617048	12617135	1	1	1	13	2	73
19	12617231	12619449	1	1	1	3	14	66
19	12617231	12623255	1	1	1	1	15	29
19	12617231	12623666	1	1	1	473	40	75
19	12617231	12625366	1	1	1	11	9	66
19	12617268	12623666	1	1	1	3	0	70
19	12619578	12623666	1	1	1	4	0	51
19	12623314	12623666	1	1	1	1	16	58
19	12623775	12625366	1	1	1	696	61	75
19	12625494	12627620	1	1	1	676	35	75
19	12625494	12627716	1	1	1	1	0	66
19	12625494	12628592	1	1	1	1	0	61
19	12625494	12693261	1	1	1	0	147	31
19	12625545	12627620	1	1	1	1	0	69
19	12627793	12628561	1	1	1	1	0	73
19	12627793	12628592	1	1	1	627	10	74
19	12673206	12686960	1	1	1	791	36	42
19	12687051	12688345	1	1	1	1236	124	75
19	12687051	12688375	1	1	1	28	41	72
19	12687051	12691870	1	1	1	1	26	35
19	12687051	12696143	1	1	1	2	0	32
19	12687115	12688345	1	1	1	1	14	70
19	12688454	12690100	1	1	1	3	0	52
19	12688454	12691870	1	1	1	1446	191	75
19	12690152	12691870	1	1	1	5	30	51
19	12691998	12693261	1	1	1	1424	299	75
19	12691998	12696143	1	1	1	9	0	70
19	12693351	12696143	1	1	1	1	0	51
19	12693434	12693865	1	1	1	36	2	75
19	12693434	12695776	1	1	1	1	0	22
19	12693434	12696143	1	1	1	1405	124	75
19	12693434	12696272	1	1	1	18	0	75
19	12695839	12696143	1	1	1	1	0	62
19	12741745	12742644	2	2	1	1	0	64
19	12747914	12748366	2	2	1	9	0	73
19	12748467	12752183	2	2	1	10	0	75
19	12752299	12753358	2	2	1	14	1	71
19	12753438	12753775	2	2	1	9	1	51
19	12753827	12754223	2	2	1	11	2	51
19	12754359	12755305	2	2	1	6	2	71
19	12755411	12755987	2	2	1	11	1	37
19	12756025	12756256	2	2	1	13	0	37
19	12756464	12767623	2	2	1	10	0	29
19	12767653	12772347	2	2	1	6	0	29
19	12801476	12802162	1	1	1	1	0	42
19	12802337	12802453	1	1	1	1	0	31
19	12802536	12809971	1	1	1	1	0	46
19	12810121	12810448	1	1	1	2	0	74
19	14427206	14429006	2	2	1	1	1	47
19	14429084	14429427	2	2	1	1	1	74
19	14429932	14430942	2	2	1	3	0	69
19	14431191	14432104	2	2	1	3	0	58
19	14432355	14441672	2	2	1	2	0	48
19	14441750	14442107	2	2	1	2	0	25
19	14442302	14442649	2	2	1	1	0	20
19	14444066	14444543	2	2	1	1	0	54
19	14444598	14445515	2	2	1	1	0	13
19	14445636	14493722	2	2	1	3	0	17
19	14493740	14495135	2	2	1	3	0	17
19	14495338	14522151	2	2	1	1	0	70
19	15883516	15884293	2	2	1	56	3	74
19	15884432	15886664	2	2	1	66	9	74
19	15886794	15892227	2	2	1	53	9	71
19	15892398	15894440	2	2	1	65	3	74
19	15894614	15895393	2	2	1	1	0	36
19	15894614	15895569	2	2	1	44	0	73
19	15895776	15896818	2	2	1	10	0	70
19	15896889	15898299	2	2	1	9	0	61
19	15898361	15901667	2	2	1	2	0	61
19	15898361	15902227	2	2	1	6	0	61
19	15938474	15939735	2	2	1	4	0	33
19	15939814	15946435	2	2	1	2	0	50
19	15946565	15947896	2	2	1	1	0	46
19	15947943	15948259	2	2	1	1	0	31
19	15948396	15951719	2	2	1	3	0	59
19	15951832	15952251	2	2	1	1	0	51
19	15953727	15956144	2	2	1	1	0	56
19	15956320	15958455	2	2	1	1	0	62
19	15959165	15961976	2	2	1	1	0	15
19	16293536	16294453	1	1	1	1	0	58
19	16293536	16309440	1	1	1	3	0	61
19	16309570	16312344	1	1	1	3	0	24
19	16355675	16360567	1	1	1	2	0	30
19	16414182	16511076	1	1	1	9	0	71
19	16511262	16576303	1	1	1	3	0	69
19	16576459	16580627	1	1	1	2	0	13
19	16580757	16582326	1	1	1	4	0	73
19	16582457	16585346	1	1	1	5	0	50
19	16585501	16586703	1	1	1	5	0	58
19	16594280	16596457	2	2	1	1	0	56
19	16596533	16596741	2	2	1	2	0	63
19	16596866	16597987	2	2	1	1	0	57
19	16598074	16613132	2	2	1	2	0	18
19	16613245	16617353	2	2	1	3	1	59
19	16617478	16617565	2	4	1	2	1	46
19	16617612	16617900	2	2	1	2	0	46
19	16618065	16618147	2	2	1	1	0	29
19	16618224	16618921	2	2	1	2	0	45
19	16619036	16621112	2	2	1	1	0	39
19	16621195	16623212	2	2	1	2	0	34
19	16623359	16624956	2	2	1	1	0	61
19	16625071	16628782	2	2	1	2	0	52
19	16628889	16630050	2	2	1	3	0	48
19	16630121	16631204	2	2	1	4	0	49
19	16631287	16631704	2	2	1	4	0	66
19	16631852	16632572	2	2	1	2	0	64
19	16633456	16635967	2	2	1	1	0	12
19	16636098	16637811	2	2	1	3	0	59
19	16637946	16638360	2	2	1	3	0	49
19	16638490	16641115	2	2	1	2	0	53
19	16641477	16641872	2	2	1	1	0	71
19	16643801	16645961	2	2	1	1	0	51
19	16646066	16653409	2	2	1	1	0	42
19	16655474	16655608	2	2	1	1	0	56
19	16655768	16657373	2	2	1	2	0	69
19	16657476	16659233	2	2	1	2	0	17
19	16659591	16660147	2	2	1	1	0	56
19	16660241	16662641	2	2	1	1	0	57
19	16665436	16669110	2	2	1	2	0	67
19	16669262	16672822	2	2	1	2	0	68
19	16680972	16681051	2	2	1	3	0	27
19	16681169	16681895	2	2	1	3	0	63
19	16682050	16683238	2	2	1	1	0	31
19	16712194	16712278	2	2	1	1	0	22
19	16712466	16718126	2	2	1	1	0	47
19	16718270	16718540	2	2	1	1	0	74
19	16718636	16719802	2	2	1	1	0	43
19	16719933	16720359	2	2	1	1	0	62
19	16720423	16722149	2	2	1	1	0	33
19	16743905	16758033	2	2	1	2	0	17
19	17304319	17304408	0	0	1	6	0	74
19	17307853	17310473	2	2	1	118	1	74
19	17307853	17350129	2	2	1	1	0	64
19	17308100	17310473	2	2	1	1	0	56
19	17310621	17313603	2	2	1	2	0	13
19	17310621	17333920	2	2	1	2	1	29
19	17310621	17334101	2	2	1	3	1	66
19	17310621	17348674	2	2	1	1	0	18
19	17310621	17350023	2	2	1	12	1	69
19	17310621	17350129	2	2	1	96	1	74
19	17313705	17350129	2	2	1	2	0	36
19	17334303	17350023	2	2	1	1	0	68
19	17334303	17350129	2	2	1	4	0	72
19	17336814	17350129	2	2	1	7	0	69
19	17348729	17350129	2	2	1	1	0	54
19	17371757	17372561	1	1	1	69	1	75
19	17372714	17375941	1	1	1	60	2	73
19	17376045	17376836	1	1	1	82	2	75
19	17416484	17424838	2	2	1	1	0	53
19	17440901	17443469	2	2	1	1	0	61
19	17488947	17492499	2	2	1	3	0	74
19	17492637	17502575	2	2	1	2	0	70
19	17502679	17541145	2	2	1	2	0	60
19	17541262	17542073	2	2	1	1	0	31
19	17542204	17542631	2	2	1	1	0	41
19	17549982	17553169	2	2	1	1	0	23
19	17553273	17558499	2	2	1	1	0	41
19	17563511	17571903	2	2	1	1	0	30
19	17655922	17689278	2	2	1	1	0	61
19	17689356	17692121	2	2	1	1	0	20
19	18558693	18562005	2	2	1	109	3	73
19	18562096	18563910	2	2	1	1	0	12
19	18562108	18563910	2	2	1	98	6	75
19	18563990	18567068	2	2	1	64	5	51
19	18567119	18567764	2	2	1	79	5	50
19	18567873	18569946	2	2	1	92	8	54
19	18570001	18571219	2	2	1	95	7	64
19	18571284	18573714	2	2	1	88	10	51
19	18573766	18581529	2	2	1	78	7	48
19	18581577	18608983	2	2	1	60	8	47
19	18609446	18613442	1	1	1	29	0	64
19	18613507	18613690	1	1	1	1	0	48
19	18613507	18615572	1	1	1	1	0	64
19	18613507	18616881	1	1	1	34	0	64
19	18613739	18616881	1	1	1	1	0	31
19	18615656	18616881	1	1	1	3	0	59
19	18616973	18617249	1	1	1	43	0	49
19	18616973	18618487	1	1	1	1	1	37
19	18617299	18618487	1	1	1	46	1	49
19	18618636	18618766	1	1	1	57	1	73
19	18618839	18619537	1	1	1	76	2	72
19	18619645	18622418	1	1	1	54	3	73
19	18622503	18623275	1	1	1	2	0	66
19	18622503	18628599	1	1	1	40	3	70
19	18623386	18628599	1	1	1	3	0	65
19	18648567	18655051	1	1	1	11	1	58
19	18648800	18655051	1	1	1	1	0	46
19	18655248	18656467	1	1	1	3	1	71
19	18656632	18667593	1	1	1	7	0	74
19	18667735	18668780	1	1	1	7	0	68
19	18668960	18671012	1	1	1	5	0	74
19	18671127	18680724	1	1	1	4	0	75
19	18671127	18681383	1	1	1	2	0	75
19	18680829	18681383	1	1	1	2	0	54
19	18691024	18694582	1	1	1	12	0	49
19	18709910	18710112	2	2	1	1	0	56
19	18727407	18731845	1	1	1	1	0	60
19	18727407	18749684	1	1	1	1	0	47
19	18749759	18754056	1	1	1	1	0	29
19	18764210	18769349	1	1	1	1	0	39
19	18769519	18770199	1	1	1	2	0	51
19	18773690	18773804	1	1	1	2	0	19
19	18773906	18778298	1	1	1	2	0	30
19	18779567	18786895	1	1	1	1	0	48
19	18789178	18790712	1	1	1	1	0	13
19	18792834	18796401	1	1	1	2	0	28
19	18796555	18800696	1	1	1	2	0	43
19	18800844	18803114	1	1	1	1	0	74
19	18807684	18809832	1	1	1	2	0	53
19	18810027	18815336	1	1	1	2	0	70
19	18831833	18833518	1	1	1	3	0	54
19	18839653	18843561	1	1	1	1	0	63
19	18845377	18847863	1	1	1	1	0	26
19	18847890	18849575	1	1	1	1	0	26
19	18849627	18851192	1	1	1	1	0	19
19	18851259	18853199	1	1	1	1	0	27
19	18855137	18861263	1	1	1	1	0	52
19	18861316	18866298	1	1	1	1	0	22
19	20351135	20352588	2	2	1	16	0	72
19	20352712	20354015	2	2	1	15	0	59
19	20354075	20354970	2	2	1	13	1	59
19	20355067	20355759	2	2	1	10	1	69
19	20355854	20357012	2	2	1	7	1	57
19	20357070	20357703	2	2	1	10	0	57
19	20357784	20359413	2	2	1	7	0	54
19	20359505	20360225	2	2	1	9	0	69
19	20360340	20361120	2	2	1	10	0	66
19	20361216	20361838	2	2	1	10	0	62
19	20361948	20362056	2	2	1	5	0	52
19	20362137	20367975	2	2	1	3	0	45
19	20588382	20595243	1	1	1	1	0	21
19	20595385	20597332	1	1	1	1	0	32
19	20597463	20599032	1	1	1	3	0	62
19	20599095	20600688	1	1	1	4	0	61
19	20600818	20602075	1	1	1	1	0	17
19	20602190	20606417	1	1	1	2	0	71
19	20606521	20608029	1	1	1	2	0	53
19	20608215	20611712	1	3	1	3	0	72
19	20611878	20614031	1	1	1	5	0	62
19	20614190	20617427	1	1	1	2	0	44
19	20617503	20620257	1	1	1	2	0	72
19	20670900	20673699	2	2	1	7	0	67
19	20673775	20677261	2	2	1	5	0	44
19	20677420	20679574	2	2	1	4	0	66
19	20679740	20685513	2	2	1	7	0	72
19	20685699	20686761	2	2	1	4	0	31
19	20686865	20692044	2	2	1	4	0	68
19	20692159	20693284	2	2	1	6	0	73
19	20693414	20695059	2	2	1	4	0	62
19	20695122	20696549	2	2	1	4	0	47
19	20696680	20699641	2	2	1	3	0	59
19	20699783	20704321	2	2	1	2	0	68
19	20704427	20704810	2	2	1	1	0	54
19	21140092	21142594	2	4	1	1	0	19
19	21250107	21253789	1	1	1	12	0	70
19	21251014	21253789	1	1	1	1	0	16
19	21253950	21254341	1	1	1	14	0	69
19	21254454	21255018	1	1	1	18	1	74
19	21255123	21256988	1	1	1	18	2	74
19	21257115	21257786	1	1	1	25	2	73
19	21372623	21373396	2	2	1	3	0	28
19	21373425	21374870	2	2	1	3	0	28
19	21375002	21377922	2	2	1	3	0	58
19	21387304	21389861	2	2	1	1	0	57
19	21389960	21392177	2	2	1	1	0	39
19	21406015	21411584	2	2	1	3	0	74
19	21411674	21449731	2	2	1	3	0	18
19	21469220	21474062	1	1	1	4	0	74
19	21470041	21474062	1	1	1	1	0	54
19	21575699	21576118	2	2	1	12	1	72
19	21576233	21596472	2	2	1	11	2	74
19	21576233	21629970	2	2	1	2	0	48
19	21596580	21629970	2	2	1	5	2	69
19	21630958	21654359	1	1	1	1	0	55
19	21630958	21655716	1	1	1	18	2	70
19	21630958	21655719	1	1	1	1	2	57
19	21655961	21656117	1	1	1	2	0	28
19	21656187	21658231	1	1	1	30	0	74
19	21656187	21658353	1	1	1	3	1	34
19	21658412	21661461	1	1	1	25	1	74
19	21770345	21774690	1	1	1	2	0	63
19	21779396	21784722	1	1	1	1	0	14
19	21789341	21789574	1	1	1	2	0	62
19	21789781	21789914	1	1	1	1	0	65
19	21789985	21792794	1	1	1	1	0	15
19	21792924	21795286	1	1	1	1	0	16
19	21803560	21807163	1	1	1	2	0	29
19	21807342	21809390	1	1	1	2	0	68
19	21809607	21812781	1	1	1	2	0	63
19	21819588	21821983	1	1	1	1	1	61
19	21822204	21825300	1	1	1	2	0	74
19	21825400	21829588	1	1	1	2	0	74
19	21829744	21833022	1	1	1	1	0	42
19	21833127	21833518	1	1	1	3	0	66
19	22878700	22879351	1	1	1	1	0	23
19	22879581	22881998	1	1	1	1	0	67
19	22896219	22903259	1	1	1	1	0	32
19	22946319	22946823	2	2	1	1	0	62
19	22955807	22955919	1	1	1	2	0	66
19	22961643	23053120	2	2	1	1	1	45
19	22977643	22977827	2	2	1	1	0	60
19	23029070	23039177	2	2	1	1	0	27
19	23029070	23040703	2	2	1	1	0	74
19	23029070	23052647	2	2	1	1	0	42
19	23029070	23053120	2	2	1	1	0	24
19	23040806	23040913	2	2	1	3	0	55
19	23041034	23041720	2	2	1	1	0	23
19	23041034	23053120	2	2	1	1	0	53
19	23041808	23053120	2	2	1	1	0	40
19	23052790	23053120	2	2	1	1	0	71
19	23112319	23112722	1	1	1	2	0	55
19	23119624	23142046	1	1	1	17	0	73
19	23121337	23142046	1	1	1	1	0	40
19	23186333	23187614	2	2	1	2	0	72
19	23187711	23187787	2	2	1	5	1	61
19	23187968	23191114	2	2	1	2	2	75
19	23191235	23191429	2	2	1	2	1	69
19	23191535	23192005	2	2	1	1	1	71
19	23191535	23192008	2	2	1	3	0	64
19	23192105	23195768	2	2	1	2	0	37
19	23195895	23205537	2	2	1	2	0	62
19	23205661	23206278	2	2	1	1	0	58
19	23209092	23209182	2	2	1	1	0	22
19	23209357	23211326	2	2	1	1	0	36
19	23211460	23213237	2	2	1	2	0	73
19	23213333	23216248	2	4	1	1	0	15
19	23216363	23219999	2	2	1	2	0	71
19	23221475	23232040	2	2	1	2	0	62
19	23232113	23234851	2	2	1	2	0	59
19	23235014	23237010	2	2	1	1	0	21
19	23237152	23238696	2	2	1	1	0	15
19	23238832	23240967	2	2	1	1	0	12
19	23246233	23250997	2	2	1	2	0	60
19	23259585	23263536	1	1	1	1	0	39
19	23653644	23653712	1	1	1	4	0	44
19	23695467	23697421	1	1	1	2	2	64
19	23950996	23952724	2	2	1	3	0	51
19	23953018	23955325	2	2	1	2	0	64
19	23955479	23956753	2	2	1	2	0	58
19	23956833	23956949	2	2	1	3	0	64
19	23957080	23962072	2	2	1	2	0	57
19	23963881	23965810	2	2	1	1	0	33
19	23965940	23972144	2	2	1	3	0	57
19	23972256	23998969	2	2	1	2	0	57
19	23999027	24007911	2	2	1	2	0	35
19	24072955	24073947	2	2	1	2	0	71
19	24074034	24075364	2	2	1	3	0	70
19	24075680	24076816	2	2	1	2	0	66
19	24076928	24078065	2	2	1	3	0	43
19	24079362	24086008	2	2	1	1	0	72
19	24086220	24087094	2	2	1	1	0	28
19	24087175	24088384	2	2	1	2	0	66
19	24088481	24088789	2	2	1	2	0	75
19	24088984	24090109	2	2	1	1	0	61
19	24090321	24091439	2	2	1	2	0	68
19	24091549	24097308	2	2	1	2	0	25
19	24097460	24098200	2	2	1	1	0	67
19	24098268	24099388	2	2	1	1	0	14
19	24099736	24101931	2	2	1	1	0	43
19	24102086	24103068	2	2	1	2	0	40
19	24103173	24108218	2	2	1	1	0	66
19	24108838	24109969	2	2	1	3	0	54
19	24110073	24112213	2	2	1	2	0	70
19	24112339	24116142	2	2	1	4	1	51
19	24116197	24171072	2	2	1	1	1	54
19	24152573	24180214	1	1	1	1	0	53
19	24171194	24202214	2	4	1	1	1	30
19	24239418	24244665	2	2	1	64	2	75
19	24244764	24246341	2	2	1	1	1	53
19	24244764	24247397	2	2	1	2	1	41
19	24244764	24249710	2	2	1	57	1	73
19	24249832	24250055	2	2	1	1	0	48
19	24249832	24254544	2	2	1	53	1	74
19	24250250	24256076	1	1	1	0	1	40
19	24254640	24257770	2	2	1	43	0	65
19	24272919	24281395	2	2	1	1	0	24
19	24281511	24323600	2	2	1	1	0	66
19	24337516	24356165	2	2	1	1	0	16
19	24356466	24359051	2	2	1	1	0	24
19	24367826	24374379	2	2	1	1	0	66
19	24374511	24416416	2	2	1	1	0	69
19	24416486	24420965	2	2	1	1	0	17
19	24651708	24654899	1	1	1	134	9	75
19	24686727	24705032	2	2	1	1	0	20
19	24793966	24797483	2	2	1	4	0	69
19	24797610	24801655	2	2	1	2	0	65
19	24898063	24898384	2	2	1	2	0	73
19	24898067	24898384	2	2	1	5	0	67
19	24898515	24899960	2	2	1	11	1	60
19	24900027	24900119	2	2	1	9	1	66
19	24900189	24905690	2	2	1	8	1	50
19	24905740	24909027	2	2	1	6	1	49
19	24909085	24915759	2	2	1	5	0	45
19	24915805	24918112	2	2	1	3	0	45
19	24918200	24920046	2	2	1	4	0	47
19	24920094	24925432	2	2	1	3	0	38
19	24925471	24926565	2	2	1	3	0	38
19	24926626	24930623	2	2	1	2	0	42
19	24930716	24932699	2	2	1	5	0	73
19	24932797	24935267	2	2	1	5	2	60
19	24935355	24938680	2	2	1	3	0	31
19	24935355	24938747	2	2	1	2	2	59
19	24977068	24979360	1	1	1	1	0	75
19	25028954	25038471	1	1	1	2	0	62
19	25038648	25042751	1	1	1	1	0	70
19	25042824	25055443	1	1	1	1	0	13
19	25055568	25057122	1	1	1	1	0	13
19	25057339	25063543	1	1	1	1	0	68
19	25063630	25065033	1	1	1	1	0	67
19	25065101	25067254	1	1	1	2	0	59
19	25070389	25073612	2	2	1	2	0	44
19	25074913	25076956	1	1	1	1	0	61
19	25077051	25078215	1	1	1	1	0	46
19	25096894	25098477	1	1	1	1	0	21
19	25098549	25099749	1	1	1	1	0	71
19	25099889	25100503	1	1	1	3	0	34
19	25100606	25104431	1	1	1	4	0	43
19	25104528	25104839	1	1	1	3	0	72
19	25105075	25107714	1	1	1	3	0	49
19	25107880	25109427	1	1	1	1	0	64
19	25109601	25114680	1	1	1	4	0	39
19	25114777	25117432	1	1	1	3	0	40
19	25117529	25124658	1	1	1	3	0	44
19	25124809	25127146	1	1	1	2	0	62
19	25127261	25131508	1	1	1	1	0	23
19	25138520	25140304	1	1	1	1	0	72
19	25140942	25141684	1	1	1	1	0	27
19	25141773	25146766	1	1	1	5	0	35
19	25146864	25148864	1	1	1	5	0	37
19	25149000	25149820	1	1	1	4	0	67
19	25149974	25151537	1	1	1	2	0	33
19	25151697	25152723	1	1	1	3	0	58
19	25152825	25154191	1	1	1	1	0	55
19	25154385	25158925	1	1	1	1	1	18
19	25160457	25160852	1	1	1	1	0	35
19	25160988	25162214	1	1	1	4	0	50
19	25162305	25165700	1	1	1	6	0	65
19	25165938	25169550	1	1	1	3	0	57
19	25169695	25170772	1	1	1	6	0	62
19	25170880	25177737	1	1	1	5	0	73
19	25177909	25178350	1	1	1	3	0	49
19	25214357	25252111	1	1	1	1	0	66
19	25214682	25252111	1	1	1	1	0	40
19	25252199	25295668	1	1	1	1	0	30
19	25295797	25355774	1	1	1	2	0	50
19	25355895	25386449	1	1	1	4	0	52
19	25384402	25386449	1	1	1	2	0	42
19	25389129	25399507	1	1	1	3	1	42
19	25399706	25400282	1	1	1	3	0	29
19	25400392	25401501	1	1	1	6	1	60
19	25401748	25403260	1	1	1	5	1	47
19	25403349	25405340	1	1	1	9	0	62
19	25405561	25407584	1	1	1	5	0	71
19	25407728	25408242	1	1	1	7	0	45
19	25408444	25410228	1	1	1	8	0	61
19	25410328	25410884	1	1	1	7	0	71
19	25648810	25649441	2	2	1	2	0	37
19	25911027	25919406	1	1	1	1	0	23
19	25919483	25921618	1	1	1	1	0	51
19	26584456	26597083	1	1	1	2	1	28
19	26601411	26608069	1	1	1	4	0	53
19	26608532	26617787	1	1	1	3	0	58
19	26618050	26624420	1	1	1	5	0	68
19	26624548	26626383	1	1	1	5	0	67
19	26626558	26628948	1	1	1	1	0	57
19	26629123	26631740	1	1	1	2	0	60
19	26631912	26641450	1	1	1	4	0	54
19	26641505	26646152	1	1	1	4	0	54
19	26646284	26646513	1	1	1	8	0	66
19	26646572	26648008	1	1	1	2	0	51
19	26646572	26648483	1	1	1	6	0	53
19	26648191	26648483	1	1	1	1	0	36
19	26648585	26650098	1	1	1	7	0	69
19	26650247	26654033	1	1	1	5	0	52
19	26654198	26655715	1	1	1	7	0	53
19	26655783	26656473	1	1	1	5	0	67
19	26656585	26659270	1	1	1	2	0	72
19	26659514	26661208	1	1	1	7	0	68
19	26661323	26668744	1	1	1	10	0	62
19	26668853	26669580	1	1	1	9	0	48
19	26669668	26673575	1	1	1	4	0	47
19	26673623	26675745	1	1	1	2	0	14
19	26675913	26683467	1	1	1	3	0	67
19	26683632	26687857	1	1	1	6	0	53
19	26688086	26693514	1	1	1	9	1	54
19	26693393	26693514	1	1	1	1	1	24
19	26693593	26698128	1	1	1	8	1	74
19	26698348	26729223	1	1	1	15	1	74
19	26725699	26729223	1	1	1	5	0	65
19	26725945	26727251	1	1	1	3	0	71
19	26727348	26729223	1	1	1	8	0	68
19	26729442	26737277	1	1	1	20	1	54
19	26729442	26748337	1	1	1	16	1	67
19	26731105	26748337	1	1	1	1	1	41
19	26737332	26748337	1	1	1	13	2	54
19	26748444	26748907	1	1	1	35	3	72
19	26749010	26751572	1	1	1	39	3	70
19	26751706	26753500	1	1	1	38	2	68
19	26753644	26754734	1	1	1	35	1	74
19	27194349	27194942	1	1	1	1	0	23
19	27195097	27207595	1	1	1	6	0	71
19	27207716	27212189	1	1	1	9	0	72
19	27212313	27213639	1	1	1	5	0	73
19	27213763	27215452	1	1	1	8	0	68
19	27215825	27215909	1	1	1	12	0	65
19	27216033	27216123	1	1	1	9	0	66
19	27216247	27217021	1	1	1	6	0	75
19	27217142	27217244	1	1	1	4	0	75
19	27217371	27217865	1	1	1	5	0	59
19	27218038	27218634	1	1	1	7	0	64
19	27218854	27220464	1	1	1	7	0	51
19	27220584	27221157	1	1	1	3	1	25
19	27221298	27221598	1	1	1	7	1	74
19	27221741	27222934	1	1	1	8	0	75
19	27223082	27223992	1	1	1	14	1	72
19	27223082	27224409	1	1	1	4	0	50
19	27224077	27224409	1	1	1	11	1	55
19	27224491	27225256	1	1	1	13	0	70
19	27225427	27226504	1	1	1	17	0	73
19	27367714	27371637	2	2	1	14	2	60
19	27371729	27373340	2	2	1	0	1	33
19	27371729	27373694	2	2	1	9	1	61
19	27373783	27374492	2	2	1	4	0	38
19	27373783	27376281	2	2	1	8	1	58
19	27376505	27377078	2	2	1	7	0	71
19	27377222	27389581	2	2	1	8	0	74
19	27389663	27393285	2	2	1	4	0	54
19	27393340	27394134	2	2	1	6	0	54
19	27394234	27396194	2	2	1	8	0	51
19	27396274	27397417	2	2	1	7	0	61
19	27397522	27398696	2	2	1	5	0	60
19	27398872	27399754	2	2	1	5	1	68
19	27399822	27400053	2	2	1	5	1	60
19	27400148	27400905	2	2	1	3	1	56
19	27400982	27401608	2	2	1	6	1	62
19	27401745	27403195	2	2	1	7	1	67
19	27403415	27404436	2	2	1	6	0	63
19	27404529	27407191	2	2	1	2	0	14
19	27764168	27771010	2	2	1	1	0	17
19	27779880	27783587	2	2	1	1	0	17
19	27791091	27792884	2	2	1	1	0	38
19	27808193	27814806	2	2	1	1	0	41
19	27814882	27827110	2	2	1	1	0	71
19	28241445	28261051	2	2	1	2	0	36
19	28294814	28331605	2	2	1	2	0	74
19	28331717	28335190	2	2	1	1	0	50
19	28536912	28544439	1	1	1	1	0	21
19	28812733	28856412	1	1	1	30	1	73
19	28856554	28870234	1	1	1	34	2	74
19	28870328	28871853	1	1	1	29	1	68
19	28871969	28873483	1	1	1	25	3	43
19	28873527	28874906	1	1	1	31	3	44
19	28875003	28878841	1	1	1	34	2	75
19	28879027	28880085	1	1	1	39	1	73
19	28880194	28882011	1	1	1	38	0	70
19	28882135	28882732	1	1	1	34	0	69
19	28882928	28886830	1	1	1	19	0	74
19	28885016	28900966	2	2	1	0	1	35
19	28885333	28886830	1	1	1	2	0	52
19	28886966	28889053	1	1	1	24	0	70
19	28895607	28900966	2	2	1	4	0	55
19	28901103	28905048	2	2	1	9	1	70
19	28905151	28905947	2	2	1	13	1	73
19	28906033	28906316	2	2	1	2	0	72
19	28906033	28906524	2	2	1	5	0	70
19	28906033	28915631	2	2	1	7	0	68
19	28915820	28916534	2	2	1	3	0	35
19	28916570	28919111	2	2	1	5	0	35
19	28919215	28921623	2	2	1	2	0	47
19	28919215	28921632	2	2	1	1	0	37
19	28921855	28923150	2	2	1	1	0	62
19	28926144	28931489	2	2	1	1	0	32
19	28926144	28937079	2	2	1	1	0	39
19	28931532	28937079	2	2	1	2	0	42
19	28937129	28940935	2	2	1	3	1	49
19	28941074	28941166	2	2	1	1	0	53
19	28941074	28941220	2	2	1	1	1	15
19	28968070	28972440	1	1	1	31	0	71
19	28972723	28976660	1	1	1	33	1	74
19	28976752	28984371	1	1	1	22	1	74
19	28984488	28984972	1	1	1	26	4	73
19	28985096	28989288	1	1	1	30	4	74
19	28989454	28990187	1	1	1	9	0	60
19	28989454	28993241	1	1	1	2	0	69
19	28989454	28993405	1	1	1	26	2	68
19	28989454	29002203	1	1	1	2	0	14
19	28990311	28993405	1	1	1	3	0	57
19	29000347	29003611	2	2	1	93	2	75
19	29003731	29004570	2	2	1	90	6	74
19	29004744	29015271	2	2	1	73	7	74
19	29015392	29025078	2	2	1	67	5	74
19	29044983	29046318	1	1	1	1	0	52
19	29044983	29046521	1	1	1	1	0	28
19	29079041	29093122	1	1	1	9	0	73
19	29093195	29095624	1	1	1	7	0	58
19	29095801	29098669	1	1	1	11	1	71
19	29098745	29099165	1	1	1	12	1	67
19	29099291	29105398	1	1	1	11	1	61
19	29105525	29108049	1	1	1	17	0	70
19	29108207	29111799	1	1	1	16	0	74
19	29111904	29120541	1	1	1	14	0	64
19	29229519	29229836	1	1	1	4	0	60
19	29229920	29239582	1	1	1	2	0	67
19	29239834	29248750	1	1	1	1	0	51
19	29248875	29252401	1	1	1	2	0	65
19	29252520	29254149	1	1	1	2	0	58
19	29254296	29259716	1	1	1	2	0	53
19	29260039	29260941	1	1	1	2	0	70
19	29261062	29262236	1	1	1	1	0	61
19	29262395	29263700	1	1	1	5	0	75
19	29263813	29265300	1	1	1	6	0	74
19	29265488	29266073	1	1	1	3	0	71
19	29266202	29268566	1	1	1	1	1	73
19	29268702	29272255	1	1	1	2	1	50
19	29272344	29273041	1	1	1	2	1	59
19	29273170	29273909	1	1	1	2	0	72
19	29274049	29275692	1	1	1	1	0	55
19	29275845	29275987	1	1	1	1	0	66
19	29276139	29276878	1	1	1	2	0	42
19	29277016	29278308	1	1	1	7	0	56
19	29278499	29279011	1	1	1	7	0	71
19	29279137	29279298	1	1	1	6	0	69
19	29279472	29286994	1	1	1	8	0	65
19	29287113	29288327	1	1	1	9	0	75
19	29288442	29289140	1	1	1	13	0	60
19	29299140	29302444	2	2	1	23	0	75
19	29309567	29311785	2	2	1	1	0	72
19	29326406	29327759	2	2	1	25	0	73
19	29326406	29335716	2	2	1	1	0	28
19	29327870	29328443	2	2	1	24	1	74
19	29328575	29335716	2	2	1	23	1	72
19	29335804	29338216	2	2	1	20	3	73
19	29335804	29339196	2	2	1	2	0	30
19	29338328	29339064	2	2	1	1	0	33
19	29338328	29339196	2	2	1	10	4	58
19	29338328	29339273	2	2	1	1	0	58
19	29342276	29344605	2	2	1	1	0	46
19	29344907	29350957	1	1	1	1	0	66
19	29351300	29357703	1	1	1	1	0	47
19	29510673	29518655	1	1	1	2	0	60
19	29512639	29513019	1	1	1	1	0	64
19	29518736	29539384	1	1	1	3	0	74
19	29539493	29544619	1	1	1	2	0	60
19	29544763	29544884	1	1	1	2	0	30
19	29545022	29546741	1	1	1	2	0	71
19	29546834	29548145	1	1	1	1	0	40
19	29548235	29552131	1	1	1	3	0	75
19	29552277	29553253	1	1	1	1	0	49
19	29553303	29554982	1	1	1	1	0	17
19	29555136	29557164	1	1	1	1	0	27
19	29557369	29561574	1	1	1	1	0	39
19	29561614	29561866	1	1	1	1	0	39
19	29563271	29563939	1	1	1	1	0	38
19	29565247	29572198	1	1	1	1	0	17
19	29573400	29575146	1	1	1	1	0	16
19	29577519	29578217	1	1	1	1	0	48
19	29579851	29579991	1	1	1	2	0	60
19	29580181	29581260	1	1	1	2	0	65
19	29590080	29590168	2	2	1	11	2	47
19	29590083	29590168	2	2	1	2	0	48
19	29590333	29593122	2	2	1	9	0	74
19	29593239	29593916	2	2	1	6	0	62
19	29595371	29600468	2	2	1	6	0	68
19	29600660	29601040	2	2	1	11	0	71
19	29601216	29604246	2	2	1	3	0	58
19	29604468	29606003	2	2	1	3	0	68
19	29606217	29608742	2	2	1	2	0	62
19	29608836	29609790	2	2	1	2	0	62
19	29609938	29614690	2	2	1	1	0	37
19	29623669	29625435	2	2	1	1	0	18
19	29788397	29790214	2	2	1	1	0	35
19	29932652	29934300	1	1	1	2	0	53
19	29934399	29936249	1	1	1	3	0	67
19	30016698	30033634	1	1	1	2	0	72
19	30048862	30051293	1	1	1	5	0	74
19	30051404	30052483	1	1	1	9	0	72
19	30052671	30055413	1	1	1	7	1	68
19	30055538	30055939	1	1	1	3	1	54
19	30056048	30057238	1	1	1	5	0	73
19	30057344	30060133	1	1	1	4	0	50
19	30060241	30063645	1	1	1	7	0	69
19	30063809	30064575	1	1	1	4	0	56
19	30064717	30065878	1	1	1	6	0	66
19	30065976	30066585	1	3	1	7	0	57
19	30066744	30069440	1	1	1	5	0	61
19	30069540	30070117	1	1	1	5	0	57
19	30076511	30077236	2	2	1	28	3	71
19	30077318	30078142	2	2	1	26	3	68
19	30078316	30080378	2	2	1	23	2	72
19	30080475	30088072	2	4	1	21	2	73
19	30088185	30091121	2	2	1	22	1	68
19	30091264	30092587	2	2	1	14	1	70
19	30092701	30093798	2	2	1	9	1	62
19	30093949	30095942	2	2	1	18	1	74
19	30096069	30102121	2	2	1	16	0	67
19	30102198	30109071	2	2	1	14	0	73
19	30109215	30110879	2	2	1	13	0	42
19	30110922	30111094	2	2	1	13	0	42
19	30111180	30111589	2	2	1	10	0	72
19	30111688	30113903	2	2	1	9	0	65
19	30113985	30114492	2	2	1	8	0	44
19	30114633	30116674	2	2	1	10	0	67
19	30116781	30120759	2	2	1	9	0	74
19	30120857	30122546	2	2	1	9	0	71
19	30122744	30123017	2	2	1	8	0	72
19	30123166	30124568	2	2	1	12	0	54
19	30124647	30128821	2	2	1	10	0	75
19	30128987	30135913	2	2	1	13	0	75
19	30136050	30151823	2	2	1	10	0	72
19	30151903	30152390	2	2	1	8	0	75
19	30396330	30403118	1	1	1	1	0	24
19	30403268	30405571	1	1	1	1	0	73
19	30562703	30563665	2	2	1	1	0	48
19	30563808	30570247	2	2	1	1	0	26
19	31077057	31089944	1	1	1	2	0	31
19	31077057	31106389	1	1	1	2	0	53
19	31090079	31114136	1	1	1	2	0	25
19	31106472	31114136	1	1	1	3	0	37
19	31846260	31870454	1	1	1	5	0	32
19	31870599	31886191	1	1	1	9	0	63
19	31886327	31888505	1	1	1	12	0	74
19	31888637	31895283	1	1	1	8	0	68
19	31895523	31898221	1	1	1	7	0	72
19	31898387	31904507	1	1	1	7	0	57
19	31904606	31909824	1	1	1	5	0	74
19	31910099	31912051	1	1	1	9	0	69
19	31912234	31922363	1	1	1	6	0	66
19	31912234	31924758	1	1	1	2	0	51
19	31922501	31923185	1	1	1	10	0	74
19	31923338	31924758	1	1	1	11	1	63
19	31964348	31969401	2	2	1	7	0	63
19	31969491	31972741	2	2	1	8	0	60
19	31972802	31981083	2	2	1	7	1	60
19	31981231	31983657	2	2	1	3	1	31
19	31983754	31985979	2	2	1	3	1	70
19	31986076	31986805	2	2	1	4	1	40
19	31986846	31989825	2	2	1	3	0	40
19	31989921	31991601	2	2	1	2	0	36
19	31991718	31993884	2	2	1	6	0	52
19	31993967	31994083	2	2	1	11	0	58
19	31994189	31996341	2	2	1	12	0	54
19	31996429	31999653	2	2	1	10	0	67
19	31999780	32002200	2	2	1	5	1	71
19	32020959	32022289	2	2	1	1	1	51
19	32022418	32023484	2	2	1	2	1	66
19	32023662	32030232	2	2	1	3	0	59
19	32030383	32031879	2	2	1	2	0	66
19	32032041	32035196	2	2	1	2	0	73
19	32035326	32037951	2	2	1	5	0	73
19	32038074	32038686	2	2	1	5	0	64
19	32038803	32078949	2	2	1	1	0	24
19	32038806	32078949	2	2	1	1	0	62
19	32038861	32078949	2	2	1	3	0	39
19	32079028	32085257	2	2	1	3	0	46
19	32089492	32114688	1	1	1	1	0	19
19	32101925	32102625	2	2	1	14	0	72
19	32102793	32106940	2	2	1	8	0	70
19	32107095	32120145	2	2	1	7	1	55
19	32120264	32136923	2	2	1	5	1	56
19	32137764	32188227	2	2	1	3	0	53
19	32137764	32200908	2	2	1	6	1	68
19	32200991	32225393	2	2	1	6	1	43
19	32200991	32266940	2	2	1	2	0	27
19	32225437	32237375	2	2	1	0	1	45
19	32225437	32266940	2	2	1	6	0	43
19	32267032	32300436	2	2	1	3	0	71
19	32267032	32329344	2	2	1	7	1	73
19	32329424	32365031	2	2	1	0	1	64
19	32329424	32365619	2	2	1	3	0	52
19	32366777	32367104	1	1	1	9	0	65
19	32443537	32443560	2	2	1	1	4	46
19	32463960	32468737	1	1	1	10	1	72
19	32468936	32471270	1	1	1	13	6	70
19	32471369	32475783	1	1	1	11	6	60
19	32475918	32491372	1	1	1	19	3	70
19	32573276	32611285	1	1	1	7	0	71
19	32597587	32611285	1	1	1	9	0	73
19	32611401	32614433	1	1	1	25	0	70
19	32614670	32615653	1	1	1	26	0	74
19	32615793	32616318	1	1	1	22	0	45
19	32616438	32616617	1	1	1	30	1	70
19	32616732	32618699	1	1	1	41	2	75
19	32618812	32623728	1	1	1	29	1	15
19	32618812	32629295	1	1	1	3	0	45
19	32623744	32629295	1	1	1	30	1	16
19	32629502	32637978	1	1	1	25	0	75
19	32638115	32640454	1	1	1	27	0	74
19	32640724	32641820	1	1	1	15	0	74
19	32642051	32642825	1	1	1	25	1	74
19	32651765	32654116	2	2	1	16	0	70
19	32654251	32661401	2	2	1	22	0	51
19	32661453	32664632	2	2	1	20	0	51
19	32664723	32673191	2	2	1	16	2	62
19	32673299	32675839	2	2	1	22	2	71
19	32676041	32678919	2	2	1	20	0	69
19	32679041	32679939	2	2	1	16	0	70
19	32680039	32682479	2	2	1	1	0	36
19	32680039	32684234	2	2	1	17	0	72
19	32682516	32684234	2	2	1	1	0	36
19	32684410	32685471	2	2	1	1	0	43
19	32684410	32689665	2	2	1	6	0	43
19	32684410	32690150	2	2	1	2	0	37
19	32685539	32689665	2	2	1	1	0	40
19	32735924	32753414	1	1	1	7	1	71
19	32753500	32769948	1	1	1	4	0	27
19	32769994	32775470	1	1	1	6	0	44
19	32775515	32777260	1	1	1	8	0	44
19	32777500	32789095	1	1	1	11	0	73
19	32789238	32792816	1	1	1	13	0	73
19	32792984	32795235	1	1	1	16	0	74
19	32795461	32797242	1	1	1	9	1	73
19	33115675	33145721	2	2	1	3	0	31
19	33145898	33179874	2	2	1	1	0	56
19	33359926	33368479	2	2	1	1	0	72
19	33367460	33567290	2	2	1	0	6	73
19	33367460	33567936	2	2	1	0	11	73
19	33368586	33369354	2	2	1	1	0	26
19	33438276	33534506	2	2	1	0	6	49
19	33445342	33560446	2	2	1	0	6	43
19	33479026	33536911	2	2	1	0	4	41
19	33490079	33559452	2	2	1	0	2	33
19	33491759	33560446	2	2	1	0	6	43
19	33495178	33565600	2	2	1	0	2	24
19	33533880	33534506	2	2	1	11	13	59
19	33534579	33535664	2	2	1	10	15	72
19	33534579	33700229	2	2	1	0	7	67
19	33535737	33536911	2	2	1	13	11	71
19	33537056	33556761	2	2	1	10	10	69
19	33537056	33556805	2	2	1	1	1	30
19	33537056	33656297	2	2	1	0	4	26
19	33537056	33723124	2	2	1	1	10	69
19	33556899	33557864	2	2	1	23	0	68
19	33557975	33559452	2	2	1	27	3	74
19	33557975	33560446	2	2	1	0	1	34
19	33559553	33560446	2	2	1	1	0	64
19	33559652	33560446	2	2	1	16	15	72
19	33560565	33562269	2	2	1	11	17	73
19	33560565	33728653	2	2	1	0	8	50
19	33562376	33565600	2	2	1	16	15	74
19	33565744	33567290	2	2	1	0	17	73
19	33565744	33567936	2	2	1	0	15	73
19	33565744	33738997	2	2	1	0	17	73
19	33568044	33568161	2	2	1	0	9	48
19	33568207	33568762	2	2	1	0	3	45
19	33568210	33568762	2	2	1	0	5	48
19	33723262	33724238	2	2	1	2	0	51
19	33724349	33725834	2	2	1	3	0	61
19	33726937	33728653	2	2	1	0	3	50
19	33728760	33737292	2	2	1	0	2	60
19	33737435	33738997	2	2	1	0	7	73
19	33737435	33739643	2	2	1	0	2	61
19	34204160	34207492	1	1	1	1	0	62
19	34207569	34208830	1	1	1	1	0	36
19	34208927	34211360	1	1	1	1	0	18
19	34211719	34212609	1	1	1	1	0	33
19	34212735	34213675	1	1	1	1	0	55
19	34219211	34220716	2	2	1	19	2	74
19	34220899	34222311	2	2	1	9	0	71
19	34222504	34223477	2	2	1	12	1	66
19	34223640	34224051	2	2	1	13	2	64
19	34224137	34225823	2	2	1	24	2	67
19	34225935	34229129	2	2	1	15	0	68
19	34229259	34229824	2	2	1	11	0	70
19	34229977	34232689	2	2	1	4	0	37
19	34268145	34284524	1	1	1	3	0	52
19	34274242	34277421	1	1	1	2	0	28
19	34277583	34284524	1	1	1	2	0	39
19	34284679	34292578	1	1	1	5	2	68
19	34292717	34293968	1	1	1	8	2	68
19	34294078	34295989	1	1	1	8	1	53
19	34296052	34296182	1	1	1	6	0	54
19	34296237	34296709	1	1	1	7	0	54
19	34296790	34297960	1	1	1	10	0	25
19	34297986	34304392	1	1	1	10	0	25
19	34297986	34310442	1	1	1	1	0	25
19	34471614	34472459	2	2	1	43	1	72
19	34471614	34477496	2	2	1	1	1	72
19	34472532	34477496	2	2	1	47	0	72
19	34477569	34478902	2	2	1	54	2	68
19	34479050	34484408	2	2	1	42	5	74
19	34484546	34486388	2	2	1	35	5	71
19	34486499	34488222	2	2	1	57	3	75
19	34488422	34500821	2	2	1	55	3	74
19	34500940	34502137	2	2	1	42	3	65
19	34502243	34504765	2	2	1	1	1	18
19	34502247	34503821	2	2	1	1	0	61
19	34502247	34504765	2	2	1	25	2	73
19	34547771	34550466	1	1	1	3	0	73
19	34561005	34564460	1	1	1	3	0	54
19	34564813	34565312	1	1	1	1	0	71
19	34585164	34588830	1	1	1	2	0	60
19	34597583	34639669	2	2	1	1	0	19
19	34618388	34624870	1	1	1	1	0	66
19	34648294	34649835	2	2	1	32	0	74
19	34650096	34652206	2	2	1	30	0	64
19	34652787	34654683	2	2	1	30	1	70
19	34654828	34657687	2	2	1	19	2	74
19	34657792	34668043	2	2	1	17	2	71
19	34662067	34668043	2	2	1	1	0	75
19	34668292	34677662	2	2	1	1	0	50
19	34668292	34686371	2	2	1	2	0	37
19	34668292	34724465	2	2	1	25	0	74
19	34686431	34724465	2	2	1	2	0	59
19	34735609	34752747	2	2	1	1	0	17
19	34752858	34766389	2	2	1	1	0	67
19	34789788	34791091	2	2	1	69	7	73
19	34791218	34798499	2	2	1	59	6	73
19	34798624	34799112	2	2	1	55	3	74
19	34799265	34804604	1	3	1	1	0	66
19	34799290	34804519	2	2	1	59	1	75
19	34804774	34818156	2	2	1	57	0	74
19	34818510	34855085	2	2	1	43	0	70
19	34818510	34855923	2	2	1	11	0	68
19	34856993	34857276	2	2	1	1	0	14
19	34925126	34927140	1	1	1	1	0	41
19	34928375	34928890	1	1	1	2	0	52
19	34929030	34930270	1	1	1	3	0	73
19	34930391	34932111	1	1	1	1	0	30
19	34932173	34933350	1	1	1	1	0	59
19	34933477	34934816	1	1	1	2	0	66
19	34934945	34936815	1	1	1	3	0	60
19	34936972	34938688	1	1	1	2	0	40
19	34936972	34943446	1	1	1	4	0	61
19	34938729	34943446	1	1	1	2	0	40
19	34943624	34945515	1	1	1	6	0	39
19	34945627	34947319	1	1	1	3	0	46
19	34947518	34949796	1	1	1	1	0	44
19	34947518	34950258	1	1	1	2	0	17
19	34950410	34951827	1	1	1	4	0	62
19	34951971	34952892	1	1	1	7	0	71
19	36061219	36062465	1	1	1	7	2	56
19	36061219	36064358	1	1	1	1	0	57
19	36061361	36062465	1	1	1	1	0	56
19	36062522	36064358	1	1	1	10	2	56
19	36064416	36064723	1	1	1	11	2	58
19	36064799	36066538	1	1	1	11	3	72
19	36066611	36071775	1	1	1	7	1	72
19	36071866	36077571	1	1	1	10	1	73
19	36077640	36078208	1	1	1	1	0	30
19	36077689	36078208	1	1	1	3	1	30
19	36078239	36078633	1	1	1	6	1	30
19	36078672	36079220	1	1	1	5	0	38
19	36079301	36081735	1	1	1	9	0	68
19	36092698	36092872	2	2	1	1	0	51
19	36094270	36095233	2	2	1	1	0	55
19	36387310	36389355	1	1	1	1	0	59
19	36389637	36411969	1	1	1	3	0	58
19	36412067	36414554	1	1	1	6	0	56
19	36414611	36414702	1	1	1	5	0	56
19	36414611	36414705	1	1	1	1	0	50
19	36414763	36417398	1	1	1	6	0	60
19	36417548	36420243	1	1	1	3	0	73
19	36420343	36422387	1	1	1	5	0	67
19	36422478	36427963	1	1	1	6	0	60
19	36422478	36433020	1	1	1	4	0	71
19	36428024	36433020	1	1	1	5	0	60
19	36546903	36561335	1	1	1	1	0	70
19	36561475	36562295	1	1	1	1	0	37
19	36812137	36822933	1	1	1	5	0	69
19	36823159	36826688	1	1	1	6	0	53
19	36826785	36828899	1	1	1	8	0	37
19	36828937	36829877	1	1	1	8	0	37
19	36829954	36830201	1	1	1	10	0	66
19	36830297	36832290	1	1	1	9	3	59
19	36832358	36835202	1	1	1	8	3	68
19	36835390	36836454	1	1	1	5	1	74
19	36836577	36839485	1	1	1	6	0	72
19	36839578	36839686	1	1	1	6	0	58
19	36839766	36843351	1	1	1	5	0	45
19	36843524	36845039	1	1	1	3	0	35
19	36845120	36849012	1	1	1	4	0	31
19	36849159	36849822	1	1	1	5	0	63
19	36849989	36851196	1	1	1	9	0	64
19	36851417	36852663	1	1	1	8	0	74
19	36852774	36853584	1	1	1	4	0	55
19	36852774	36856634	1	1	1	6	0	68
19	36853774	36856634	1	1	1	8	0	60
19	36856888	36857909	1	1	1	8	0	59
19	36857993	36859076	1	1	1	9	0	56
19	36859198	36861465	1	1	1	8	0	68
19	36861564	36862882	1	1	1	7	0	46
19	36862958	36864465	1	1	1	7	0	67
19	36864572	36866108	1	1	1	3	0	34
19	36866296	36867291	1	1	1	13	0	71
19	36867449	36868140	1	1	1	17	1	74
19	36922736	36926467	1	1	1	1	0	39
19	36935910	36939038	1	1	1	1	0	29
19	36939169	36939830	1	1	1	1	0	47
19	36939900	36943017	1	1	1	4	0	63
19	36943108	36943891	1	1	1	7	0	71
19	36943988	36944075	1	1	1	6	0	56
19	36944253	36946455	1	1	1	6	1	66
19	36946597	36947313	1	1	1	5	1	56
19	36947439	36950297	1	1	1	2	0	26
19	36950419	36955714	1	1	1	1	0	23
19	36955820	36957976	1	1	1	1	0	48
19	36958530	36959046	1	1	1	1	0	65
19	36964282	36965380	1	1	1	1	0	30
19	36968325	36969835	1	1	1	2	0	65
19	36969985	36971669	1	1	1	2	0	64
19	36972113	36972198	1	1	1	1	1	60
19	36975036	36977491	1	1	1	1	0	49
19	36977634	36977716	1	1	1	2	0	34
19	36977848	36979813	1	1	1	2	0	15
19	36979940	36980887	1	1	1	3	0	75
19	36981041	36981831	1	1	1	4	0	69
19	36982044	36986979	1	1	1	3	0	60
19	36987140	36987411	1	1	1	1	0	55
19	36987583	36988660	1	1	1	2	0	65
19	37002488	37021921	2	2	1	1	0	26
19	37185304	37188069	1	1	1	37	5	75
19	37185304	37188072	1	1	1	1	0	24
19	37188273	37194581	1	1	1	43	8	71
19	37188273	37197701	1	1	1	2	0	12
19	37188273	37198037	1	1	1	1	0	43
19	37194713	37197701	1	1	1	55	6	73
19	37194755	37197701	1	1	1	4	0	40
19	37197886	37198037	1	1	1	49	2	73
19	37198205	37198788	1	1	1	41	1	74
19	37238503	37240995	2	2	1	5	0	63
19	37238503	37241193	2	2	1	1	0	33
19	37241135	37241252	2	2	1	6	0	64
19	37248237	37248903	2	2	1	13	0	68
19	37248972	37249553	2	2	1	19	0	68
19	37249627	37253913	2	2	1	18	0	62
19	37253976	37255139	2	2	1	13	0	62
19	37255413	37257983	2	2	1	8	0	67
19	37258152	37261519	2	2	1	7	0	64
19	37261632	37262604	2	2	1	5	0	74
19	37262697	37264511	2	2	1	5	0	74
19	37264633	37265496	2	2	1	5	0	67
19	37265608	37268068	2	2	1	10	0	67
19	37268214	37273281	2	2	1	13	0	74
19	37272704	37272866	2	4	1	2	0	74
19	37273365	37275450	2	2	1	15	0	73
19	37275574	37281292	2	2	1	13	0	72
19	37281396	37287186	2	2	1	11	0	71
19	37287291	37289481	2	2	1	6	0	45
19	37289563	37290908	2	2	1	5	1	53
19	37291001	37291378	2	2	1	4	1	64
19	37291472	37292232	2	2	1	6	1	46
19	37292396	37292803	2	2	1	10	0	58
19	37292917	37295375	2	2	1	12	0	73
19	37295499	37302546	2	2	1	7	0	61
19	37302717	37306379	2	2	1	8	0	56
19	37306588	37307826	2	2	1	5	0	57
19	37308012	37321323	2	2	1	1	0	35
19	37308012	37339912	2	2	1	4	0	38
19	37321426	37339912	2	2	1	1	0	13
19	37405081	37406348	1	1	1	1	0	18
19	37534074	37534210	2	2	1	4	0	54
19	37534074	37534346	2	2	1	1	0	58
19	37534074	37538744	2	2	1	1	0	13
19	37539014	37558830	1	1	1	8	0	68
19	37539014	37558942	1	1	1	0	1	61
19	37559003	37560040	1	1	1	25	2	55
19	37559003	37560046	1	1	1	1	0	12
19	37560089	37560305	1	1	1	26	2	48
19	37560397	37562159	1	1	1	34	1	46
19	37562206	37563412	1	1	1	1	0	46
19	37562206	37565383	1	1	1	35	0	46
19	37565589	37566867	1	1	1	28	0	64
19	37567024	37570640	1	1	1	10	2	53
19	37570710	37574258	1	1	1	12	2	70
19	37574343	37576085	1	1	1	17	2	48
19	37576133	37576264	1	1	1	15	3	48
19	37576386	37578298	1	1	1	19	1	69
19	37578371	37579315	1	1	1	15	2	72
19	37579414	37582109	1	1	1	18	1	72
19	37582216	37585542	1	1	1	22	0	66
19	37585653	37587013	1	1	1	15	0	67
19	37587126	37588006	1	1	1	28	2	73
19	37588142	37597373	1	1	1	33	2	74
19	37597554	37604819	1	1	1	1	0	64
19	37597554	37628069	1	1	1	31	1	74
19	37628212	37641830	1	1	1	31	1	74
19	37641905	37670107	1	1	1	35	1	74
19	37670221	37671293	1	1	1	44	1	74
19	37670225	37671293	1	1	1	1	0	49
19	37888216	37889684	2	2	1	1	0	26
19	37890382	37892124	2	2	1	3	0	48
19	37892316	37893725	2	2	1	4	0	46
19	37893826	37896034	2	2	1	2	0	32
19	37896177	37899341	2	2	1	1	0	31
19	37899438	37899537	2	2	1	1	0	56
19	37899627	37901784	2	2	1	3	0	20
19	37901925	37904053	2	2	1	2	0	24
19	37904203	37904840	2	2	1	3	0	56
19	37905012	37909166	2	2	1	2	0	70
19	37909259	37909783	2	2	1	2	0	43
19	37909940	37911405	2	2	1	1	0	41
19	37923370	37924294	2	2	1	1	0	68
19	37924394	37924508	2	2	1	1	0	40
19	37924668	37924761	2	2	1	2	0	27
19	37924944	37926311	2	2	1	1	0	70
19	37927857	37928292	2	2	1	1	0	64
19	37943008	37944890	2	2	1	1	0	21
19	37944998	37948161	2	2	1	1	0	22
19	37948287	37949367	2	2	1	1	0	24
19	37975264	37983869	2	2	1	1	0	41
19	37983958	37986663	2	2	1	2	0	39
19	37986773	38011000	2	2	1	2	0	16
19	38011093	38012789	2	2	1	1	0	57
19	38106933	38112476	2	2	1	2	0	61
19	38112584	38112743	2	2	1	1	0	42
19	38177249	38178276	2	2	1	7	2	71
19	38177249	38184144	2	2	1	1	0	39
19	38178356	38184144	2	2	1	8	2	41
19	38184184	38188007	2	2	1	8	2	39
19	38188127	38189994	2	2	1	6	0	43
19	38190038	38193143	2	2	1	11	0	43
19	38193258	38195710	2	2	1	5	0	46
19	38195757	38201808	2	2	1	4	0	46
19	38201894	38202821	2	2	1	6	0	63
19	38202906	38204278	2	2	1	5	0	57
19	38204356	38207905	2	2	1	5	0	50
19	38207952	38208079	2	2	1	6	0	46
19	38208176	38210284	2	2	1	5	0	74
19	38336888	38336962	1	1	1	1	0	43
19	38337006	38337531	1	1	1	2	0	38
19	38337292	38337531	1	1	1	16	0	70
19	38337604	38337676	1	1	1	1	0	50
19	38337604	38337698	1	1	1	24	0	70
19	38337604	38338086	1	1	1	5	0	65
19	38384750	38388881	1	1	1	14	0	74
19	38389063	38391087	1	1	1	15	0	68
19	38717437	38724874	1	1	1	2	0	68
19	38724983	38726366	1	1	1	2	0	70
19	38748711	38753743	1	1	1	1	0	48
19	38753908	38755575	1	1	1	1	0	12
19	38766460	38768209	1	1	1	1	0	23
19	38768429	38769003	1	1	1	1	0	35
19	38769227	38770980	1	1	1	1	0	54
19	38778142	38778731	2	2	1	1	0	19
19	38778817	38781144	2	2	1	2	0	56
19	38781243	38782548	2	2	1	2	0	39
19	38784002	38784081	2	2	1	1	0	36
19	38784146	38784240	2	2	1	1	0	50
19	38784314	38787341	2	2	1	1	0	25
19	38787443	38787753	2	2	1	1	0	24
19	38796146	38798451	2	2	1	1	0	17
19	38798546	38798741	2	2	1	2	0	39
19	38798904	38800787	2	2	1	2	0	74
19	38800919	38802524	2	2	1	3	0	42
19	38802579	38803129	2	2	1	3	0	54
19	38803288	38804026	2	2	1	3	0	57
19	38804160	38806381	2	2	1	4	0	65
19	38806590	38807536	2	2	1	2	0	16
19	38825891	38854059	1	1	1	1	0	63
19	38854184	38871102	1	1	1	1	0	36
19	38871219	38884430	1	1	1	2	0	42
19	38884514	38887312	1	1	1	3	0	43
19	38884514	38896215	1	1	1	1	0	69
19	38887431	38889752	1	1	1	3	0	54
19	38889860	38896215	1	1	1	3	0	45
19	38896297	38899450	1	1	1	4	0	58
19	38899540	38901634	1	1	1	2	0	52
19	38901707	38902372	1	1	1	2	0	46
19	38902502	38902747	1	1	1	2	0	69
19	38902858	38905055	1	1	1	3	3	60
19	38905315	38906314	1	1	1	4	3	39
19	38919957	38923857	1	1	1	1	0	70
19	38943275	38943357	1	1	1	1	0	56
19	38943497	38945478	1	1	1	1	0	69
19	38947605	38948112	1	1	1	1	0	67
19	38948273	38953040	1	1	1	1	0	48
19	39627187	39628300	2	2	1	0	2	69
19	39677698	39687704	2	2	1	1	0	19
19	39691961	39700855	2	2	1	1	0	61
19	39700998	39722727	2	2	1	1	0	60
19	39792375	39795609	2	2	1	0	1	38
19	39792375	39869536	2	2	1	0	3	59
19	39796122	39800998	2	2	1	0	1	65
19	39831521	39837789	2	2	1	2	0	33
19	39837932	39839472	2	2	1	1	0	60
19	39839661	39848259	2	2	1	2	0	20
19	39848402	39864657	2	2	1	2	0	73
19	39864835	39865949	2	2	1	2	2	69
19	39866111	39869536	2	2	1	0	3	59
19	39869687	39869889	2	2	1	0	1	33
19	39870053	39874983	2	2	1	0	1	65
19	39897006	39910551	2	2	1	1	1	52
19	39910660	39919851	2	2	1	3	0	72
19	40211216	40211494	2	2	1	2	0	43
19	40211613	40218950	2	2	1	1	0	66
19	40283561	40284975	2	2	1	1	0	62
19	40285089	40287906	2	2	1	5	0	59
19	40287966	40300112	2	2	1	6	0	59
19	40300308	40302807	2	2	1	3	0	61
19	40302934	40303060	2	2	1	2	0	42
19	40309275	40310236	2	2	1	1	0	65
19	40310405	40313190	2	2	1	1	0	69
19	40313277	40315893	2	2	1	1	0	38
19	40316067	40325429	2	2	1	5	0	43
19	40325480	40328488	2	2	1	1	0	50
19	40325480	40338342	2	2	1	4	0	50
19	40328591	40338342	2	2	1	1	0	60
19	40338458	40340720	2	2	1	4	0	68
19	40340851	40340961	2	2	1	4	0	48
19	40341010	40351645	2	2	1	6	0	48
19	40351710	40353437	2	2	1	3	0	57
19	40353611	40358133	2	2	1	2	0	30
19	40353611	40361919	2	2	1	1	0	45
19	40358164	40361919	2	2	1	3	0	30
19	40362062	40370964	2	2	1	3	0	55
19	40371078	40381831	2	2	1	2	0	57
19	40381961	40386985	2	2	1	3	0	63
19	40387055	40390701	2	2	1	1	0	31
19	40390755	40439757	2	2	1	2	0	45
19	40405061	40439757	2	2	1	1	0	29
19	40439843	40464505	2	2	1	1	0	20
19	40439843	40475940	2	2	1	2	0	60
19	40464598	40475940	2	2	1	1	0	48
19	40539774	40541967	2	2	1	1	0	17
19	40585987	40591248	2	2	1	2	0	70
19	40591387	40593749	2	2	1	1	0	43
19	40593904	40594146	2	2	1	1	0	19
19	40594242	40594669	2	2	1	1	0	36
19	40596151	40596663	2	2	1	1	0	36
19	40596700	40597135	2	2	1	1	0	34
19	40597252	40597345	2	2	1	2	0	69
19	40597455	40597645	2	2	1	3	0	43
19	40597777	40599737	2	2	1	1	0	67
19	40599857	40600094	2	2	1	2	2	54
19	40600219	40600368	2	2	1	1	2	61
19	40699735	40708900	1	3	1	4	0	66
19	40709019	40711530	1	1	1	3	0	51
19	40711682	40713368	1	1	1	1	0	34
19	40714703	40715731	1	3	1	3	0	59
19	40715993	40722110	1	1	1	1	0	29
19	40722231	40725193	1	1	1	1	0	74
19	40725329	40727266	1	1	1	3	0	67
19	40819887	40820422	1	1	1	1	0	53
19	40833404	40833488	1	1	1	1	0	36
19	40833649	40834142	1	1	1	2	0	53
19	40917737	40922870	2	2	1	4	0	68
19	40923027	40924716	2	2	1	6	0	68
19	40924801	40926094	2	2	1	5	0	44
19	40926172	40927810	2	2	1	6	1	32
19	40927843	40928615	2	2	1	6	1	32
19	40928701	40931745	2	2	1	1	1	43
19	40931789	40932570	2	2	1	3	1	28
19	40932599	40933930	2	2	1	4	1	28
19	40934001	40939397	2	2	1	4	0	70
19	40939470	40940794	2	2	1	1	0	29
19	40940877	40948142	2	2	1	3	0	46
19	40948307	40950788	2	2	1	3	0	52
19	40950946	40952686	2	2	1	5	0	41
19	40952728	40956942	2	2	1	3	0	41
19	40956993	40961029	2	2	1	3	0	50
19	40961096	40982454	2	2	1	3	0	66
19	41203579	41205539	2	2	1	64	1	74
19	41205617	41205786	2	2	1	73	2	74
19	41205617	41205819	2	2	1	1	0	27
19	41205871	41206608	2	2	1	68	3	73
19	41206756	41209675	2	2	1	55	3	69
19	41209745	41211522	2	2	1	61	3	70
19	41211663	41220781	2	2	1	49	0	75
19	41220913	41223119	2	2	1	53	4	73
19	41223215	41227116	2	2	1	60	5	75
19	41227284	41229015	2	2	1	69	6	75
19	41229148	41233882	2	2	1	65	3	75
19	41233961	41235081	2	2	1	45	1	73
19	41235243	41236344	2	2	1	42	5	74
19	41236468	41244583	2	2	1	24	5	69
19	41244780	41251663	2	2	1	1	0	59
19	41244780	41252197	2	2	1	41	0	64
19	41252453	41252500	2	4	1	1	0	29
19	41316674	41317638	2	2	1	1	0	65
19	41320785	41364284	2	2	1	1	0	42
19	41471223	41471965	1	1	1	1	0	20
19	41472040	41516459	1	1	1	1	0	66
19	41517080	41534313	1	1	1	1	0	43
19	41534447	41540887	1	1	1	1	0	21
19	41758636	41761488	2	2	1	1	0	39
19	41761568	41762504	2	2	1	1	0	32
19	41851752	41853610	2	2	1	1	1	31
19	41853694	41853959	2	2	1	2	1	52
19	41854028	41855144	2	2	1	2	0	64
19	41855212	41857208	2	2	1	1	0	19
19	41859375	41859573	2	2	1	1	0	48
19	41866386	41866467	2	2	1	1	0	39
19	41866533	41868540	2	2	1	1	0	28
19	41881061	41883586	2	2	1	2	0	61
19	41899129	41904043	1	1	1	1	0	28
19	41900626	41904043	1	1	1	63	6	73
19	41904319	41905081	1	1	1	91	8	74
19	41905263	41906044	1	1	1	109	3	75
19	41912528	41913149	2	2	1	11	1	68
19	41913235	41913627	2	2	1	14	1	51
19	41913679	41914970	2	2	1	14	3	34
19	41915005	41916463	2	2	1	17	2	35
19	41916553	41919794	2	2	1	12	2	57
19	41919870	41921487	2	2	1	7	1	71
19	41921604	41921690	2	2	1	4	1	39
19	41922105	41923176	1	1	1	9	3	69
19	41923323	41926041	1	1	1	8	3	61
19	41926290	41926461	1	1	1	8	0	67
19	41926552	41926802	1	1	1	1	0	52
19	41926657	41926802	1	1	1	10	0	72
19	41926892	41927246	1	1	1	13	0	29
19	41927276	41928038	1	1	1	15	0	29
19	41928173	41928295	1	1	1	11	0	48
19	41928173	41929088	1	1	1	11	4	71
19	41928344	41929088	1	1	1	10	1	48
19	41929175	41929954	1	1	1	19	2	72
19	41930079	41930374	1	1	1	11	4	72
19	41930446	41930568	1	1	1	4	2	67
19	41930446	41932020	1	1	1	11	3	66
19	41930664	41930752	1	1	1	3	0	39
19	41930664	41932020	1	1	1	1	0	55
19	41930881	41932020	1	1	1	1	0	41
19	41933020	41933095	2	2	1	2	0	66
19	41933197	41933767	2	2	1	4	0	60
19	41933828	41933897	2	2	1	4	0	60
19	41934063	41934171	2	2	1	3	0	72
19	41936756	41937893	2	2	1	1	0	37
19	41938021	41938207	2	2	1	1	0	37
19	41938277	41938419	2	2	1	3	0	74
19	41938523	41939190	2	2	1	3	0	47
19	41939291	41940845	2	2	1	1	0	22
19	41941002	41942107	2	2	1	2	0	38
19	41942258	41942355	2	2	1	1	0	23
19	41951474	41951839	2	2	1	1	0	26
19	41951518	41951839	2	2	1	3	0	69
19	41951910	41952301	2	2	1	3	0	70
19	41952843	41954652	2	2	1	5	0	74
19	41952843	41954692	2	2	1	1	0	61
19	41954754	41958141	2	2	1	6	0	49
19	41958191	41969437	2	2	1	4	0	49
19	41970448	42020327	1	1	1	5	0	68
19	42020556	42022027	1	1	1	4	0	65
19	42034550	42048326	1	1	1	124	7	74
19	42047737	42048326	1	1	1	5	1	68
19	42048454	42048605	1	1	1	1	0	17
19	42048456	42048605	1	1	1	140	10	74
19	42048647	42049366	1	1	1	1	7	41
19	42048734	42049252	1	1	1	0	3	22
19	42048734	42049366	1	1	1	146	14	75
19	42049307	42049404	1	1	1	0	1	54
19	42049502	42049741	1	1	1	148	20	75
19	42049502	42051630	1	1	1	1	0	64
19	42049839	42051630	1	1	1	136	16	74
19	42049839	42058626	1	1	1	1	8	52
19	42051765	42057945	1	1	1	2	0	36
19	42051765	42058626	1	1	1	160	4	75
19	42064695	42064893	2	2	1	5	0	73
19	42065004	42066403	2	4	1	6	0	69
19	42066519	42066922	2	2	1	4	0	41
19	42067023	42074635	2	2	1	3	0	65
19	42079376	42089075	1	1	1	16	0	62
19	42089277	42093296	1	1	1	17	0	70
19	42093429	42093768	1	1	1	9	0	71
19	42093923	42101481	1	1	1	17	0	62
19	42101544	42103475	1	1	1	15	1	62
19	42103576	42104323	1	1	1	10	1	70
19	42104458	42104945	1	1	1	16	1	60
19	42105006	42108231	1	1	1	16	1	60
19	42108424	42110033	1	1	1	10	0	61
19	42112288	42113186	2	2	1	53	0	74
19	42113466	42117309	2	2	1	21	0	75
19	42137999	42139236	1	1	1	5	0	65
19	42159108	42159984	1	1	1	3	1	60
19	42160183	42165827	1	1	1	2	1	72
19	42165899	42167727	1	1	1	1	1	56
19	42167930	42169940	1	1	1	1	0	38
19	42171211	42171866	1	1	1	3	0	56
19	42172004	42172556	1	1	1	4	0	72
19	42172629	42174243	1	1	1	5	0	70
19	42174389	42177635	1	1	1	5	0	46
19	42177683	42177960	1	1	1	4	0	47
19	42552781	42564464	1	1	1	2	0	68
19	42564641	42570358	1	1	1	1	0	26
19	42570430	42571263	1	1	1	1	0	40
19	42571360	42571841	1	1	1	1	0	14
19	42571983	42579043	1	1	1	3	0	66
19	42591794	42592293	2	2	1	1	0	33
19	42595215	42595992	2	2	1	1	0	57
19	42715426	42716095	2	2	1	1	1	56
19	42715429	42716095	2	2	1	38	2	73
19	42716217	42718060	2	2	1	36	2	73
19	42718168	42719757	2	2	1	39	0	74
19	42719913	42722159	2	2	1	28	1	69
19	42722317	42722521	2	2	1	38	0	72
19	42722595	42723861	2	2	1	27	4	73
19	42723997	42724334	2	2	1	19	4	70
19	42724477	42726527	2	2	1	14	1	74
19	42726626	42726709	2	2	1	21	0	62
19	42726772	42728773	2	2	1	29	0	62
19	42728928	42730946	2	2	1	19	0	67
19	42731103	42735785	2	2	1	12	0	65
19	42735659	42735785	2	2	1	4	0	58
19	42735860	42735935	2	2	1	17	2	70
19	42736030	42737822	2	2	1	23	2	20
19	42737843	42740775	2	2	1	24	2	21
19	42737843	42740801	2	2	1	1	0	20
19	42744236	42744696	2	2	1	1	0	41
19	42744780	42746231	2	2	1	2	0	62
19	42746346	42748144	2	2	1	3	0	45
19	42748290	42748802	2	6	1	6	0	66
19	42748869	42748948	2	2	1	3	0	48
19	42749084	42749450	2	2	1	5	0	62
19	42749513	42750534	2	2	1	4	0	59
19	42750715	42750831	2	2	1	6	0	70
19	42751000	42752233	2	2	1	9	0	48
19	42752284	42754351	2	2	1	6	0	50
19	42754422	42754568	2	2	1	8	0	70
19	42754656	42755148	2	2	1	4	0	41
19	42755273	42755556	2	2	1	2	0	59
19	42755718	42758044	2	2	1	2	0	48
19	42759336	42759555	2	2	1	1	0	55
19	42759694	42766560	2	2	1	1	0	47
19	43430457	43453559	1	1	1	1	0	31
19	43456821	43458047	1	1	1	1	0	48
19	43458218	43460287	1	1	1	2	0	54
19	43460388	43460815	1	1	1	1	0	15
19	43480353	43482118	1	1	1	1	0	53
19	43482251	43483397	1	1	1	2	0	69
19	43488997	43491346	2	2	1	41	0	71
19	43491490	43492960	2	2	1	32	1	71
19	43493127	43493214	2	2	1	38	0	74
19	43493127	43495360	2	2	1	1	0	63
19	43493366	43495360	2	2	1	43	1	74
19	43495466	43495760	2	2	1	44	0	75
19	43495874	43496308	2	2	1	39	0	74
19	43496433	43504119	2	2	1	31	1	61
19	43504302	43512776	2	2	1	22	0	65
19	43653083	43654210	2	2	1	9	1	57
19	43654268	43655353	2	2	1	12	1	57
19	43655583	43662914	2	2	1	13	1	74
19	43678721	43679456	1	1	1	1	0	40
19	43692844	43693318	1	1	1	1	0	42
19	43693470	43700173	1	1	1	1	0	42
19	43704770	43705888	1	1	1	2	0	59
19	43710355	43713652	1	1	1	1	0	20
19	43725292	43726475	2	2	1	13	1	70
19	43726590	43728275	2	2	1	15	0	75
19	43728431	43730271	2	2	1	14	1	72
19	43730354	43732055	2	2	1	13	1	74
19	43732224	43735174	2	2	1	15	1	70
19	43735362	43737228	2	2	1	21	1	73
19	43737352	43739782	2	2	1	16	0	74
19	43739974	43741260	2	2	1	16	3	66
19	43741660	43744058	1	1	1	8	1	72
19	43744131	43747166	1	1	1	14	2	61
19	43747227	43748288	1	1	1	9	2	61
19	43748499	43749127	1	1	1	15	2	36
19	43749164	43751311	1	1	1	8	1	36
19	43749164	43751341	1	1	1	3	1	36
19	43751446	43753398	1	1	1	14	2	28
19	43753427	43755639	1	1	1	13	1	28
19	43755746	43756613	1	1	1	14	1	74
19	43770873	43772621	1	1	1	16	1	66
19	43772796	43774858	1	1	1	4	1	73
19	43772796	43783254	1	1	1	4	0	46
19	43772796	43784890	1	1	1	7	1	75
19	43774973	43776053	1	1	1	1	0	22
19	43775001	43775917	1	1	1	1	0	47
19	43775001	43776049	1	1	1	1	0	56
19	43775001	43776053	1	1	1	1	0	51
19	43785017	43786499	1	1	1	2	0	44
19	43786635	43786845	1	1	1	3	0	37
19	43786635	43786850	1	1	1	1	0	31
19	43786954	43787528	1	1	1	9	1	56
19	43787585	43788975	1	1	1	7	1	56
19	43789208	43792081	1	1	1	8	1	67
19	43792246	43793374	1	1	1	12	0	66
19	43793553	43795448	1	1	1	9	0	72
19	43795704	43797088	1	1	1	5	0	62
19	43797155	43798909	1	1	1	9	0	58
19	43799048	43799554	1	1	1	10	0	73
19	43799702	43800869	1	1	1	13	0	70
19	43800955	43801628	1	1	1	13	0	67
19	43801696	43803126	1	1	1	9	0	64
19	43803254	43805235	1	1	1	9	0	68
19	43805413	43806452	1	1	1	16	0	60
19	43806621	43807793	1	1	1	23	0	74
19	43807975	43810057	1	1	1	16	0	74
19	43810185	43810445	1	1	1	9	3	72
19	43810582	43811413	1	1	1	9	3	64
19	43811634	43811776	1	1	1	15	1	73
19	43811932	43814273	1	1	1	23	1	73
19	43814430	43815022	1	1	1	14	0	72
19	43815223	43816319	1	1	1	15	0	69
19	43816447	43818250	1	1	1	16	0	61
19	43818353	43818849	1	1	1	16	1	69
19	43818994	43820483	1	1	1	15	2	71
19	43820643	43822303	1	1	1	20	1	73
19	43822471	43825022	1	1	1	15	0	74
19	43825218	43825866	1	1	1	25	0	70
19	43836718	43838214	2	2	1	2	0	56
19	43858749	43862596	2	2	1	2	0	40
19	43862697	43863265	2	2	1	3	0	71
19	43863460	43877748	2	2	1	1	0	52
19	43863460	43889508	2	2	1	1	0	74
19	43945076	43948424	2	2	1	54	2	75
19	43948544	43952110	2	2	1	1	0	55
19	43948544	43952169	2	2	1	53	1	74
19	43948791	43952169	2	2	1	1	0	27
19	43952270	43954613	2	2	1	53	2	73
19	43954754	43954859	2	2	1	1	0	69
19	43954754	43956891	2	2	1	38	1	74
19	43957004	43958440	2	2	1	24	0	72
19	43958624	43962371	2	2	1	26	0	72
19	43962528	43969241	2	2	1	17	1	68
19	43969439	43974504	2	2	1	12	0	64
19	43994062	43995462	2	2	1	1	0	51
19	43995605	44000721	2	2	1	2	0	64
19	44000910	44001993	2	2	1	1	0	36
19	44000910	44002014	2	2	1	3	0	68
19	44000966	44002014	2	2	1	1	0	58
19	44002157	44003342	2	2	1	7	0	70
19	44003520	44004104	2	2	1	4	1	61
19	44004266	44005174	2	2	1	5	0	64
19	44005325	44010000	2	2	1	2	0	64
19	44013791	44014339	1	1	1	0	1	38
19	44025588	44027611	2	2	1	38	2	73
19	44027692	44029185	2	2	1	34	2	73
19	44029276	44036073	2	2	1	27	1	74
19	44036166	44037560	2	2	1	27	1	59
19	44037620	44044560	2	2	1	34	1	60
19	44044635	44047489	2	2	1	30	1	74
19	44047616	44050281	2	2	1	22	1	62
19	44047616	44056038	2	2	1	1	0	63
19	44050344	44051457	2	2	1	17	0	47
19	44051505	44056038	2	2	1	10	0	47
19	44054995	44056038	2	2	1	2	0	32
19	44056121	44057710	2	2	1	17	0	64
19	44057835	44058027	2	2	1	2	0	37
19	44057835	44058129	2	2	1	4	0	33
19	44062980	44063869	2	2	1	37	1	75
19	44063970	44065684	2	2	1	29	1	68
19	44063970	44065701	2	2	1	9	1	69
19	44063970	44066731	2	2	1	1	0	72
19	44065791	44066731	2	2	1	1	0	43
19	44065819	44066731	2	2	1	42	0	72
19	44066880	44067327	2	2	1	45	0	74
19	44067425	44070384	2	2	1	40	2	50
19	44067718	44070384	2	2	1	1	0	50
19	44070435	44071024	2	2	1	39	2	50
19	44071135	44072855	2	2	1	32	3	62
19	44072912	44075342	2	2	1	0	2	34
19	44072918	44075346	2	2	1	33	3	63
19	44075499	44076354	2	2	1	46	1	75
19	44076479	44077113	2	2	1	38	1	75
19	44077217	44079371	2	2	1	28	1	71
19	44079567	44084662	2	2	1	46	1	72
19	44084799	44085347	2	2	1	34	0	70
19	44085456	44085641	2	2	1	30	1	74
19	44085767	44085880	2	2	1	25	1	74
19	44085971	44087023	2	2	1	30	2	72
19	44087113	44088588	2	2	1	38	1	70
19	44088659	44090175	2	2	1	36	2	71
19	44090291	44092096	2	2	1	37	1	65
19	44092192	44095726	2	2	1	22	1	66
19	44099100	44101387	2	2	1	1	0	68
19	44101486	44102112	2	2	1	1	0	22
19	44102233	44102962	2	2	1	1	0	37
19	44103173	44109311	2	2	1	4	0	54
19	44109392	44110287	2	2	1	2	0	20
19	44110400	44111582	2	2	1	1	0	18
19	44117852	44119850	2	2	1	1	0	32
19	44119953	44120524	2	2	1	1	0	36
19	44120588	44121438	2	2	1	1	0	51
19	44120604	44121438	2	2	1	1	0	68
19	44121524	44124204	2	2	1	1	0	51
19	44128153	44130562	2	2	1	22	0	73
19	44130668	44131459	2	2	1	13	0	75
19	44131580	44134379	2	2	1	16	0	73
19	44134497	44134797	2	2	1	13	0	65
19	44227048	44230098	1	1	1	2	0	35
19	44282851	44283342	1	1	1	6	0	63
19	44283626	44286478	1	1	1	3	1	42
19	44286610	44288047	1	1	1	2	1	69
19	44286610	44327348	1	1	1	0	1	68
19	44288254	44289650	1	1	1	3	0	62
19	44289884	44291439	1	1	1	3	0	70
19	44386558	44388580	2	2	1	21	1	72
19	44388814	44390131	2	2	1	10	1	69
19	44390338	44391603	2	2	1	9	0	59
19	44391735	44394925	2	2	1	11	0	61
19	44395200	44395824	2	2	1	8	0	71
19	44511606	44512098	2	2	1	2	0	25
19	44515512	44522679	2	2	1	1	0	67
19	44522823	44523126	2	2	1	1	0	64
19	44523271	44524143	2	2	1	1	0	55
19	44524240	44524496	2	2	1	1	0	24
19	44528609	44531704	2	2	1	1	0	52
19	44531829	44532139	2	2	1	1	0	46
19	44532252	44534226	2	2	1	1	0	53
19	44538660	44541136	2	2	1	13	5	70
19	44538852	44541136	2	2	1	1647	155	75
19	44541293	44542107	2	2	1	1866	116	75
19	44541293	44543369	2	2	1	0	8	71
19	44542208	44543369	2	2	1	1796	78	75
19	44543454	44543755	2	2	1	6	11	73
19	44543497	44543665	2	2	1	2	4	64
19	44543497	44543746	2	2	1	1	4	68
19	44543497	44543755	2	2	1	1089	44	75
19	44551494	44551728	1	1	1	2	0	55
19	44551980	44554316	1	1	1	2	0	39
19	44554466	44556773	1	1	1	3	0	48
19	44556920	44557842	1	1	1	2	1	29
19	44557950	44558331	1	1	1	2	1	41
19	44558396	44558665	1	1	1	1	0	64
19	44558777	44559552	1	1	1	3	0	72
19	44713184	44738930	2	2	1	2	0	30
19	44730246	44731021	1	1	1	4	0	36
19	44749483	44750126	1	1	1	4	0	73
19	44750325	44777215	1	1	1	3	0	52
19	44779242	44804346	1	1	1	1	0	48
19	44823917	44824408	1	1	1	1	0	68
19	44930866	44931887	1	1	1	2	0	42
19	44936492	44937410	1	1	1	2	0	69
19	44937579	44940507	1	1	1	3	0	67
19	44940611	44947443	1	1	1	3	0	41
19	44947520	44949172	1	1	1	4	0	45
19	44955509	44955941	1	1	1	1	0	49
19	44957574	44960036	1	1	1	1	0	23
19	44960125	44961572	1	1	1	1	0	39
19	44961705	44962046	1	1	1	3	0	70
19	44964155	44967599	1	1	1	2	0	60
19	44977797	44980576	1	1	1	1	0	24
19	44981078	44981172	1	1	1	4	0	73
19	44981322	44981558	1	1	1	3	0	60
19	44981622	44984907	1	1	1	2	0	28
19	44985007	44985118	1	1	1	3	0	58
19	44985213	44985358	1	1	1	3	0	59
19	44985473	44985730	1	1	1	2	0	65
19	44985895	44985967	1	1	1	1	0	74
19	44986138	44986402	1	1	1	2	0	56
19	44986548	44986670	1	1	1	2	0	36
19	44986894	44987109	1	1	1	3	0	68
19	44987226	44987316	1	1	1	5	0	56
19	44987478	44987617	1	1	1	3	0	62
19	44987680	44989606	1	1	1	1	0	21
19	44990658	44990785	1	1	1	1	0	54
19	44994380	44994501	2	2	1	96	5	73
19	44994609	44994702	2	2	1	54	5	75
19	44996815	44997718	1	1	1	4	0	57
19	44998679	44998856	1	1	1	3	0	65
19	44998999	45000022	1	1	1	5	0	74
19	45003507	45003622	1	1	1	1	0	38
19	45003763	45009825	1	1	1	2	0	72
19	45010276	45011980	1	1	1	1	0	26
19	45012644	45013157	1	1	1	1	0	48
19	45013419	45014240	1	1	1	6	1	75
19	45036330	45037542	1	1	1	3	0	14
19	45037707	45038182	1	1	1	5	0	55
19	45038354	45038666	1	1	1	7	0	69
19	45038354	45038670	1	1	1	1	0	42
19	45038766	45039088	1	1	1	5	0	28
19	45039165	45039314	1	1	1	7	0	73
19	45039401	45040534	1	1	1	2	0	57
19	45040663	45040849	1	1	1	3	0	37
19	45040900	45042108	1	1	1	3	0	50
19	45042159	45042740	1	1	1	4	0	48
19	45042789	45043043	1	1	1	2	0	48
19	45066896	45066999	1	1	1	2	0	70
19	45067148	45067305	1	1	1	1	0	63
19	45411680	45444971	1	1	1	3	0	74
19	45411680	45459453	1	1	1	0	2	59
19	45445050	45459453	1	1	1	2	1	43
19	45459544	45491370	1	1	1	4	2	73
19	45491603	45496122	1	1	1	3	0	61
19	45496310	45501083	1	1	1	3	0	55
19	45501181	45501825	1	1	1	2	0	73
19	45501964	45502446	1	1	1	6	0	53
19	45502566	45504296	1	1	1	4	0	49
19	45504547	45505453	1	1	1	6	0	72
19	45505573	45507247	1	1	1	9	0	70
19	45507359	45507880	1	1	1	12	0	73
19	45507960	45515702	1	1	1	9	0	35
19	45515896	45517411	1	1	1	7	0	56
19	45541610	45541947	2	2	1	3	0	50
19	45542117	45543529	2	2	1	5	0	57
19	45543659	45544360	2	2	1	3	0	26
19	45544535	45546153	2	2	1	4	0	49
19	45546472	45546694	2	2	1	5	0	55
19	45546855	45547063	2	2	1	5	0	62
19	45549147	45553349	1	1	1	12	1	67
19	45553431	45560323	1	1	1	15	1	73
19	45560438	45560843	1	1	1	2	0	74
19	45560449	45560843	1	1	1	26	1	74
19	45560978	45565431	1	1	1	28	0	68
19	45565535	45565909	1	1	1	33	0	72
19	45567365	45567559	2	2	1	3	0	59
19	45568233	45580167	2	2	1	1	0	12
19	45580234	45619303	2	2	1	2	0	66
19	45619399	45624173	2	2	1	2	0	55
19	45624307	45624701	2	2	1	1	0	40
19	45736491	45736602	2	2	1	102	3	73
19	45736720	45736984	2	2	1	103	4	74
19	45737079	45737188	2	2	1	117	5	73
19	45737309	45737495	2	2	1	51	1	75
19	45737582	45737877	2	2	1	17	1	74
19	45738117	45740168	1	1	1	1	0	63
19	45740720	45743045	2	2	1	12	0	64
19	45743206	45746343	2	2	1	11	0	68
19	45746537	45746787	2	2	1	11	0	74
19	45746874	45749542	2	2	1	6	0	70
19	45749648	45750623	2	2	1	6	1	67
19	45750710	45753888	2	2	1	6	1	67
19	45754064	45755832	2	2	1	8	0	63
19	45756447	45758489	2	2	1	12	0	58
19	45758649	45760120	2	2	1	12	0	59
19	45760406	45762100	2	2	1	8	0	71
19	45762200	45764486	2	2	1	3	0	64
19	45764659	45765325	2	2	1	3	0	50
19	45765457	45767025	2	2	1	4	0	69
19	45767124	45767470	2	2	1	4	0	52
19	45767523	45771370	2	2	1	7	0	52
19	45782157	45782439	2	2	1	1	0	17
19	45782503	45782637	2	2	1	2	0	63
19	45783027	45783178	2	2	1	1	0	36
19	45783250	45783416	2	2	1	1	0	43
19	45807418	45808712	2	2	1	3	0	66
19	45808830	45834546	2	2	1	5	0	38
19	45834626	45874390	2	2	1	6	0	72
19	45874467	45879646	2	2	1	4	0	49
19	45879774	45880504	2	2	1	2	0	73
19	45880588	45910055	2	2	1	1	0	62
19	45907246	45910055	2	2	1	1	0	17
19	45910145	45920789	2	2	1	2	0	58
19	45934543	45939100	2	2	1	3	0	58
19	45939195	45941063	2	2	1	2	0	39
19	45941140	45941862	2	2	1	1	0	12
19	45941910	45945118	2	2	1	1	0	47
19	45945180	45946845	2	2	1	1	0	30
19	45948809	45953602	2	2	1	2	0	58
19	45953690	45953800	2	2	1	2	0	36
19	45953876	45954680	2	2	1	2	0	44
19	45954774	45961261	2	2	1	1	0	46
19	45961370	45963405	2	2	1	2	0	59
19	45963553	45963657	2	2	1	2	0	24
19	45963715	45967038	2	2	1	3	0	57
19	45967152	45986854	2	2	1	1	0	57
19	46021781	46022470	2	2	1	5	0	49
19	46021781	46022476	2	2	1	2	0	24
19	46022620	46022827	2	2	1	17	0	73
19	46022952	46023049	2	2	1	12	0	69
19	46023134	46023262	2	2	1	14	0	68
19	46023386	46023859	2	2	1	10	1	70
19	46024033	46024173	2	2	1	10	0	46
19	46024277	46024362	2	2	1	9	2	71
19	46024439	46024545	2	2	1	7	1	45
19	46024591	46024701	2	2	1	9	1	45
19	46024805	46027493	2	2	1	2	0	69
19	46024805	46033268	2	2	1	6	0	30
19	46025510	46033268	2	2	1	1	0	17
19	46058208	46059715	1	1	1	1	0	58
19	46067461	46067569	1	1	1	2	0	55
19	46067698	46068346	1	1	1	1	0	37
19	46067698	46068349	1	1	1	2	0	72
19	46068525	46069742	1	1	1	5	0	73
19	46069862	46069979	1	1	1	5	0	47
19	46070116	46070686	1	1	1	4	0	55
19	46070816	46070954	1	1	1	4	0	75
19	46071066	46071178	1	1	1	6	0	68
19	46071803	46071958	1	3	1	7	0	44
19	46072070	46072193	1	1	1	5	0	69
19	46072283	46072450	1	1	1	4	0	55
19	46120613	46121562	1	1	1	1	0	44
19	46141232	46151958	1	1	1	2	0	31
19	46152065	46159095	1	1	1	3	0	49
19	46159163	46234527	1	1	1	2	0	62
19	46242535	46242995	1	1	1	2	0	61
19	46243057	46244091	1	1	1	2	0	47
19	46244147	46247542	1	1	1	3	0	55
19	46248236	46249151	1	1	1	1	0	15
19	46254167	46254463	1	1	1	1	0	19
19	46255845	46256431	1	1	1	1	0	65
19	46256556	46256829	1	1	1	1	0	24
19	46258421	46258696	1	1	1	1	0	46
19	46258791	46259112	1	1	1	1	0	43
19	46259290	46259993	1	1	1	1	0	65
19	46260059	46260145	1	1	1	2	0	18
19	46260270	46260424	1	1	1	3	0	25
19	46260497	46260613	1	1	1	1	0	53
19	46260709	46260939	1	1	1	2	0	60
19	46261094	46267648	1	1	1	1	0	17
19	46268863	46268976	1	1	1	4	0	70
19	46269171	46271473	1	1	1	2	0	46
19	46271625	46271758	1	1	1	5	0	75
19	46271890	46272060	1	1	1	5	0	69
19	46272163	46272443	1	1	1	4	0	67
19	46272558	46272688	1	1	1	4	0	57
19	46272870	46273143	1	1	1	3	1	53
19	46273273	46274098	1	1	1	6	1	66
19	46293290	46293546	2	2	1	1	0	53
19	46294464	46294721	1	1	1	0	1	33
19	46294804	46294924	1	1	1	1	1	33
19	46294966	46295209	1	1	1	1	0	41
19	46296158	46296394	1	1	1	1	0	12
19	46296698	46296783	1	1	1	1	0	57
19	46297194	46297303	1	1	1	3	0	48
19	46297514	46297593	1	1	1	2	0	14
19	46299039	46299162	1	1	1	1	0	63
19	46299315	46299447	1	1	1	3	0	50
19	46299518	46299720	1	1	1	5	0	67
19	46299894	46300019	1	1	1	3	0	60
19	46300132	46300211	1	1	1	2	0	63
19	46301885	46302092	2	2	1	2	0	58
19	46302238	46302614	2	2	1	1	0	30
19	46316966	46317113	1	1	1	10	0	69
19	46317268	46317526	1	1	1	10	0	66
19	46318033	46318540	1	1	1	31	2	73
19	46319274	46319358	2	2	1	61	5	61
19	46319420	46319490	2	2	1	54	2	61
19	46319553	46319728	2	2	1	44	2	62
19	46319906	46319984	2	2	1	45	6	75
19	46320059	46320195	2	2	1	13	6	65
19	46320080	46320195	2	2	1	1	0	37
19	46320113	46320195	2	2	1	24	2	63
19	46320258	46320351	2	2	1	27	7	62
19	46320496	46321056	2	2	1	26	3	73
19	46321138	46326751	2	2	1	2	0	46
19	46321138	46327007	2	2	1	4	0	65
19	46321141	46326751	2	2	1	9	1	64
19	46321141	46327007	2	2	1	11	1	62
19	46326851	46327007	2	2	1	4	0	74
19	46326860	46326958	2	2	1	2	0	61
19	46326860	46327007	2	2	1	2	0	53
19	46326870	46327007	2	2	1	2	0	51
19	46345424	46354749	1	1	1	1	0	26
19	46354993	46356147	1	1	1	1	0	43
19	46355732	46356147	1	1	1	2	0	70
19	46356601	46356704	1	1	1	1	0	14
19	46356829	46357675	1	1	1	2	0	74
19	46357773	46360374	1	1	1	1	0	72
19	46357773	46360620	1	1	1	1	0	55
19	46360815	46362884	1	1	1	4	1	59
19	46366909	46367046	2	2	1	15	5	42
19	46367088	46367851	2	2	1	15	5	41
19	46367914	46368020	2	2	1	20	5	62
19	46368196	46368687	2	2	1	16	1	74
19	46368781	46369355	2	2	1	16	0	74
19	46369573	46370732	2	2	1	16	0	74
19	46370858	46372658	2	2	1	15	1	75
19	46372785	46373451	2	2	1	16	1	68
19	46373528	46375890	2	2	1	10	0	65
19	46375956	46384068	2	2	1	10	0	65
19	46385724	46389562	1	1	1	3	0	35
19	46385724	46413437	1	1	1	2	0	62
19	46389698	46413437	1	1	1	6	0	34
19	46413575	46438267	1	1	1	11	0	70
19	46438411	46439017	1	1	1	6	0	75
19	46439104	46439329	1	1	1	5	0	38
19	46439403	46441597	1	1	1	1	0	51
19	46441755	46443173	1	1	1	4	0	71
19	46443286	46462010	1	1	1	6	0	68
19	46462146	46463946	1	1	1	3	0	59
19	46464086	46472038	1	1	1	3	0	33
19	46472108	46474293	1	1	1	3	0	65
19	46495368	46501161	1	1	1	1	4	69
19	46501258	46501546	1	1	1	8	4	74
19	46501781	46502891	1	1	1	12	3	32
19	46502924	46503060	1	1	1	9	2	34
19	46503177	46503497	1	1	1	10	0	49
19	46519826	46530790	2	2	1	105	7	74
19	46530977	46531920	2	2	1	111	11	51
19	46531972	46540011	2	2	1	95	12	51
19	46531972	46546676	2	2	1	1	0	45
19	46540129	46546676	2	2	1	74	14	73
19	46546821	46561478	2	2	1	16	10	58
19	46546821	46562768	2	2	1	1	0	51
19	46561899	46570922	1	1	1	3	0	30
19	46562820	46563722	2	2	1	1	0	12
19	46571103	46571245	1	1	1	3	0	61
19	46571417	46574143	1	1	1	2	0	61
19	46574243	46576373	1	1	1	2	0	58
19	46576450	46576662	1	1	1	2	0	66
19	46576749	46578579	1	1	1	5	0	56
19	46578641	46578922	1	1	1	6	0	61
19	46578990	46579559	1	1	1	6	0	50
19	46579610	46579931	1	1	1	8	0	50
19	46579982	46580738	1	1	1	9	0	48
19	46580787	46583110	1	1	1	8	0	48
19	46583308	46585106	1	1	1	1	0	71
19	46587733	46595150	1	1	1	4	1	48
19	46587733	46632791	1	1	1	4	0	48
19	46595199	46632791	1	1	1	4	1	48
19	46632895	46640912	1	1	1	10	0	71
19	46641075	46642403	1	1	1	9	0	69
19	46678525	46687994	1	1	1	16	0	63
19	46678643	46687994	1	1	1	1	0	30
19	46688058	46688176	1	1	1	21	0	44
19	46688221	46689213	1	1	1	24	0	21
19	46689235	46689953	1	1	1	22	0	21
19	46695976	46696194	1	1	1	18	1	44
19	46696239	46696508	1	1	1	26	2	74
19	46696637	46697406	1	1	1	28	1	72
19	46697558	46697985	1	1	1	30	2	74
19	46698123	46700659	1	1	1	31	2	70
19	46700730	46703627	1	1	1	39	3	70
19	46703710	46708327	1	1	1	40	3	69
19	46708460	46708752	1	1	1	38	3	75
19	46708896	46713342	1	1	1	40	4	74
19	46713478	46726951	1	1	1	3	0	46
19	46713478	46728899	1	1	1	37	3	73
19	46726998	46728899	1	1	1	3	0	46
19	46751833	46842339	1	1	1	10	3	57
19	46842484	46845274	1	1	1	9	2	62
19	46845413	46847381	1	3	1	12	1	65
19	46847552	46856976	1	1	1	4	1	71
19	46857071	46860094	1	1	1	3	0	66
19	46857071	46865646	1	1	1	1	1	64
19	46860161	46865646	1	1	1	5	0	56
19	46865832	46866271	1	1	1	8	0	75
19	46877491	46878208	2	2	1	14	0	70
19	46878386	46878507	2	2	1	10	0	53
19	46878569	46878684	2	2	1	14	0	52
19	46878737	46879947	2	2	1	13	0	52
19	46880119	46880673	2	2	1	14	0	67
19	46880741	46880943	2	2	1	17	0	52
19	46881052	46881957	2	2	1	17	0	42
19	46882000	46882959	2	2	1	14	0	42
19	46883044	46884946	2	2	1	14	1	54
19	46885001	46886014	2	2	1	10	1	53
19	46886109	46886766	2	2	1	2	0	72
19	46886109	46887060	2	2	1	6	1	58
19	46886961	46887060	2	2	1	2	0	58
19	46887119	46887241	2	2	1	11	0	58
19	46887334	46892316	2	2	1	10	0	75
19	46892413	46893413	2	2	1	10	1	74
19	46893532	46897928	2	2	1	1	0	55
19	46893532	46912700	2	2	1	9	1	50
19	46912775	46939284	2	2	1	7	1	65
19	46939405	46957857	2	2	1	4	1	57
19	47023125	47025676	2	2	1	8	1	66
19	47025760	47028482	2	2	1	1	0	55
19	47025764	47028482	2	2	1	2	2	50
19	47028582	47031204	2	2	1	4	2	28
19	47031233	47034248	2	2	1	4	1	28
19	47034358	47036385	2	2	1	5	0	56
19	47036446	47036546	2	2	1	4	0	54
19	47036603	47037238	2	2	1	3	0	41
19	47037336	47037428	2	2	1	3	0	72
19	47037529	47038889	2	2	1	2	0	16
19	47054947	47055808	2	2	1	1	0	63
19	47056766	47057621	1	1	1	1	0	17
19	47056766	47059419	1	1	1	2	0	67
19	47063568	47064174	1	1	1	1	0	72
19	47064339	47064435	1	1	1	1	0	63
19	47064572	47065712	1	1	1	1	0	61
19	47065834	47067206	1	1	1	4	0	56
19	47067337	47068979	1	1	1	2	0	64
19	47069145	47070247	1	1	1	1	0	46
19	47070426	47070582	1	1	1	1	0	71
19	47070761	47070865	1	1	1	2	0	64
19	47072009	47074393	2	2	1	1624	24	75
19	47073298	47074393	2	2	1	15	16	69
19	47074487	47074572	2	2	1	1539	24	75
19	47074669	47075598	2	2	1	5	8	69
19	47074669	47076077	2	2	1	1	0	18
19	47074669	47079011	2	2	1	1403	24	74
19	47075677	47079011	2	2	1	2	0	30
19	47076212	47079011	2	2	1	1	0	19
19	47094988	47095449	1	1	1	1	0	28
19	47095591	47095992	1	1	1	1	0	61
19	47096188	47096861	1	1	1	1	0	47
19	47098213	47099399	1	1	1	1	0	39
19	47108864	47112869	1	1	1	1	0	36
19	47112927	47113483	1	1	1	1	0	21
19	47113607	47114744	1	1	1	2	0	62
19	47114868	47115313	1	1	1	3	0	63
19	47115549	47115689	1	1	1	2	0	62
19	47115807	47116384	1	1	1	1	0	65
19	47117750	47118067	1	1	1	4	0	58
19	47118553	47119077	1	1	1	4	0	73
19	47124505	47126343	2	2	1	1	0	21
19	47257376	47258276	2	2	1	2	0	58
19	47258397	47260446	2	2	1	1	0	43
19	47260497	47261622	2	2	1	1	0	50
19	47353154	47361822	2	2	1	1	0	51
19	47386331	47412928	2	2	1	1	0	42
19	47413010	47452502	2	2	1	1	0	27
19	47496318	47498773	2	2	1	1	0	70
19	47502422	47504529	2	2	1	1	0	26
19	47505634	47513125	2	2	1	2	0	51
19	47508628	47509528	1	1	1	1	0	71
19	47517172	47524634	2	2	1	1	0	52
19	47600491	47603634	1	1	1	2	0	70
19	47603708	47603844	1	1	1	1	0	66
19	47604040	47604960	1	1	1	2	0	54
19	47605043	47607629	1	1	1	1	0	27
19	47609392	47610674	1	1	1	3	0	61
19	47610806	47611009	1	3	1	2	1	62
19	47611134	47613743	1	1	1	1	0	57
19	47613924	47616086	1	1	1	1	1	71
19	47613924	47623907	1	1	1	1	1	35
19	47616180	47623907	1	1	1	3	0	55
19	47624038	47624781	1	1	1	3	0	30
19	47624907	47625648	1	1	1	7	0	72
19	47625838	47626080	1	1	1	6	0	72
19	47626207	47627314	1	1	1	6	0	61
19	47627429	47630385	1	1	1	1	0	64
19	47654401	47654919	2	2	1	1	0	44
19	47654983	47655084	2	2	1	1	0	27
19	47655112	47656132	2	4	1	1	0	27
19	47720261	47721068	1	1	1	7	1	70
19	47721222	47721317	2	2	1	1	1	71
19	47721428	47721957	1	1	1	21	0	67
19	47722351	47723262	1	1	1	29	0	74
19	47843562	47843653	1	1	1	27	1	73
19	47843763	47846297	1	1	1	40	2	73
19	47846521	47847870	1	1	1	40	5	75
19	47847970	47851817	1	1	1	49	5	74
19	47851922	47852735	1	1	1	48	0	74
19	47854369	47858124	1	1	1	1	0	13
19	47858200	47858647	1	1	1	1	0	62
19	47858200	47860454	1	1	1	1	0	55
19	47873202	47874456	1	1	1	1	0	55
19	48737837	48748284	1	1	1	1	0	63
19	48748399	48752572	1	1	1	1	0	36
19	50314551	50316078	1	1	1	5	1	64
19	50316237	50316328	1	1	1	3	0	17
19	50316237	50316331	1	1	1	4	0	56
19	52932088	52932661	2	2	1	1	0	24
19	52937115	52983851	2	2	1	2	0	60
19	52980151	52983851	2	2	1	40	0	75
19	52983951	52984679	2	2	1	42	0	71
19	52984757	52985330	2	2	1	28	0	71
19	52985505	52986304	2	2	1	22	0	70
19	52986375	52987582	2	2	1	28	1	61
19	52987644	52988819	2	2	1	25	1	62
19	52988892	52990904	2	2	1	23	1	61
19	52990983	52991109	2	2	1	17	0	59
19	52991169	52992194	2	2	1	16	1	51
19	52992246	52993194	2	2	1	13	1	51
19	52993285	52994585	2	2	1	20	1	75
19	52994797	52996301	2	2	1	18	0	57
19	52996384	52998498	2	2	1	22	0	70
19	52998595	53000196	2	2	1	10	0	67
19	53000341	53000619	2	2	1	13	1	74
19	53000713	53001829	2	2	1	17	1	62
19	53001935	53003041	2	2	1	28	2	68
19	53003106	53013689	2	2	1	21	2	64
19	53013815	53017646	2	2	1	1	0	24
19	53013815	53020439	2	2	1	13	0	71
19	53013815	53026944	2	2	1	6	0	63
19	53020529	53021055	2	2	1	2	0	74
19	53020529	53026944	2	2	1	2	0	40
19	53116106	53119314	1	1	1	1	0	66
19	53119421	53119536	1	1	1	1	0	24
19	53131521	53205231	1	1	1	4	0	69
19	53186542	53205231	1	1	1	1	0	58
19	53186663	53191844	1	1	1	1	0	33
19	53186663	53205231	1	1	1	1	0	70
19	53191907	53205231	1	1	1	1	0	55
19	53205447	53215021	1	1	1	10	0	69
19	53215161	53219610	1	1	1	9	0	67
19	53219763	53220554	1	1	1	8	0	67
19	53220636	53221456	1	1	1	9	0	67
19	53221607	53222003	1	1	1	14	0	67
19	53222148	53222255	1	1	1	14	1	69
19	53222355	53223209	1	1	1	14	1	70
19	53223393	53225024	1	1	1	14	1	72
19	53225283	53226833	1	1	1	10	0	73
19	53226954	53227837	1	1	1	13	0	73
19	53227925	53230934	1	1	1	10	0	61
19	53231059	53232740	1	1	1	10	0	75
19	53231059	53233428	1	1	1	2	0	75
19	53232837	53233428	1	1	1	7	0	68
19	53299405	53319781	1	1	1	1	0	66
19	53318152	53319781	1	1	1	13	0	69
19	53319915	53320037	1	1	1	1	0	20
19	53319915	53334881	1	1	1	26	0	51
19	53334912	53357972	1	1	1	21	0	30
19	53358088	53358620	1	1	1	22	1	75
19	53358793	53360003	1	1	1	21	1	73
19	53369033	53369671	2	2	1	13	0	63
19	53369826	53371987	2	2	1	11	0	72
19	53372150	53372884	2	2	1	10	0	47
19	53373028	53374803	2	2	1	1	0	41
19	53373028	53377733	2	2	1	10	0	66
19	53374988	53377733	2	2	1	1	0	65
19	53377854	53378846	2	2	1	3	0	38
19	53434915	53435586	2	2	1	1	0	68
19	53435319	53435586	2	2	1	1	0	34
19	53435745	53435952	2	2	1	1	0	15
19	53588986	53589913	1	1	1	2	0	50
19	53589990	53602245	1	1	1	3	1	39
19	53602285	53603536	1	1	1	2	1	39
19	53603605	53606499	1	1	1	2	1	66
19	53606572	53606897	1	1	1	2	0	32
19	53606978	53607201	1	1	1	1	1	51
19	53607281	53609019	1	1	1	0	1	20
19	53609138	53610161	1	1	1	0	1	41
19	53610338	53611034	1	1	1	1	1	68
19	53611116	53611482	1	1	1	2	1	24
19	53611648	53611897	1	1	1	2	0	12
19	53612020	53613379	1	1	1	2	0	73
19	53613594	53616281	1	1	1	3	0	26
19	53616386	53616483	1	1	1	4	0	24
19	53616584	53617097	1	1	1	4	0	54
19	53617259	53617674	1	1	1	5	0	70
19	53617817	53619917	1	1	1	2	0	42
19	53620069	53622389	1	1	1	2	0	49
19	53624254	53624811	1	1	1	1	0	36
19	53627237	53627757	1	1	1	4	0	57
19	53627867	53629192	1	1	1	3	0	58
19	53629441	53629528	1	3	1	2	0	71
19	53629742	53629955	1	1	1	7	0	74
19	53629828	53629955	1	1	1	1	0	39
19	53630148	53630291	1	1	1	7	0	60
19	53630470	53632274	1	1	1	11	0	74
19	53632382	53633137	1	1	1	10	0	70
19	53728716	53730773	2	2	1	1	0	34
19	53832276	53838532	1	1	1	2	0	23
19	53891920	53895879	1	1	1	2	0	72
19	53895987	53897542	1	1	1	7	0	62
19	53897846	53899358	1	1	1	10	0	59
19	53899454	53901242	1	1	1	5	0	53
19	53901357	53908045	1	1	1	1	0	50
19	53908268	53909648	1	1	1	5	0	71
19	53909747	53910447	1	1	1	5	0	70
19	53910563	53914636	1	1	1	8	2	65
19	53914745	53914965	1	1	1	7	1	43
19	53915077	53915624	1	1	1	12	2	67
19	53915765	53917513	1	1	1	11	2	72
19	53917624	53918147	1	1	1	2	0	73
19	53919934	53920560	2	2	1	56	4	74
19	53920637	53923142	2	2	1	2	0	37
19	53920637	53931896	2	2	1	50	5	75
19	53922002	53931896	2	2	1	1	0	49
19	53923196	53931896	2	2	1	2	0	34
19	53932011	53932362	2	2	1	1	2	12
19	53932011	53932586	2	2	1	9	4	24
19	53932011	53932847	2	2	1	7	0	45
19	53933327	53975884	1	1	1	2	1	17
19	53976815	53991439	1	1	1	11	0	72
19	53991578	54005979	1	1	1	11	0	68
19	54006111	54014780	1	1	1	7	0	75
19	54014970	54016148	1	1	1	8	1	74
19	54016272	54017899	1	1	1	10	1	67
19	54018038	54018291	1	1	1	7	2	65
19	54018410	54019498	1	1	1	13	1	70
19	55059479	55061143	2	2	1	7	2	75
19	55061203	55063002	2	2	1	8	2	60
19	55063193	55063973	2	2	1	8	2	72
19	55064112	55064722	2	2	1	8	1	69
19	55064801	55066257	2	2	1	7	1	74
19	55066401	55066754	2	2	1	2	1	72
19	55067020	55067647	2	2	1	4	1	61
19	55067719	55068815	2	2	1	6	1	72
19	55068932	55069823	2	2	1	6	0	65
19	55069910	55070033	2	2	1	3	0	54
19	55070148	55071632	2	2	1	9	0	69
19	55071846	55072129	2	2	1	10	2	69
19	55072230	55075816	2	2	1	8	2	59
19	55075954	55076542	2	2	1	8	0	45
19	55076640	55077229	2	2	1	7	0	62
19	55077377	55079567	2	2	1	4	1	75
19	55079682	55082350	2	2	1	2	1	42
19	55082425	55084552	2	2	1	1	1	56
19	55084676	55085928	2	2	1	3	0	73
19	55091560	55115445	2	2	1	1	0	26
19	55240509	55257075	1	1	1	3	0	74
19	55242599	55257075	1	1	1	21	4	74
19	55242599	55257205	1	1	1	0	1	14
19	55256876	55257075	1	1	1	1	0	52
19	55257261	55261200	1	1	1	25	1	72
19	55259962	55262149	2	2	1	1	0	50
19	55261310	55266338	1	1	1	18	0	65
19	55262200	55262450	2	2	1	1	0	49
19	55266404	55266512	1	1	1	20	0	65
19	55266615	55267895	1	1	1	25	0	69
19	55267996	55268872	1	1	1	34	0	72
19	55269052	55269767	1	1	1	28	1	33
19	55269801	55269881	1	1	1	24	1	33
19	55269934	55270904	1	1	1	21	1	52
19	55270979	55271739	1	1	1	28	1	70
19	55271818	55272834	1	1	1	21	0	74
19	55272970	55276259	1	1	1	18	0	66
19	55276395	55277236	1	1	1	20	2	59
19	55277333	55279577	1	1	1	33	3	73
19	55278117	55287126	2	2	1	2	0	43
19	55279651	55279849	1	1	1	36	1	74
19	55279939	55280204	1	1	1	37	3	75
19	55280322	55282018	1	1	1	36	0	73
19	55282163	55282633	1	1	1	45	0	72
19	55282736	55283264	1	1	1	53	0	72
19	55283337	55283804	1	1	1	54	0	72
19	55283955	55284797	1	1	1	50	0	74
19	55287321	55290989	2	2	1	36	2	48
19	55291037	55291122	2	2	1	44	3	49
19	55291269	55292128	2	2	1	31	1	42
19	55292171	55292841	2	2	1	30	1	42
19	55293010	55297335	2	2	1	15	1	54
19	55297390	55298174	2	2	1	16	0	54
19	55298337	55300056	2	2	1	28	0	73
19	55300217	55301620	2	2	1	32	0	73
19	55301713	55302732	2	2	1	16	1	72
19	55303205	55303931	2	2	1	2	0	36
19	55303205	55303948	2	2	1	2	0	70
19	55303205	55304111	2	2	1	3	0	49
19	55303205	55304227	2	2	1	17	0	75
19	55304977	55306242	1	1	1	5	0	47
19	55304977	55310370	1	1	1	15	0	59
19	55310430	55316777	1	1	1	17	1	59
19	55316889	55325013	1	1	1	2	0	49
19	55316889	55369373	1	1	1	21	1	70
19	55325191	55369373	1	1	1	2	0	23
19	55369452	55380215	1	1	1	16	0	74
19	55380301	55486942	1	1	1	15	0	71
19	55470706	55471562	2	2	1	1	0	29
19	55487014	55487674	1	1	1	13	0	62
19	55487737	55612248	1	1	1	6	0	62
19	55493376	55495840	2	2	1	1	0	69
19	55730963	55731207	1	1	1	1	0	33
19	55731025	55731373	2	2	1	1	0	71
19	55731092	55731373	2	2	1	1	0	36
19	55908051	55912327	1	1	1	1	0	52
19	55915189	55919865	1	1	1	1	0	33
19	56276485	56286446	1	1	1	23	0	37
19	56286484	56295204	1	1	1	19	0	37
19	56286484	56297268	1	1	1	3	0	37
19	56295316	56297268	1	1	1	17	0	72
19	56297377	56298452	1	1	1	21	0	74
19	56298570	56299533	1	1	1	15	0	60
19	56299654	56300102	1	1	1	19	1	72
19	56300275	56301300	1	1	1	20	1	70
19	56301399	56302406	1	1	1	25	2	74
19	56302663	56303658	1	1	1	16	1	73
19	56303802	56304714	1	3	1	27	1	73
19	56304850	56306158	1	1	1	41	1	72
19	56306305	56307902	1	1	1	42	0	75
19	56323770	56324474	2	2	1	1	0	51
19	56385750	56392847	1	1	1	3	0	56
19	56392958	56421673	1	1	1	3	0	38
19	56421811	56422233	1	1	1	1	0	69
19	56422363	56424658	1	1	1	2	0	57
19	56424835	56425150	1	1	1	5	0	65
19	56425281	56429297	1	1	1	7	1	75
19	56518095	56519648	2	2	1	3	0	72
19	56519791	56525559	2	2	1	1	0	44
19	56525715	56526728	2	2	1	3	0	42
19	56526875	56528613	2	2	1	5	0	62
19	56528755	56529936	2	2	1	1	0	56
19	56530056	56531064	2	2	1	1	0	43
19	56531199	56532446	2	2	1	1	2	70
19	56534079	56535068	2	2	1	3	0	67
19	56537293	56540190	1	1	1	1	0	71
19	56540344	56558847	1	1	1	2	0	50
19	56559304	56563189	1	1	1	4	0	75
19	56563312	56564586	1	1	1	2	0	57
19	56564717	56576601	1	1	1	1	0	59
19	56576702	56580007	1	1	1	2	0	13
19	56580240	56580824	1	1	1	3	0	64
19	56580948	56582091	1	1	1	5	0	47
19	56582299	56583231	1	1	1	10	0	63
19	56583452	56585687	1	1	1	8	0	67
19	56587545	56589311	2	2	1	1	0	53
19	56779479	56780372	2	2	1	2	0	63
19	56780593	56781727	2	2	1	6	0	50
19	56787255	56788495	2	2	1	2	0	67
19	56788639	56789344	2	2	1	2	0	60
19	56795518	56796409	2	2	1	1	0	70
19	56796623	56797291	2	2	1	3	0	21
19	56796623	56797624	2	2	1	1	1	74
19	56797754	56798670	2	2	1	1	1	50
19	56802122	56810419	2	2	1	3	0	62
19	56886498	56889959	1	1	1	2	0	55
19	56890094	56890667	1	1	1	2	0	54
19	56890801	56891898	1	1	1	4	0	52
19	56891955	56893910	1	1	1	2	0	56
19	56894019	56894821	1	1	1	3	0	72
19	56895395	56897263	1	1	1	3	0	68
19	56897816	56898121	1	1	1	4	3	73
19	56898248	56899046	1	1	1	4	3	72
19	56901841	56902556	2	2	1	4	0	65
19	56902686	56902801	2	2	1	3	0	28
19	56902996	56904103	2	2	1	1	0	17
19	56905670	56906413	2	2	1	4	0	53
19	56909021	56911366	2	2	1	1	0	25
19	56911472	56911964	2	2	1	1	0	52
19	56912050	56913498	2	2	1	2	0	75
19	56913589	56916680	2	2	1	2	0	72
19	56916861	56918487	2	2	1	1	0	44
19	57025770	57027838	2	2	1	2	0	68
19	57027920	57028918	2	4	1	2	0	56
19	57032331	57033312	2	2	1	1	0	74
19	57035504	57036798	2	2	1	1	0	18
19	57037942	57049684	2	2	1	2	0	45
19	57049815	57052197	2	2	1	3	0	32
19	57052234	57056522	2	2	1	3	0	36
19	57056679	57057291	2	2	1	1	0	31
19	57057370	57068244	2	2	1	1	0	41
19	57104898	57121293	2	2	1	1	0	43
19	57123141	57140704	2	2	1	1	0	21
19	57140815	57143583	2	2	1	2	0	19
19	57143768	57161756	2	2	1	3	0	59
19	57361477	57361711	1	1	1	1	0	37
19	57367608	57369031	1	1	1	2	0	52
19	57369147	57369503	1	1	1	1	0	26
19	57369857	57370155	1	1	1	1	0	45
19	57370792	57371598	1	1	1	1	0	27
19	57371690	57372551	1	1	1	1	0	41
19	57372696	57373685	1	1	1	1	0	17
19	57373827	57374711	1	1	1	1	0	52
19	57441629	57446521	1	1	1	4	0	54
19	57441629	57452801	1	1	1	1	0	56
19	57446621	57452801	1	1	1	4	0	22
19	57452858	57461130	1	1	1	5	1	56
19	57461213	57472012	1	1	1	8	1	65
19	57472086	57473504	1	1	1	7	1	69
19	57473645	57475696	1	1	1	11	0	57
19	57475754	57476440	1	1	1	8	0	57
19	57542040	57542576	1	1	1	1	0	18
19	57600076	57617516	1	1	1	4	0	64
19	57617601	57618657	1	1	1	2	0	69
19	57618772	57626883	1	1	1	2	0	49
19	57627013	57630851	1	1	1	4	0	49
19	57638865	57641354	1	1	1	1	0	64
19	57670888	57673935	1	1	1	1	0	63
19	57674145	57675090	1	1	1	2	0	66
19	57675210	57680198	1	1	1	1	0	49
19	57680332	57684605	1	1	1	6	0	67
19	57684788	57687948	1	1	1	9	0	66
19	57688163	57690419	1	1	1	1	0	63
19	57690609	57695346	1	1	1	2	0	33
19	57703156	57719983	1	1	1	2	0	46
19	57720078	57728611	1	1	1	1	0	42
19	57741736	57743892	1	1	1	1	0	31
19	57744051	57766315	1	1	1	6	0	56
19	57766378	57785856	1	1	1	5	0	62
19	57785936	57924028	1	1	1	6	0	37
19	57924137	58030759	1	1	1	11	0	50
19	58030875	58119524	1	1	1	9	0	74
19	58252526	58255430	2	2	1	1	0	55
19	58255566	58258485	2	2	1	1	0	27
19	58258596	58288673	2	2	1	1	0	13
19	58723195	58723304	1	1	1	2	0	36
19	58723425	58725422	1	1	1	3	0	55
19	58725542	58726577	1	1	1	2	0	57
19	58726708	58728877	1	1	1	5	0	56
19	58728987	58729520	1	1	1	3	0	63
19	58729689	58732478	1	1	1	1	0	37
19	58788431	58789244	2	2	1	2	0	70
19	58789349	58792897	2	2	1	2	0	50
19	58808549	58809431	2	2	1	1	0	38
19	58813870	58815987	2	2	1	1	0	48
19	58935275	58941568	1	1	1	1	0	36
19	58963641	58978620	2	2	1	1	1	27
19	58978814	58983449	2	2	1	3	2	69
19	58983571	58988324	2	2	1	3	1	55
19	58988379	58992271	2	2	1	3	1	51
19	58992382	58998196	2	2	1	2	0	57
19	58998280	59003958	2	2	1	2	0	19
19	59004059	59007236	2	2	1	1	0	67
19	59007391	59010607	2	2	1	1	0	69
19	59010755	59016586	2	2	1	2	0	51
19	59016682	59020604	2	2	1	3	1	70
19	59020687	59023475	2	2	1	1	1	50
19	59023574	59026653	2	2	1	1	1	41
19	59026823	59030293	2	2	1	1	0	20
19	59030389	59039265	2	2	1	1	0	35
19	59290141	59293589	2	2	1	2	0	65
19	59293753	59303689	2	2	1	1	0	14
19	59316306	59333150	2	2	1	1	0	18
19	59387690	59388511	2	2	1	1	0	20
19	59417694	59418431	2	2	1	4	0	62
19	59418532	59421234	2	2	1	4	0	65
19	59421465	59446532	2	2	1	4	0	43
19	59445653	59446532	2	2	1	5	0	74
19	59448057	59450093	1	1	1	8	0	75
19	59448057	59452311	1	1	1	1	0	12
19	59448755	59449506	2	4	1	1	0	29
19	59449584	59450620	2	2	1	1	0	44
19	59450279	59452311	1	1	1	5	0	62
19	59895576	59901834	2	2	1	5	0	46
19	59901881	59924037	2	2	1	5	0	46
19	59925863	59931079	2	2	1	1	0	45
19	60187920	60188401	2	2	1	6	1	72
19	60188509	60201104	2	2	1	11	2	73
19	60201195	60208471	2	2	1	11	1	72
19	60201195	60215075	2	2	1	1	0	39
19	60208572	60208761	2	2	1	9	1	32
19	60208793	60208921	2	2	1	5	1	31
19	60209010	60209485	2	2	1	3	0	59
19	60209737	60214663	2	2	1	3	0	68
19	60209737	60214741	2	2	1	6	0	61
19	60209737	60215075	2	2	1	1	0	25
19	60212192	60213296	2	2	1	1	0	35
19	60213332	60214663	2	2	1	1	0	35
19	60517526	60517902	2	2	1	15	0	44
19	60517947	60522573	2	4	1	13	0	44
19	60522713	60525851	2	2	1	15	0	73
19	60522713	60531447	2	2	1	2	0	60
19	60525942	60531447	2	2	1	13	0	74
19	60531551	60533883	2	2	1	10	0	68
19	60533980	60551599	2	2	1	16	0	72
19	60551703	60552605	2	2	1	14	0	75
19	60552733	60568765	2	2	1	7	0	67
19	60569340	60585047	1	1	1	1	0	33
19	60750739	60751502	2	2	1	1	0	41
19	60750743	60751502	2	2	1	17	1	69
19	60751703	60752469	2	2	1	14	3	74
19	60752672	60754771	2	2	1	12	2	68
19	60754822	60775611	2	2	1	0	1	22
19	60755434	60756012	2	2	1	14	0	63
19	60756102	60757145	2	2	1	10	0	74
19	60757331	60758303	2	2	1	13	0	73
19	60758458	60759452	2	2	1	14	0	73
19	60759576	60760081	2	2	1	10	0	69
19	60760196	60760530	2	2	1	9	0	68
19	60760636	60761129	2	2	1	8	1	68
19	60761478	60761944	2	2	1	8	0	65
19	60762131	60762338	2	2	1	5	0	25
19	60762456	60763730	2	2	1	5	0	58
19	60763830	60764188	2	2	1	8	0	64
19	60764294	60765063	2	2	1	7	0	69
19	60765236	60766376	2	2	1	4	0	52
19	60766586	60767795	2	4	1	4	0	56
19	60767996	60769791	2	2	1	2	0	56
19	60769956	60770322	2	2	1	5	0	70
19	60770460	60770605	2	2	1	4	0	56
19	60770797	60778906	2	2	1	1	0	70
19	60800112	60803029	1	1	1	2	0	39
19	60800112	60803049	1	1	1	11	1	67
19	60803247	60805968	1	1	1	20	1	61
19	60806049	60809644	1	1	1	15	0	74
19	60809794	60810732	1	1	1	6	0	72
19	60810845	60814268	1	1	1	13	0	70
19	60814370	60819224	1	1	1	16	0	73
19	60819333	60821021	1	1	1	13	0	71
19	60821117	60823263	1	1	1	9	0	42
19	60827489	60830556	2	2	1	7	0	74
19	60830675	60832646	2	2	1	7	0	45
19	60832733	60839396	2	2	1	3	0	54
19	60839513	60839617	2	2	1	1	0	16
19	60839513	60840449	2	2	1	3	0	60
19	60840529	60842124	2	2	1	2	0	66
19	60842191	60842301	2	2	1	2	0	57
19	60842359	60842444	2	2	1	2	0	16
19	60853158	60853603	2	2	1	316	5	73
19	60853770	60855953	2	2	1	254	4	74
19	60856058	60858441	2	2	1	242	2	75
19	60858578	60859857	2	2	1	193	0	75
19	60858578	60861565	2	2	1	1	0	50
19	60860000	60861565	2	2	1	220	9	75
19	60861702	60862869	2	2	1	154	9	75
19	60976236	61020189	1	1	1	3	0	69
19	61020303	61034514	1	1	1	1	0	18
19	61034593	61056985	1	1	1	2	0	54
19	61057087	61057741	1	1	1	1	0	24
19	61061968	61065075	1	1	1	1	0	73
19	61065267	61067774	1	1	1	1	0	32
19	61067813	61069291	1	1	1	1	0	38
19	61069382	61071498	1	1	1	2	0	24
19	61071708	61074509	1	1	1	1	0	69
19	61078487	61078945	1	1	1	2	0	34
19	61079078	61080331	1	1	1	3	0	61
19	61105727	61106664	2	2	1	2	0	62
19	61106789	61115444	2	2	1	2	0	38
19	61115506	61115875	2	2	1	4	1	61
19	61116003	61129142	2	2	1	4	1	72
19	61140397	61167407	1	1	1	1	0	58
19	61167535	61167722	1	1	1	1	0	49
19	61213472	61213570	2	2	1	4	0	72
19	61213653	61213761	2	2	1	2	0	30
19	61213859	61213960	2	2	1	2	0	47
19	61214091	61214229	2	2	1	4	0	69
19	61214260	61214365	2	2	1	1	0	30
19	61214494	61214652	2	2	1	1	0	55
19	61214823	61214962	2	2	1	2	0	70
19	61215093	61215243	2	2	1	1	0	68
19	61215365	61215467	2	2	1	5	0	72
19	61215623	61215709	2	2	1	3	0	31
19	61215804	61216776	2	2	1	3	0	32
