4528	100
3311635	3311973	2	0	0	2
3312144	3314809	2	2	2	2
3333171	3334758	1	3	0	1
3334817	3335308	1	1	0	1
3335395	3336873	1	1	0	1
3337038	3337701	1	2	2	1
3337755	3338982	1	1	0	1
3339087	3340975	1	0	0	1
3373374	3399187	1	1	2	1
3383815	3399187	1	1	2	1
3399342	3402483	1	2	0	1
3402624	3406315	1	0	0	1
3406488	3408174	1	1	1	1
3408277	3412083	1	1	0	1
3412222	3414476	1	0	2	1
3414555	3415673	1	1	1	1
3415782	3416328	1	0	0	1
3416417	3418853	1	3	0	1
3419050	3420705	1	4	0	1
3420895	3421570	1	2	2	1
3421677	3425091	1	2	0	1
3425209	3426409	1	0	0	1
3426575	3428366	1	2	1	1
3428502	3430015	1	1	1	1
3430169	3431608	1	2	3	1
3431723	3431930	1	1	2	1
3432024	3433753	1	0	1	1
3434268	3435446	1	2	2	1
3507051	3509359	2	1	2	2
3509480	3514543	2	0	2	2
3514695	3516491	2	0	1	2
3516599	3517139	2	0	2	2
3517294	3519639	2	0	0	2
3519762	3520969	2	0	2	2
3521101	3521977	2	1	0	2
3522033	3523767	2	0	0	2
3523848	3528276	2	0	0	2
3523866	3528276	2	1	0	2
3523866	3534829	2	1	0	2
3528364	3534829	2	2	0	2
3534916	3536974	2	0	4	2
3537091	3540772	2	1	0	2
3540838	3542364	2	0	0	2
3542515	3543884	2	1	1	2
3544038	3546520	2	0	2	2
3546651	3557240	2	2	0	2
3557355	3561927	2	1	0	2
3562041	3564652	2	0	0	2
3564719	3568243	2	0	0	2
3568382	3571732	2	0	2	2
3571920	3576700	2	3	0	2
3576934	3594106	2	0	2	2
3576934	3625639	2	0	2	2
3577675	3594106	2	0	2	2
3594255	3625639	2	1	3	2
3635291	3636381	2	1	2	2
3636480	3640972	2	0	1	2
3641113	3641614	2	1	3	2
3641852	3643514	2	0	1	2
3643626	3647242	2	0	1	2
3647480	3650671	2	0	1	2
3650798	3652233	2	0	0	2
3652444	3654000	2	1	1	2
3654192	3655284	2	3	1	2
3655494	3660037	4	0	3	2
3678444	3680072	2	0	1	2
3697659	3699402	2	0	0	2
3699600	3702131	2	1	1	2
3740000	3756644	2	1	3	2
3756785	3758059	2	3	2	2
3763371	3769503	2	0	3	2
3763371	3769518	2	0	3	2
3764625	3765636	1	1	0	1
3818340	3832218	1	2	3	1
3818340	3836387	1	2	1	1
3832279	3836387	1	2	1	1
3836627	3843066	1	0	2	1
3852240	3852786	1	0	2	1
3852897	3854393	1	1	1	1
3854561	3854812	1	1	0	1
3854833	3854915	1	2	0	1
3855053	3864113	1	2	0	1
3892966	3893290	1	2	0	1
3902413	3914646	1	3	1	1
3914759	3934470	1	1	1	1
3925471	3925733	1	2	0	1
3925788	3931996	1	0	0	1
3925788	3934470	1	0	1	1
3934585	3935858	1	1	0	1
3935993	3936360	1	0	0	1
3936466	3937387	1	2	2	1
3937447	3939021	1	2	4	1
3939110	3939878	1	3	1	1
3939988	3942105	1	2	0	1
3942213	3942708	1	3	0	1
3942791	3943346	1	1	1	1
3946192	3946268	2	1	1	2
3946447	3946602	2	0	0	2
3946721	3946793	2	0	2	2
3946902	3947036	2	1	3	2
3947169	3947466	2	1	3	2
3947681	3947756	2	1	0	2
3947876	3948546	2	0	1	2
3948638	3948716	2	0	2	2
3948875	3948978	2	0	2	2
3949119	3951889	2	0	1	2
3952035	3952342	2	0	0	2
3952556	3952629	2	2	0	2
3952724	3952880	2	0	1	2
3953428	3953507	2	2	1	2
3954295	3954583	2	0	0	2
3954705	3957017	2	1	1	2
3959074	3959151	2	1	2	2
3959281	3960896	2	1	3	2
3961035	3961159	2	0	3	2
3961070	3961159	2	1	2	2
3961256	3961564	2	0	0	2
3961597	3961687	2	0	2	2
3961616	3961687	2	1	3	2
3961746	3962465	2	0	1	2
3961746	3962468	2	0	0	2
3961746	3962499	2	0	1	2
3961746	3962708	2	0	2	2
3964084	3965292	2	1	1	2
3965393	3968040	2	2	4	2
3968208	3968601	2	0	1	2
3968989	3970795	2	1	3	2
3971807	3973737	2	0	2	2
3973901	3979694	2	1	4	2
3991681	3991883	1	4	1	1
3992017	3992347	1	0	0	1
3992442	3992692	1	1	2	1
3992818	3993527	1	1	3	1
3993711	3994021	1	1	1	1
3994296	3997005	1	0	0	1
3997125	3998626	1	2	1	1
4014937	4015054	1	4	1	1
4015141	4015252	1	2	0	1
4015335	4015631	1	3	1	1
4015335	4029228	1	3	1	1
4016538	4018440	1	2	2	1
4018541	4019761	1	1	1	1
4027661	4028059	1	2	0	1
4028171	4028412	1	1	0	1
4030172	4030690	1	3	4	1
4030587	4030690	1	0	2	1
4030791	4031006	1	1	1	1
4031834	4035137	2	1	1	2
4036611	4036821	1	3	0	1
4036611	4036826	1	2	2	1
4036611	4037049	1	4	0	1
4036951	4037049	1	3	0	1
4037305	4037729	1	1	0	1
4037305	4038136	1	1	0	1
4037923	4038136	1	4	0	1
4037923	4038641	1	6	1	1
4038231	4038396	1	0	2	1
4038505	4038593	1	2	0	1
4038505	4038604	1	2	1	1
4038715	4039651	1	3	1	1
4038724	4039651	1	0	1	1
4050114	4051194	1	2	0	1
4050847	4051194	1	2	0	1
4050847	4051202	1	3	1	1
4050847	4051626	1	3	1	1
4051328	4051626	1	1	1	1
4051705	4051794	1	2	3	1
4054167	4054321	1	2	1	1
4054432	4054511	1	2	0	1
4054648	4054761	1	1	0	1
4054816	4055376	1	2	2	1
4056439	4056550	1	2	1	1
4057665	4057768	2	1	3	2
4057915	4058046	2	1	1	2
4058129	4058341	2	0	1	2
4058509	4058592	2	2	1	2
4058806	4059342	2	1	1	2
4059533	4059824	2	2	3	2
4060009	4061100	2	1	3	2
4061272	4061344	2	1	2	2
4061428	4062549	2	0	1	2
4085661	4085822	2	0	3	2
4085661	4090706	2	0	3	2
4085931	4086686	2	1	0	2
4085931	4090980	2	1	0	2
4086791	4087102	2	1	1	2
4086791	4091396	2	1	1	2
4087191	4087288	2	0	0	2
4087191	4091582	2	0	0	2
4087396	4087583	2	1	2	2
4087471	4087583	2	0	2	2
4087620	4087861	2	0	0	2
4090539	4090706	2	0	3	2
4090815	4090980	2	1	0	2
4091085	4091396	2	1	1	2
4091485	4091582	2	0	0	2
4091690	4091901	2	1	3	2
4091938	4092163	2	0	0	2
4091938	4092565	2	0	1	2
4092671	4095922	2	0	2	2
4095251	4111550	2	0	1	2
4095251	4116005	2	0	1	2
4111598	4116005	2	0	1	2
4112211	4112515	2	0	2	2
4114840	4115776	2	0	2	2
4115215	4115290	1	6	97	1
4115215	4115442	1	6	21	1
4115253	4115366	1	4	59	1
4115253	4115404	1	4	59	1
4115291	4115328	1	4	21	1
4117674	4119034	2	0	2	2
4132867	4134876	1	3	1	1
4135693	4136216	1	0	2	1
4147212	4147462	2	1	1	2
4147212	4147504	2	1	0	2
4147507	4147815	1	3	0	1
4147733	4147815	1	2	0	1
4147917	4148003	1	4	1	1
4148137	4148496	1	2	1	1
4153096	4153259	1	1	0	1
4153485	4154812	1	2	2	1
4155140	4155228	1	2	1	1
4155325	4155413	1	1	0	1
4155522	4156562	1	2	0	1
4158580	4158663	1	4	0	1
4158867	4159824	1	1	0	1
4159996	4160493	1	1	0	1
4160659	4160840	1	0	0	1
4161189	4161580	1	1	0	1
4161698	4161864	1	2	2	1
4162014	4162099	1	2	1	1
4162250	4162325	1	3	1	1
4162876	4163483	1	3	0	1
4164796	4165079	2	0	1	2
4165222	4165318	2	1	2	2
4165496	4165980	2	3	2	2
4166170	4168085	2	0	2	2
4168266	4171334	2	1	2	2
4171545	4175728	2	0	0	2
4171545	4175776	2	0	1	2
4176199	4177054	1	3	0	1
4177120	4177547	1	3	1	1
4177131	4177547	1	3	1	1
4177638	4177757	1	3	0	1
4177638	4181226	1	2	3	1
4177835	4178102	1	2	0	1
4177835	4178301	1	3	0	1
4177835	4181028	1	2	0	1
4177835	4181057	1	2	3	1
4177835	4181226	1	3	3	1
4181074	4181226	1	2	3	1
4181281	4181359	1	2	0	1
4198728	4199339	1	1	0	1
4198735	4199339	1	1	0	1
4199543	4199860	1	2	0	1
4199984	4200087	1	1	2	1
4200218	4200437	1	3	3	1
4200620	4200704	1	0	1	1
4200825	4201392	1	0	1	1
4201498	4201577	1	2	1	1
4201724	4202519	1	4	2	1
4202578	4203224	1	2	0	1
4203489	4203594	1	0	1	1
4207198	4207479	2	0	3	2
4207593	4207679	2	1	1	2
4207788	4207876	2	0	1	2
4207955	4208063	2	0	3	2
4208127	4208607	2	0	2	2
4208362	4208607	2	1	2	2
4208716	4208826	4	0	1	2
4208918	4209000	2	1	0	2
4209092	4209224	2	1	1	2
4209326	4209400	2	0	1	2
4209459	4211065	2	2	1	2
4211214	4212257	2	1	2	2
4212327	4212600	2	2	2	2
4212722	4212819	2	1	0	2
4212861	4213165	2	1	1	2
4221740	4222581	1	0	0	1
4235072	4235349	2	3	3	2
4235505	4237939	2	1	1	2
4242270	4242742	1	2	0	1
4242872	4243019	1	0	3	1
4242875	4243019	1	1	2	1
4243251	4243764	1	0	1	1
4243870	4244464	1	1	1	1
4243870	4244574	1	1	1	1
4244689	4244769	1	3	2	1
4244905	4244979	1	7	0	1
4246081	4246178	2	0	2	2
4251056	4251326	2	0	1	2
4251398	4251480	2	0	1	2
4264554	4270230	1	3	1	1
4265219	4270230	1	3	1	1
4266043	4266665	4	0	2	2
4270398	4272126	1	0	0	1
4282242	4282515	1	2	1	1
4282606	4282800	1	3	2	1
4282913	4283266	1	3	0	1
4312660	4313573	2	2	0	2
4313845	4313934	2	0	3	2
4314136	4314340	2	0	2	2
4315177	4315318	2	1	1	2
4315731	4315836	2	1	0	2
4316026	4316133	2	1	1	2
4316200	4316401	2	1	1	2
4316474	4316548	2	0	3	2
4316665	4317773	2	1	1	2
4318006	4318571	2	1	3	2
4318613	4319041	2	0	1	2
4321363	4321468	2	0	1	2
4331108	4331189	2	0	1	2
4331236	4331944	2	1	2	2
4332332	4332907	2	0	2	2
4337292	4337379	2	0	0	2
4337494	4337584	2	0	1	2
4337722	4337849	2	0	1	2
4338013	4338438	2	0	3	2
4338535	4338618	2	0	2	2
4339441	4339699	2	1	1	2
4339767	4339924	2	0	1	2
4340033	4340100	2	1	0	2
4340196	4340421	2	0	2	2
4340553	4340630	2	3	1	2
4340710	4340798	2	1	1	2
4340899	4341265	2	2	0	2
4341358	4341616	2	0	0	2
4341669	4342196	2	0	2	2
4342259	4342388	2	0	3	2
4342464	4342570	2	0	0	2
4342673	4342793	2	0	2	2
4342868	4344876	2	1	2	2
4344954	4355928	2	0	3	2
4369309	4370178	2	2	3	2
4370395	4370924	2	2	3	2
4371084	4372413	2	1	3	2
4372578	4374363	2	3	1	2
4375074	4376835	2	0	3	2
4376926	4378154	2	0	2	2
4378287	4378979	2	0	0	2
4393269	4395544	2	0	1	2
4400358	4401763	2	2	2	2
4401858	4402294	2	3	0	2
4402402	4406774	2	2	1	2
4406954	4411564	2	1	1	2
4411612	4412003	2	1	0	2
4412083	4412802	2	0	2	2
4412942	4444818	2	0	1	2
4444920	4446337	2	1	1	2
4476284	4476653	2	1	1	2
4476789	4482081	2	0	1	2
4482192	4482794	2	1	1	2
4482883	4489246	2	0	2	2
4489698	4493768	1	1	0	1
4493816	4497323	1	3	1	1
4497454	4497551	1	2	0	1
4497888	4500955	2	1	3	2
4501090	4502303	2	0	2	2
4502425	4503791	2	1	2	2
4504008	4506521	2	0	1	2
4504093	4507092	1	2	1	1
4506915	4510643	2	0	2	2
4510838	4517933	2	0	1	2
4517991	4526961	2	0	1	2
4547642	4548270	2	0	3	2
4560609	4565680	1	2	0	1
4565718	4651626	1	1	0	1
4598120	4598266	1	2	0	1
4621132	4651626	1	0	0	1
4644470	4651626	1	2	0	1
4644488	4651626	1	3	0	1
4644763	4651626	1	3	0	1
4651763	4651891	1	2	2	1
4652077	4652236	1	2	1	1
4652403	4652500	1	3	1	1
4652647	4652784	1	2	1	1
4652903	4653086	1	2	1	1
4653239	4654491	1	4	2	1
4654611	4657558	1	0	0	1
4657722	4659890	1	2	2	1
4660074	4667606	1	2	0	1
4662666	4663182	2	1	1	2
4667752	4667991	1	1	1	1
4668082	4668168	1	3	1	1
4668548	4668984	1	0	2	1
4669226	4669346	1	2	1	1
4669597	4669806	1	3	0	1
4670052	4670140	1	2	4	1
4670321	4670393	1	2	2	1
4670643	4670846	1	2	2	1
4670988	4671066	1	2	1	1
4673270	4673527	2	1	3	2
4673270	4673852	2	1	3	2
4673591	4673852	2	0	3	2
4673591	4674040	2	0	1	2
4673925	4674040	2	0	1	2
4674209	4674686	2	0	2	2
4674209	4674711	2	0	1	2
4674791	4675039	2	0	1	2
4675120	4675219	2	1	4	2
4675120	4675459	2	1	4	2
4675124	4675219	2	0	3	2
4675323	4675459	2	1	2	2
4771560	4774106	1	2	0	1
4774259	4774656	1	1	0	1
4776020	4776166	1	1	0	1
4776248	4776608	1	1	1	1
4776725	4779088	1	2	0	1
4788595	4789133	1	4	1	1
4792624	4794074	1	3	0	1
4794300	4794492	1	0	0	1
4794583	4795135	1	3	0	1
4795616	4795806	1	2	0	1
4796012	4796592	1	0	0	1
4797984	4798085	1	1	1	1
4798225	4798620	1	2	0	1
4798706	4798964	1	1	0	1
4799162	4799428	1	1	0	1
4799572	4799660	1	1	1	1
4799737	4799809	1	3	0	1
4799861	4800047	1	0	1	1
4800269	4800507	1	3	2	1
4800682	4801175	1	1	0	1
4801219	4801527	1	2	1	1
4806689	4807272	1	2	1	1
4807697	4810039	1	2	1	1
4807697	4812003	1	5	1	1
4810310	4812003	1	1	1	1
4812675	4815370	1	2	2	1
4835595	4837387	2	3	2	2
4835595	4842424	2	3	2	2
4838070	4842424	2	1	6	2
4842848	4843698	2	1	1	2
4842848	4843842	2	1	1	2
4851833	4852577	2	3	2	2
4854043	4861198	2	0	2	2
4875692	4875796	2	2	2	2
4875692	4875970	2	2	2	2
4875901	4875970	2	3	3	2
4876049	4882859	2	0	1	2
4882921	4883367	2	0	3	2
4883475	4884199	2	0	0	2
4883475	4884266	2	0	2	2
4883546	4884199	2	0	0	2
4883546	4888857	2	0	4	2
4884338	4888857	2	2	3	2
4888931	4889223	2	0	1	2
4905514	4905724	1	1	1	1
4905824	4906096	1	1	0	1
4906182	4906273	1	3	0	1
4906336	4906538	1	2	1	1
4906615	4907996	1	2	0	1
4908111	4908213	1	5	0	1
4908360	4908442	1	3	1	1
4908540	4908618	1	1	0	1
4908700	4909429	1	1	1	1
4909550	4909628	1	0	0	1
4909694	4909784	1	3	0	1
4909876	4910276	1	0	1	1
4910336	4910417	1	2	1	1
4911531	4911611	2	0	2	2
4911771	4912196	2	1	1	2
4912263	4912350	2	0	1	2
4928833	4930147	1	1	0	1
4929057	4930147	1	0	0	1
4930426	4933502	1	5	1	1
4940786	4941016	2	2	2	2
4941815	4942914	2	2	1	2
4945059	4947306	2	1	1	2
4947466	4947600	2	1	2	2
4947722	4949226	2	0	2	2
4950650	4952869	2	0	3	2
4952943	4953040	2	2	3	2
4953080	4953172	2	1	3	2
4953220	4953728	2	1	2	2
4957825	4959872	2	1	2	2
4960036	4963799	2	2	3	2
4963980	4964606	2	1	3	2
4964728	4964836	2	1	0	2
4964962	4965045	2	0	2	2
4965109	4966305	2	1	5	2
4966399	4966724	2	1	2	2
4966838	4966918	2	0	0	2
4967114	4967898	2	1	2	2
4967958	4968046	2	0	2	2
4968178	4968271	2	1	2	2
4968403	4971167	2	0	2	2
4971262	4972348	2	0	3	2
4972424	4973093	2	1	2	2
4973232	4973710	2	1	2	2
4973801	4976811	2	1	3	2
5012543	5012905	1	2	0	1
5013002	5013352	1	3	0	1
5013447	5013532	1	3	1	1
5013693	5014700	1	0	0	1
5013717	5014700	1	0	0	1
5074305	5074537	1	4	0	1
5074620	5076054	1	1	0	1
5090060	5090333	1	4	1	1
5091518	5095919	1	1	0	1
5096066	5096162	1	3	0	1
5096254	5096420	1	0	2	1
5096549	5096676	1	4	1	1
5096757	5096841	1	2	0	1
5096939	5097172	1	1	1	1
5096939	5097418	1	1	0	1
5097512	5098535	1	1	2	1
5098601	5099019	1	2	1	1
5099060	5099433	1	1	1	1
5103303	5103625	1	3	1	1
5138776	5139445	1	1	2	1
5139658	5139798	1	2	0	1
5139904	5140030	1	3	0	1
5140110	5141394	1	0	0	1
5141453	5141567	1	2	3	1
5141724	5142155	1	1	1	1
5142250	5142328	1	0	2	1
5150600	5150693	2	1	2	2
5150826	5154667	2	1	2	2
5154764	5154859	2	0	0	2
5154956	5155204	2	1	0	2
5155278	5156667	2	0	2	2
5155278	5156951	2	0	0	2
5158716	5159129	2	0	3	2
5159188	5159327	2	1	2	2
5159453	5159519	2	1	1	2
5159670	5159759	2	1	3	2
5159869	5160223	2	0	4	2
5160292	5160393	2	1	2	2
5160444	5161164	2	1	1	2
5161265	5161391	2	1	1	2
5161566	5161645	2	2	2	2
5161748	5161852	2	3	0	2
5161941	5162744	2	1	1	2
5162968	5163807	2	0	2	2
5163878	5163967	2	1	0	2
5164199	5167220	2	2	3	2
5167460	5168148	2	0	3	2
5167497	5168148	2	1	2	2
5202848	5203690	2	2	2	2
5203751	5205715	2	0	1	2
5205797	5205882	2	1	3	2
5205975	5206383	2	0	1	2
5206529	5209994	2	4	2	2
5324555	5324818	2	0	2	2
5325005	5325090	2	2	1	2
5325191	5329295	2	0	1	2
5329398	5329496	2	0	4	2
5329640	5329868	2	0	2	2
5329977	5333669	2	0	2	2
5333778	5333884	2	0	0	2
5333975	5334601	2	1	2	2
5334752	5336215	2	1	2	2
5336444	5336603	2	0	3	2
5336685	5336837	2	1	2	2
5336976	5337095	2	0	2	2
5337312	5337561	2	0	2	2
5337654	5337936	2	0	1	2
5338034	5338330	2	0	2	2
5338441	5341331	2	0	1	2
5341450	5343106	2	1	2	2
5343347	5344325	2	0	2	2
5344404	5345067	2	0	2	2
5345115	5345288	2	1	1	2
5398550	5399121	2	0	3	2
5410673	5449549	1	4	62	1
5415186	5415844	2	1	2	2
5415186	5416594	2	1	1	2
5415984	5416460	2	2	1	2
5415984	5416594	2	2	1	2
5417238	5418084	1	1	1	1
5418304	5418448	1	0	2	1
5418558	5418615	1	2	1	1
5418558	5418643	1	2	1	1
5418753	5418921	1	1	1	1
5418970	5419952	1	4	0	1
5430163	5430246	2	1	0	2
5430369	5430464	2	0	1	2
5430555	5431007	2	1	2	2
5431144	5431236	2	1	0	2
5431328	5431692	2	1	2	2
5431781	5431987	2	0	0	2
5432099	5432212	2	1	1	2
5432387	5432741	2	3	2	2
5432885	5432966	2	0	2	2
5433101	5433181	2	1	2	2
5433307	5433646	2	4	1	2
5433854	5433961	2	0	4	2
5434105	5434190	2	1	2	2
5434291	5434396	2	1	2	2
5434475	5434644	2	1	1	2
5434751	5434849	2	1	1	2
5434977	5435489	2	0	2	2
5435546	5435838	2	0	0	2
5435897	5438341	2	0	1	2
5457111	5465034	1	2	0	1
5457111	5465038	1	2	1	1
5457111	5465633	1	2	0	1
5465127	5465633	1	1	0	1
5465140	5465633	1	2	0	1
5465840	5467420	1	1	2	1
5473003	5473357	2	0	2	2
5473053	5473357	2	0	2	2
5473447	5473586	2	1	2	2
5473681	5473798	2	1	5	2
5473702	5473798	2	0	2	2
5473919	5474208	2	1	0	2
5474303	5474387	2	0	0	2
5474461	5474699	2	1	1	2
5475336	5475963	1	2	0	1
5475336	5475977	1	2	1	1
5507212	5507366	2	1	1	2
5510806	5510987	1	5	0	1
5511187	5511416	1	2	2	1
5511544	5512558	1	3	0	1
5512660	5513197	1	3	1	1
5513332	5513630	1	1	0	1
5513353	5513630	1	3	0	1
5513740	5513813	1	2	0	1
5513878	5514155	1	2	0	1
5514243	5514360	1	2	0	1
5514459	5514951	1	1	1	1
5515758	5515831	2	0	3	2
5515897	5516046	2	0	1	2
5516173	5516257	2	2	0	2
5524351	5525087	1	0	0	1
5527712	5527953	1	1	0	1
5528071	5528227	1	1	0	1
5528348	5530056	1	1	0	1
5530177	5530260	1	2	0	1
5530388	5530572	1	0	0	1
5530769	5531587	1	1	0	1
5533057	5533134	2	1	2	2
5533219	5533481	2	0	4	2
5533586	5533661	2	1	2	2
5533791	5533956	2	1	3	2
5534053	5534139	2	2	4	2
5534257	5534885	2	0	2	2
5534984	5535065	2	0	3	2
5535188	5535284	2	1	1	2
5535381	5535514	2	0	0	2
5535653	5536055	2	2	4	2
5536142	5536306	2	2	1	2
5536376	5536513	2	0	1	2
5536616	5537051	2	2	0	2
5537135	5537788	2	4	1	2
5537919	5538014	2	1	2	2
5540630	5542523	1	1	1	1
5541580	5542523	1	2	1	1
5542832	5543158	1	1	0	1
5542832	5543181	1	1	1	1
5543259	5543407	1	2	1	1
5545676	5545923	2	1	2	2
5546010	5546084	2	0	2	2
5546245	5546342	2	1	2	2
5547053	5547316	2	1	2	2
5547393	5547473	2	1	0	2
5547580	5547701	2	1	2	2
5548056	5548206	2	1	0	2
5548329	5548438	2	0	0	2
5548534	5548746	2	0	2	2
5562974	5567679	1	2	1	1
5567720	5581566	1	1	0	1
5601281	5601511	2	2	1	2
5601702	5603580	2	2	2	2
5603799	5608914	2	0	2	2
5603799	5610227	2	0	4	2
5652108	5652219	1	1	1	1
5652264	5652476	1	2	1	1
5652402	5652476	1	0	1	1
5652597	5652850	1	1	0	1
5652597	5655064	1	1	0	1
5653023	5655064	1	1	0	1
5653580	5653660	2	1	2	2
5653743	5653856	2	0	0	2
5654017	5655398	2	1	0	2
5655493	5655569	2	1	2	2
5655711	5657577	2	0	2	2
5657668	5657742	2	0	1	2
5657992	5658281	2	1	2	2
5658357	5658664	2	0	3	2
5658740	5658828	2	0	1	2
5658740	5659262	2	0	1	2
5658985	5659262	2	0	1	2
5659400	5659489	2	0	0	2
5659559	5659878	2	0	0	2
5659946	5660044	2	1	1	2
5688730	5688881	1	2	0	1
5689031	5689885	1	2	0	1
5689978	5690329	1	1	0	1
5690462	5691207	1	0	1	1
5691313	5691490	1	2	0	1
5691704	5695351	1	3	0	1
5695433	5695539	1	1	1	1
5695615	5696826	1	4	0	1
5701590	5701662	2	1	1	2
5701988	5702071	2	1	1	2
5702174	5702287	2	0	0	2
5702397	5702481	2	1	5	2
5702594	5702681	2	0	2	2
5704301	5704573	2	0	5	2
5705184	5705284	2	1	3	2
5711654	5712614	2	0	2	2
5715275	5715355	2	1	2	2
5715655	5715734	2	1	3	2
5715869	5716176	2	0	2	2
5716452	5716535	2	2	2	2
5717010	5717175	2	0	4	2
5717280	5717405	2	0	2	2
5717637	5721549	2	0	2	2
5721804	5722473	2	1	1	2
5722690	5722784	2	1	5	2
5722844	5723251	2	0	0	2
5723616	5724903	2	0	2	2
5725082	5725386	2	0	0	2
5725532	5727151	2	1	2	2
5727303	5727432	2	0	2	2
5727526	5727646	2	0	1	2
5729031	5729386	2	0	3	2
5729498	5729596	2	0	1	2
5729769	5729994	2	1	0	2
5730028	5730269	2	0	2	2
5731581	5733303	2	1	2	2
5733440	5733814	2	1	1	2
5733906	5734316	2	3	1	2
5734700	5735118	2	0	2	2
5738858	5739503	1	1	0	1
5739540	5739715	1	0	1	1
5741016	5745187	1	0	0	1
5745369	5745523	1	2	0	1
5745673	5745758	1	1	0	1
5745935	5746033	1	2	1	1
5746278	5746710	1	1	0	1
5746825	5747370	1	0	0	1
5747677	5750616	1	1	2	1
5750998	5752033	1	1	1	1
5760725	5760819	2	0	1	2
5760876	5760995	2	2	1	2
5761066	5765822	2	1	1	2
5766522	5766922	2	1	2	2
5766972	5767065	2	0	0	2
5767224	5770211	2	1	2	2
5770435	5770590	2	2	2	2
5770754	5770835	2	0	2	2
5771873	5771983	2	1	0	2
5772038	5772672	2	1	1	2
5772769	5772976	2	1	2	2
5773035	5775943	2	1	1	2
5778896	5779263	2	3	1	2
5778906	5779263	2	0	1	2
5780740	5781267	2	0	1	2
5781337	5781470	2	0	1	2
5781353	5781470	2	0	1	2
5781623	5781702	2	0	2	2
5797599	5797697	1	4	0	1
5797884	5798601	1	2	1	1
5798619	5798692	1	0	0	1
5798766	5798896	1	3	0	1
5801102	5801198	1	1	0	1
5801331	5801425	1	1	0	1
5801555	5801780	1	2	0	1
5801904	5802045	1	1	0	1
5804076	5805572	1	2	0	1
5805702	5805958	1	1	0	1
5806127	5806273	1	3	0	1
5806358	5806610	1	1	0	1
5806959	5807061	1	1	0	1
5806959	5807337	1	1	0	1
5807203	5807337	1	1	0	1
5807500	5807573	1	1	1	1
5807655	5807737	1	2	0	1
5807870	5807967	1	1	0	1
5808724	5808826	2	1	0	2
5808888	5808966	2	0	4	2
5809174	5809297	2	0	3	2
5809367	5809691	2	1	2	2
5809370	5809691	2	0	2	2
5809781	5810007	2	1	1	2
5809832	5810007	2	1	1	2
5810173	5810559	2	0	2	2
5810636	5810739	2	1	3	2
5810929	5811679	2	0	0	2
5811836	5814695	2	0	2	2
5814810	5815336	2	0	3	2
5815445	5816184	2	2	2	2
5816344	5819495	2	0	3	2
5819652	5819747	2	0	2	2
5819839	5820229	2	2	1	2
5820576	5820749	2	0	2	2
5820580	5820749	2	0	2	2
5820891	5821246	2	1	2	2
5894462	5894604	2	0	1	2
5894786	5894951	2	0	1	2
5895778	5901027	1	0	1	1
5898747	5901027	1	0	1	1
5902770	5906611	2	1	1	2
5906817	5912277	2	1	2	2
5910541	5912277	2	0	3	2
5912422	5913250	2	0	2	2
5913375	5915095	2	2	1	2
5915321	5919463	2	0	2	2
5919631	5919762	2	0	3	2
5919822	5920037	2	0	1	2
5920140	5923195	2	0	1	2
5923364	5924736	2	0	2	2
5928719	5929812	1	1	0	1
5928719	5929875	1	1	1	1
5929920	5930111	1	2	3	1
5930184	5930466	1	0	2	1
5930188	5930466	1	2	2	1
5930653	5934371	1	3	1	1
5934631	5934749	1	0	2	1
5948659	5951243	2	1	2	2
5951326	5952130	2	1	0	2
5952244	5952389	2	1	3	2
5952519	5952657	2	0	0	2
5952796	5954266	2	0	0	2
5954346	5954480	2	0	2	2
5954574	5955415	2	0	2	2
5955580	5956550	2	0	3	2
5956659	5957027	2	1	3	2
5957189	5962767	2	0	0	2
5963100	5964563	1	2	1	1
5969021	5974790	2	0	2	2
5991045	5992022	2	1	2	2
5992150	5992376	2	0	2	2
5992437	5993249	2	0	2	2
5996571	5997730	2	0	2	2
5997770	5998428	2	0	1	2
5998554	6000472	2	0	2	2
6000516	6001168	2	1	2	2
6001232	6001657	2	2	3	2
6003912	6006034	2	0	2	2
6006142	6008844	2	1	2	2
6008903	6009059	2	0	0	2
6009152	6011117	2	2	2	2
6039417	6040020	2	0	2	2
6040080	6040366	2	1	0	2
6040484	6041567	2	1	3	2
6041647	6041884	2	0	1	2
6041954	6042378	2	0	0	2
6042444	6043902	2	0	0	2
6043961	6044049	2	1	0	2
6044116	6044588	2	0	2	2
6044629	6044707	2	1	0	2
6044917	6046807	2	0	2	2
6046820	6047719	2	2	3	2
6047896	6057280	2	0	3	2
6057442	6057528	2	1	1	2
6057604	6058704	2	0	4	2
6058791	6059115	2	3	3	2
6059200	6061043	2	0	0	2
6061213	6061325	2	0	0	2
6061460	6063617	2	0	3	2
6063737	6064024	2	1	1	2
6064095	6064229	2	1	1	2
6064297	6065134	2	0	2	2
6064498	6065134	2	1	8	2
6097158	6098483	1	1	0	1
6098095	6098303	1	0	2	1
6098397	6098483	1	2	0	1
6098637	6098723	1	0	0	1
6098773	6099178	1	0	0	1
6099283	6099799	1	2	0	1
6099927	6100020	1	3	1	1
6100265	6100353	1	0	3	1
6100471	6100550	1	2	0	1
6100715	6100969	1	0	0	1
6101099	6101183	1	3	0	1
6101340	6101421	1	1	0	1
6102509	6102576	1	1	0	1
6105012	6105104	2	1	1	2
6105230	6106957	2	0	2	2
6107109	6107687	2	0	1	2
6108031	6108271	1	2	0	1
6108031	6108274	1	3	0	1
6108355	6108456	1	0	1	1
6108359	6108456	1	0	1	1
6108602	6109172	1	2	2	1
6109229	6109377	1	2	3	1
6113103	6113352	2	1	1	2
6113476	6113555	2	2	1	2
6113637	6113850	2	0	1	2
6114020	6114107	2	1	2	2
6114228	6116266	2	2	1	2
6114228	6116339	2	2	1	2
6116444	6116527	2	1	3	2
6116444	6116996	2	1	1	2
6116593	6116996	2	0	1	2
6116723	6116996	2	1	1	2
6117052	6117151	2	3	2	2
6117349	6117697	2	1	1	2
6117349	6117806	2	1	1	2
6118405	6118883	2	2	2	2
6118972	6119054	2	0	4	2
6119177	6119493	2	3	4	2
6119713	6119886	2	1	2	2
6120103	6120467	2	1	1	2
6121186	6121294	2	1	3	2
6121738	6126391	2	0	2	2
6126522	6126979	2	0	2	2
6131244	6131875	2	1	2	2
6131994	6132209	2	0	1	2
6132357	6132427	2	0	1	2
6132501	6132613	2	0	1	2
6132808	6133977	2	0	1	2
6134090	6134380	2	0	2	2
6134491	6134823	2	1	2	2
6134491	6134892	2	1	1	2
6166617	6167825	2	2	1	2
6169984	6170514	2	3	3	2
6170773	6171407	2	0	1	2
6171552	6171811	2	0	3	2
6171960	6172068	2	1	1	2
6172185	6173858	2	1	1	2
6173980	6174181	2	2	2	2
6174218	6178077	2	0	5	2
6184831	6186007	2	1	2	2
6186089	6187506	2	0	2	2
6187670	6187758	2	0	1	2
6187870	6191065	2	0	0	2
6245810	6256246	1	2	0	1
6278561	6278970	2	1	0	2
6279073	6279250	2	0	0	2
6279379	6280184	2	2	2	2
6280305	6280414	2	2	2	2
6280466	6280530	2	2	0	2
6280585	6280935	2	0	3	2
6281045	6281144	2	0	3	2
6281205	6282298	2	2	1	2
6282430	6282556	2	0	1	2
6282650	6282795	2	0	3	2
6282898	6283805	2	0	1	2
6284003	6284661	2	0	2	2
6285129	6285540	2	0	0	2
6294619	6294715	1	3	1	1
6295723	6296332	1	2	0	1
6296430	6296516	1	3	0	1
6296922	6297667	1	1	1	1
6298319	6299800	1	2	0	1
6299957	6300052	1	0	0	1
6300539	6300624	1	0	1	1
6301633	6301734	1	2	0	1
6301893	6302455	1	2	1	1
6302607	6302718	1	2	0	1
6304459	6304618	1	2	0	1
6304696	6305129	1	1	0	1
6305295	6305437	1	2	0	1
6305857	6306196	1	1	0	1
6306406	6306580	1	4	0	1
6306717	6307467	1	0	5	1
6307672	6307805	1	1	0	1
6307908	6307991	1	3	1	1
6308074	6308162	1	1	0	1
6308296	6308389	1	6	1	1
6308463	6308579	1	1	1	1
6311554	6311629	1	2	1	1
6327408	6331246	1	3	2	1
6331345	6344242	1	2	2	1
6344656	6347561	1	2	2	1
6347727	6348102	1	3	1	1
6356905	6359154	1	1	0	1
6359247	6359327	1	2	2	1
6360396	6360823	1	3	1	1
6360918	6361050	1	1	2	1
6361252	6361350	1	2	1	1
6361600	6362146	1	0	1	1
6362227	6363247	1	3	0	1
6363346	6363443	1	2	0	1
6363525	6363717	1	3	0	1
6363825	6363919	1	3	1	1
6364100	6364313	1	2	0	1
6364395	6364524	1	4	0	1
6364647	6364733	1	1	1	1
6364810	6365018	1	1	0	1
6365126	6365200	1	1	1	1
6365316	6365667	1	1	1	1
6365817	6365892	1	1	0	1
6365982	6366227	1	1	0	1
6366281	6366369	1	2	0	1
6366469	6366547	1	1	0	1
6366608	6366857	1	2	0	1
6366964	6367189	1	0	0	1
6367324	6367403	1	1	3	1
6367544	6367632	1	2	1	1
6367715	6368386	1	1	4	1
6368604	6370107	1	1	0	1
6370171	6370271	1	1	0	1
6370872	6371685	1	1	2	1
6371784	6371855	1	2	4	1
6371941	6372055	1	2	0	1
6372177	6372282	1	3	1	1
6372401	6372583	1	1	1	1
6372708	6372821	1	0	0	1
6372708	6372824	1	0	0	1
6372911	6374545	1	3	2	1
6385100	6385473	1	0	1	1
6385935	6386753	1	5	1	1
6386963	6387181	1	1	0	1
6387311	6387507	1	2	0	1
6387549	6387629	1	2	0	1
6387718	6388311	1	2	1	1
6388449	6388854	1	0	0	1
6388991	6389367	1	4	1	1
6388991	6389715	1	3	3	1
6389533	6389715	1	3	3	1
6391375	6391487	1	2	1	1
6391546	6391772	1	5	1	1
6391546	6391931	1	5	1	1
6391864	6391931	1	3	1	1
6391997	6392283	1	1	0	1
6392340	6392638	1	2	1	1
6392687	6392772	1	2	1	1
6392816	6393132	1	1	0	1
6393206	6393283	1	1	1	1
6393416	6393489	1	2	1	1
6393913	6394000	1	3	0	1
6394109	6394435	1	2	0	1
6394515	6394618	1	0	0	1
6394678	6395347	1	1	0	1
6395392	6395472	1	1	1	1
6395512	6395605	1	2	1	1
6395640	6395756	1	3	1	1
6395866	6395944	1	3	2	1
6396034	6396112	1	2	0	1
6396155	6396237	1	0	0	1
6396323	6396416	1	2	0	1
6396497	6396573	1	2	0	1
6396635	6396720	1	4	1	1
6396839	6401208	1	3	1	1
6401268	6401343	1	1	0	1
6401448	6401525	1	2	0	1
6401704	6402612	1	1	0	1
6402682	6402803	1	0	1	1
6403220	6403306	1	2	4	1
6403363	6403468	1	3	1	1
6404557	6405796	2	1	0	2
6405870	6410688	2	1	0	2
6414148	6415692	1	1	0	1
6415822	6418392	1	2	0	1
6418469	6421295	1	4	2	1
6421449	6421646	1	0	1	1
6421737	6422053	1	2	0	1
6422238	6422329	1	2	0	1
6422446	6422546	1	2	1	1
6422655	6423601	1	2	1	1
6423783	6424038	1	1	0	1
6423783	6424059	1	1	0	1
6424313	6424577	1	1	0	1
6424317	6424577	1	0	0	1
6424638	6424747	1	2	3	1
6424638	6424848	1	2	0	1
6424928	6425686	1	0	0	1
6424928	6426324	1	0	1	1
6436535	6438091	1	2	3	1
6438204	6438295	1	0	0	1
6438910	6439188	1	2	2	1
6439282	6439484	1	2	1	1
6442767	6442876	1	2	1	1
6443019	6443744	1	2	0	1
6451893	6452500	1	1	0	1
6452604	6453052	5	0	0	1
6453116	6453460	1	3	2	1
6454480	6454682	1	1	0	1
6455084	6457069	1	2	0	1
6463256	6463456	1	1	0	1
6463494	6463893	1	2	0	1
6464071	6464820	1	3	0	1
6581293	6581773	2	1	1	2
6581293	6581877	2	1	1	2
6582039	6582171	2	1	0	2
6586222	6586765	2	2	0	2
6586970	6587071	2	1	1	2
6586970	6587145	2	1	3	2
6586970	6587666	2	1	1	2
6586970	6587724	2	1	3	2
6587191	6587698	1	7	0	1
6587255	6587644	2	1	1	2
6587255	6587666	2	1	1	2
6587255	6587724	2	1	3	2
6587835	6588445	2	0	1	2
6587882	6588445	2	2	1	2
6588562	6588704	2	2	2	2
6588829	6589431	2	2	4	2
6588829	6590357	2	4	1	2
6588829	6590603	2	2	0	2
6588829	6591088	2	3	2	2
6588829	6592170	2	2	2	2
6590527	6590603	2	0	0	2
6590527	6590630	2	0	4	2
6590735	6592369	1	4	2	1
6590759	6591088	2	2	2	2
6591193	6591541	2	0	0	2
6591193	6592170	2	0	2	2
6591193	6592379	2	0	1	2
6593372	6593617	1	1	2	1
6593372	6593857	1	1	1	1
6593372	6594722	1	1	1	1
6593929	6594722	1	0	1	1
6593929	6621879	1	0	0	1
6622030	6627301	1	1	1	1
6807507	6807681	2	1	1	2
6807846	6807953	2	1	2	2
6808114	6808357	2	0	1	2
6808553	6808640	2	0	2	2
6808815	6809134	2	0	3	2
6809229	6809317	2	1	3	2
6809431	6809622	2	0	4	2
6809452	6809622	2	1	3	2
6809752	6812467	2	1	3	2
6812633	6814693	2	1	4	2
6814845	6814946	2	0	1	2
6815051	6815122	2	1	2	2
6815204	6815421	2	0	2	2
6815530	6816618	2	0	2	2
6816735	6816826	2	0	1	2
6817046	6817700	2	0	2	2
6817046	6817746	2	0	2	2
6817369	6817700	2	0	2	2
6817773	6817859	2	0	2	2
6827192	6827268	2	0	0	2
6827741	6827811	2	2	2	2
6884319	6884432	2	2	2	2
6884495	6884608	2	1	2	2
6884648	6884908	2	2	2	2
6884648	6886825	2	2	2	2
6885041	6885348	2	0	2	2
6885041	6886825	2	0	2	2
6885484	6886088	2	3	0	2
6885484	6886825	2	3	2	2
6887630	6887729	1	4	1	1
6887832	6887950	1	0	0	1
6888041	6888118	1	2	2	1
6889378	6889721	2	0	1	2
6889992	6890082	2	1	4	2
6890251	6891186	2	0	2	2
6891316	6891445	2	3	1	2
6891316	6891464	2	3	1	2
6891563	6896467	2	1	0	2
6891563	6897429	2	1	1	2
6891660	6897429	2	0	1	2
6891660	6898988	2	0	2	2
6897767	6898988	2	2	2	2
6900028	6900667	2	0	0	2
6900735	6900889	2	0	1	2
6915897	6916122	2	0	3	2
6915897	6916378	2	0	1	2
6916242	6916378	2	0	1	2
6916504	6916627	2	0	3	2
6916508	6916627	2	1	4	2
6916778	6916895	2	1	2	2
6916778	6917718	2	1	0	2
6917122	6917718	2	1	0	2
6917769	6918458	2	2	1	2
6917850	6918458	2	3	1	2
6919808	6920233	1	3	0	1
6919992	6920233	1	1	0	1
6920414	6928006	1	2	1	1
6920414	6928765	1	2	1	1
6928198	6928765	1	3	1	1
6931667	6931747	2	0	2	2
6931835	6932071	2	0	1	2
6932130	6932207	2	1	0	2
6932298	6932390	2	1	2	2
6932468	6932573	2	1	3	2
6932725	6933080	2	1	0	2
6933274	6933389	2	0	1	2
6933426	6933513	2	1	4	2
6933668	6934993	2	1	2	2
6935086	6935264	2	0	1	2
6935553	6936162	2	2	2	2
6936325	6936417	2	3	2	2
6936573	6937154	2	0	1	2
6937280	6937499	2	0	0	2
6937585	6937658	2	0	0	2
6937756	6939241	2	1	2	2
6940247	6940328	2	0	1	2
6940414	6940580	2	1	0	2
6940822	6941739	2	0	1	2
6941887	6941963	2	0	1	2
6943107	6943187	2	0	0	2
6943651	6943752	2	1	2	2
6944077	6946913	2	1	2	2
6946328	6946913	2	2	2	2
6946804	6946884	1	1	1	1
6952874	6953910	1	4	1	1
6952985	6953910	1	0	1	1
6953995	6954224	1	2	1	1
6954258	6954348	1	2	1	1
6955302	6955377	2	2	4	2
6955414	6955756	2	1	1	2
6955804	6955924	2	1	1	2
6956032	6956339	2	0	1	2
6956038	6956339	2	1	1	2
6956509	6957760	2	0	2	2
6956545	6957760	2	0	2	2
6956576	6957377	2	0	2	2
6960235	6962727	2	2	2	2
6962863	6963171	2	0	3	2
6962964	6963171	2	1	2	2
6963208	6963387	2	0	3	2
6963208	6963656	2	0	3	2
6963462	6963656	2	0	3	2
6963854	6964140	2	0	2	2
6964184	6964580	2	1	2	2
6964184	6964718	2	1	3	2
6965476	6965555	2	1	4	2
6965639	6966789	2	0	2	2
6965643	6966789	2	1	3	2
6966952	6967047	2	0	3	2
6966955	6967047	2	0	3	2
6967233	6968084	2	0	2	2
6968179	6969525	2	2	1	2
6968179	6969915	2	2	0	2
6969640	6969915	2	0	0	2
6970570	6970799	2	0	5	2
6970894	6971028	2	3	0	2
6970894	6972037	2	3	2	2
6971127	6972037	2	4	2	2
6972137	6972608	2	1	3	2
6973103	6973374	2	0	2	2
6973892	6974062	1	3	1	1
6974145	6975299	1	1	0	1
6974145	6975558	1	1	2	1
6975470	6975558	1	0	2	1
6975734	6975875	1	1	1	1
6975933	6976024	1	3	0	1
6975933	6976072	1	3	1	1
6976136	6976258	1	0	1	1
6976653	6976791	1	3	1	1
6976888	6977005	2	2	4	2
6976894	6977021	1	3	0	1
6976894	6977051	1	2	0	1
6979249	6979579	2	0	3	2
6979820	6979936	2	1	0	2
6980943	6991214	2	0	2	2
6991318	6991426	2	3	3	2
6998539	6999016	2	0	0	2
6999190	6999393	2	1	2	2
6999498	6999638	2	0	0	2
6999676	7002681	2	1	2	2
7002807	7003658	2	1	2	2
7003756	7005994	2	1	2	2
7006116	7006268	2	0	0	2
7006372	7006474	2	0	4	2
7006602	7009847	2	1	2	2
7010017	7011529	2	1	0	2
7011672	7012013	2	0	3	2
7012156	7012862	2	1	2	2
7013073	7017246	2	5	3	2
7034550	7042831	1	0	0	1
7038989	7039099	1	1	1	1
7042934	7043453	1	2	1	1
7043571	7162939	1	1	0	1
7074594	7082450	2	3	2	2
7149166	7194765	1	0	1	1
7159442	7162939	1	0	0	1
7160362	7162939	1	1	0	1
7161159	7162939	1	2	0	1
7162970	7173777	1	1	0	1
7163382	7173777	1	1	0	1
7163540	7173777	1	1	0	1
7169464	7173777	1	3	0	1
7173895	7174152	1	0	0	1
7174275	7174368	1	1	1	1
7174400	7174514	1	1	1	1
7174589	7174895	1	2	3	1
7174974	7175065	1	0	0	1
7174978	7175065	1	2	0	1
7174978	7175276	1	2	0	1
7175101	7175276	1	1	0	1
7176604	7176735	2	1	3	2
7176681	7176735	2	1	3	2
7176910	7177026	2	3	1	2
7176931	7177026	2	0	1	2
7177112	7177306	2	2	1	2
7177426	7181421	2	1	2	2
7181521	7181753	2	0	2	2
7181816	7183565	2	2	2	2
7192849	7194762	2	1	1	2
7205456	7205715	2	2	0	2
7205794	7207085	2	0	3	2
7207170	7207311	2	0	1	2
7207471	7207551	2	3	0	2
7207648	7211467	2	2	1	2
7211240	7211467	2	1	1	2
7211521	7212426	2	0	1	2
7212523	7218301	2	0	1	2
7254815	7255405	2	0	3	2
7255451	7256474	2	1	2	2
7255451	7258361	2	1	2	2
7256643	7257349	2	0	2	2
7258620	7260089	2	0	2	2
7259324	7260089	2	0	2	2
7260188	7260396	2	0	1	2
7260570	7260799	2	0	1	2
7260933	7261828	2	0	2	2
7261942	7262023	2	0	3	2
7262124	7262232	2	0	2	2
7262353	7263095	2	1	2	2
7263333	7263932	2	1	2	2
7263990	7264197	2	0	2	2
7264269	7264364	2	1	1	2
7264431	7264693	2	0	2	2
7264743	7267679	2	0	0	2
7267734	7267966	2	2	2	2
7335852	7351020	2	0	3	2
7351219	7351385	2	0	4	2
7351512	7351659	2	0	1	2
7351810	7351884	2	0	2	2
7352035	7360035	2	0	2	2
7352215	7360035	2	0	2	2
7395282	7397430	1	1	1	1
7397926	7398618	1	4	1	1
7405240	7407114	2	1	0	2
7407168	7408349	2	0	2	2
7407174	7408349	2	0	3	2
7408397	7409329	2	0	1	2
7409400	7409815	2	0	2	2
7409955	7412294	2	1	0	2
7412503	7460302	2	0	1	2
7445232	7460302	2	0	1	2
7470412	7471170	2	0	0	2
7470412	7491533	2	0	0	2
7470412	7493156	2	0	0	2
7472026	7486711	1	2	4	1
7486927	7487346	1	2	0	1
7486927	7487349	1	2	1	1
7487491	7494241	1	3	2	1
7494347	7495909	1	2	0	1
7495961	7498150	1	2	0	1
7498208	7498473	1	2	0	1
7498567	7499432	1	0	2	1
7499572	7506305	1	2	0	1
7506434	7506971	1	10	1	1
7507029	7507883	1	2	1	1
7507956	7509379	1	2	0	1
7509812	7511313	1	4	1	1
7534929	7535295	1	2	1	1
7535167	7535295	1	2	1	1
7535360	7552300	1	0	0	1
7552404	7556317	1	0	2	1
7556587	7562928	1	3	2	1
7650708	7651606	2	1	0	2
7650708	7660122	2	1	2	2
7651811	7659218	2	1	2	2
7651811	7660122	2	1	4	2
7659328	7660122	2	0	2	2
7660262	7661106	2	0	0	2
7660338	7661101	2	0	2	2
7661218	7668426	2	2	2	2
7668551	7670021	2	2	2	2
7670191	7671049	2	0	0	2
7671205	7686996	2	2	0	2
7687101	7688155	2	0	4	2
7759535	7760145	2	3	1	2
7760342	7763745	2	0	2	2
7760350	7761575	2	1	0	2
7760350	7762543	2	1	2	2
7760350	7782699	2	1	0	2
7761669	7762543	2	0	4	2
7762653	7763745	2	0	2	2
7763961	7765575	2	0	2	2
7765692	7767449	2	2	2	2
7765692	7806723	2	2	2	2
7765692	7874121	2	2	2	2
7767574	7768125	2	2	2	2
7767577	7768125	2	0	3	2
7768295	7768393	2	0	0	2
7768295	7807661	2	0	0	2
7768295	8364012	2	0	0	2
7768549	7773515	2	2	0	2
7773620	7779411	2	0	2	2
7807563	7831367	2	0	0	2
7807563	8364012	2	0	0	2
7831279	7831367	2	0	0	2
7831279	8364012	2	0	0	2
7831523	8107558	2	2	3	2
7831523	8378167	2	2	3	2
7844356	8321870	2	0	2	2
7887226	8364012	2	0	0	2
8009102	8010490	1	0	0	1
8039773	8040650	2	0	0	2
8039773	8048359	2	0	2	2
8039773	8138864	2	0	0	2
8040847	8041810	2	3	2	2
8040855	8041810	2	1	3	2
8041920	8048157	2	0	0	2
8041920	8048359	2	0	2	2
8048428	8049176	2	0	2	2
8048575	8048837	2	0	3	2
8048575	8049176	2	0	2	2
8049293	8052445	2	2	0	2
8049293	8078732	2	2	2	2
8049293	8347443	2	2	2	2
8049315	8052445	2	0	0	2
8052560	8078732	2	0	2	2
8078857	8093909	2	2	2	2
8078857	8094099	2	2	2	2
8078857	8094357	2	2	0	2
8078857	8107558	2	3	5	2
8078857	8378167	2	3	5	2
8093217	8093909	2	0	2	2
8093968	8094099	2	1	2	2
8094269	8094357	2	0	0	2
8094513	8107558	2	2	3	2
8094513	8378167	2	2	3	2
8103575	8107558	2	0	4	2
8107663	8108737	2	0	2	2
8107663	8195634	2	0	2	2
8109055	8109234	2	1	1	2
8112400	8115924	1	2	0	1
8137978	8138864	2	0	0	2
8138995	8140011	2	0	2	2
8138995	8146517	2	0	2	2
8139069	8140011	2	1	3	2
8140121	8146517	2	0	2	2
8140121	8321870	2	0	2	2
8146733	8147292	2	0	2	2
8147409	8170763	2	0	2	2
8170885	8184368	2	2	2	2
8184538	8184626	2	0	0	2
8184538	8364012	2	0	0	2
8184782	8195634	2	2	2	2
8184782	8378167	2	2	3	2
8195231	8195634	2	0	2	2
8313185	8314085	2	0	0	2
8313185	8315233	2	0	2	2
8313185	8321870	2	0	2	2
8314216	8315233	2	0	2	2
8314216	8321870	2	0	2	2
8314282	8315233	2	3	2	2
8314282	8315285	2	5	0	2
8314282	8321870	2	3	2	2
8314290	8315233	2	1	3	2
8314290	8321870	2	1	4	2
8315343	8317211	2	0	1	2
8315343	8320284	2	0	2	2
8315343	8321870	2	0	2	2
8321777	8321870	2	1	2	2
8322086	8322349	2	0	3	2
8322086	8322683	2	0	2	2
8322453	8322683	2	0	2	2
8322800	8326315	2	2	0	2
8322800	8347443	2	2	2	2
8326430	8347443	2	0	2	2
8347568	8363564	2	2	2	2
8347568	8363754	2	2	2	2
8347568	8378167	2	3	5	2
8363623	8363754	2	1	2	2
8363924	8364012	2	0	0	2
8364168	8378167	2	2	3	2
8378272	8381866	2	0	2	2
8382184	8382363	2	1	1	2
8456539	8468543	2	0	2	2
8469347	8474083	2	3	2	2
8533863	8534590	2	0	0	2
8570656	8571245	1	3	0	1
8570656	8586490	1	3	2	1
8571603	8582152	1	2	0	1
8582257	8582756	1	3	2	1
8582912	8583387	1	0	0	1
8583557	8585212	1	1	2	1
8583557	8585264	1	1	1	1
8585337	8585520	1	2	1	1
8585637	8586490	1	1	2	1
8586706	8586846	1	2	1	1
8586706	8587023	1	3	0	1
8587133	8587265	1	3	1	1
8587133	8587400	1	3	0	1
8587133	8587555	1	2	3	1
8587470	8587555	1	1	2	1
8589904	8590615	2	0	7	2
8590774	8592046	2	0	2	2
8592210	8596220	2	1	2	2
8595686	8595772	1	3	0	1
8596010	8596365	1	2	0	1
8596207	8596365	1	0	0	1
8596470	8596677	1	4	1	1
8596481	8596677	1	1	1	1
8596833	8598553	1	0	0	1
8597171	8598553	1	2	0	1
8598723	8599148	1	1	2	1
8599273	8599404	1	2	2	1
8599521	8600826	1	1	2	1
8601042	8601182	1	1	1	1
8601292	8602995	1	1	1	1
8603200	8603361	1	3	1	1
8603200	8603483	1	3	1	1
8685458	8685556	2	1	2	2
8685641	8686367	2	0	2	2
8686509	8686592	2	2	0	2
8686774	8686912	2	1	3	2
8686972	8687077	2	0	1	2
8687147	8689196	2	1	2	2
8689292	8690092	2	1	0	2
8690267	8690704	2	2	1	2
8691116	8700346	2	1	3	2
8701553	8701765	1	0	0	1
8701847	8702034	1	3	1	1
8702085	8702376	1	3	2	1
8702410	8702584	1	2	3	1
8702620	8702847	1	3	0	1
8702887	8703144	1	2	1	1
8703190	8703429	1	2	2	1
8703466	8703601	1	2	1	1
8713269	8713349	1	2	1	1
8713269	8713538	1	2	0	1
8713457	8713538	1	0	0	1
8713661	8715016	1	1	0	1
8715093	8715210	1	0	0	1
8715358	8715515	1	0	3	1
8715618	8716628	1	2	2	1
8716730	8716809	1	0	0	1
8716866	8717181	1	2	1	1
8717328	8717458	1	2	2	1
8717516	8717764	1	2	1	1
8718939	8719616	1	2	0	1
8719518	8719616	1	0	0	1
8719861	8720216	1	4	0	1
8720288	8720442	1	3	1	1
8720499	8720715	1	0	0	1
8720787	8725823	1	3	1	1
8725941	8726017	1	2	0	1
8726075	8726169	1	2	0	1
8726252	8727028	1	1	1	1
8727136	8727268	1	2	1	1
8727391	8732271	1	2	1	1
8734623	8739674	1	1	0	1
8739859	8740045	1	0	0	1
8740200	8740895	1	0	0	1
8740980	8741059	1	2	0	1
8741165	8741278	1	1	0	1
8741360	8741442	1	2	0	1
8741513	8741623	1	3	0	1
8741713	8741861	1	2	0	1
8741970	8742284	1	0	0	1
8742395	8744159	1	3	0	1
8744197	8744442	1	1	1	1
8744512	8744590	1	2	1	1
8744647	8744729	1	0	2	1
8744838	8744935	1	1	0	1
8744995	8745092	1	0	0	1
8745209	8745336	1	0	0	1
8745380	8745951	1	2	0	1
8746025	8746363	1	1	1	1
8746547	8747622	1	0	3	1
8747684	8747936	1	2	1	1
8748679	8749410	1	1	1	1
8750198	8750390	2	0	0	2
8750470	8750652	2	0	2	2
8750470	8750867	2	0	5	2
8750470	8751697	2	0	3	2
8750788	8750867	2	0	3	2
8750788	8751697	2	0	3	2
8750986	8751697	2	2	2	2
8751056	8751697	2	1	3	2
8752654	8752752	2	3	1	2
8752882	8755449	2	1	2	2
8755583	8755875	2	1	1	2
8756097	8756213	2	4	1	2
8756289	8759363	2	2	2	2
8759459	8759718	2	0	3	2
8759770	8759906	2	0	2	2
8760058	8760666	2	1	2	2
8760754	8761197	2	0	3	2
8761358	8762484	2	0	2	2
8762542	8763572	2	0	3	2
8770768	8770988	2	1	1	2
8771023	8771498	2	0	0	2
8771571	8771664	2	1	2	2
8771731	8771842	2	0	0	2
8771894	8774598	2	2	2	2
8771894	8775586	2	2	0	2
8774759	8775586	2	0	0	2
8775697	8775821	2	0	0	2
8789202	8793216	2	0	3	2
8793386	8795798	2	0	1	2
8793400	8795798	2	0	1	2
8798177	8800166	1	2	1	1
8800303	8800592	1	1	0	1
8800670	8800892	1	0	0	1
8801033	8801583	1	2	4	1
8801675	8801768	1	1	2	1
8801882	8802222	1	0	0	1
8802487	8802633	1	2	2	1
8802757	8803334	1	1	0	1
8803464	8804006	1	2	0	1
8804176	8807112	1	2	0	1
8807314	8808250	1	1	0	1
8808325	8808587	1	1	1	1
8808696	8808817	1	0	0	1
8815228	8816938	1	3	0	1
8817148	8818470	1	2	1	1
8817932	8818470	1	1	1	1
8818788	8820371	1	2	1	1
8820454	8822533	1	1	2	1
8822678	8823552	1	0	2	1
8823688	8823828	1	1	0	1
8823922	8824763	2	0	8	2
8824911	8825029	1	3	2	1
8825097	8825276	1	2	2	1
8825346	8825443	1	2	0	1
8825525	8825826	1	1	1	1
8848949	8849033	1	0	2	1
8849120	8849221	1	0	1	1
8849276	8849370	1	1	1	1
8849478	8849580	1	2	1	1
8849651	8850876	1	2	0	1
8851069	8851157	1	2	0	1
8851210	8851501	1	2	0	1
8851619	8852522	1	2	2	1
8852716	8852884	1	1	1	1
8857980	8858068	2	1	4	2
8857980	8870584	2	1	2	2
8866328	8866486	1	1	1	1
8866612	8866995	1	0	0	1
8866612	8866999	1	0	1	1
8866612	8867365	1	0	2	1
8867091	8867365	1	2	2	1
8867464	8867773	1	2	0	1
8870144	8872121	1	1	0	1
8870512	8872121	1	3	0	1
8875523	8879626	1	1	2	1
8879732	8879884	1	0	0	1
8879994	8882297	1	2	2	1
8882426	8884577	1	4	1	1
8884758	8885213	1	0	0	1
8884758	8885987	1	0	0	1
8884758	8886040	1	0	1	1
8885280	8886040	1	2	1	1
8886111	8886283	1	2	0	1
8886372	8886453	1	1	1	1
8886543	8886795	1	2	1	1
8886551	8886795	1	0	1	1
8886977	8887828	1	2	0	1
8887983	8888070	1	3	1	1
8888307	8888397	1	2	0	1
8888525	8888639	1	3	1	1
8888720	8888958	1	2	1	1
8889103	8889226	1	1	0	1
8889324	8889836	1	1	1	1
8889939	8890073	1	2	0	1
8890318	8891663	1	2	1	1
8891729	8891904	1	1	4	1
8891982	8892064	1	0	2	1
8892140	8892287	1	0	0	1
8892402	8892520	1	3	1	1
8892634	8892766	1	2	0	1
8892868	8892987	1	2	1	1
8898012	8899168	1	1	1	1
8899344	8902900	1	3	1	1
8899344	8903066	1	2	1	1
8903262	8903444	1	2	0	1
8903736	8904098	1	3	3	1
8905251	8905340	2	0	3	2
8905588	8905946	2	0	0	2
8907316	8908161	1	1	5	1
8908334	8908406	1	3	0	1
8908668	8908752	1	0	1	1
8908867	8910604	1	2	0	1
8910673	8910785	1	3	0	1
8910910	8911132	1	0	0	1
8911304	8911449	1	1	0	1
8911520	8911604	1	2	0	1
8911716	8912313	1	1	1	1
8912410	8913666	1	2	0	1
8913823	8913981	1	1	0	1
8914124	8914491	1	2	0	1
8914170	8914474	2	0	2	2
8914644	8914724	1	2	0	1
8914851	8914925	1	3	1	1
8915058	8915824	1	2	1	1
8915893	8916390	1	2	3	1
8915913	8918564	2	1	2	2
8916480	8916550	1	2	0	1
8916649	8916779	1	1	1	1
8916868	8917941	1	0	1	1
8918041	8918265	1	1	3	1
8918397	8918492	1	2	1	1
8919746	8920827	1	2	0	1
8920896	8921375	1	2	0	1
8921470	8923118	1	0	1	1
8923237	8923368	1	2	1	1
8923433	8923629	1	2	1	1
8923748	8924010	1	1	1	1
8924114	8924399	1	1	0	1
8924500	8924614	1	1	0	1
8924804	8924887	1	0	0	1
8924963	8925089	1	3	0	1
8925149	8925387	1	0	0	1
8925486	8925619	1	0	0	1
8925760	8926313	1	0	1	1
8926543	8927662	1	0	1	1
8927753	8928274	1	1	0	1
8928394	8928498	1	0	0	1
8928648	8928852	1	4	1	1
8931385	8932749	1	0	1	1
8932941	8936449	1	2	1	1
8936766	8937105	1	1	1	1
8937207	8939706	1	2	0	1
8940186	8941382	1	1	2	1
8941493	8941626	1	3	1	1
8941738	8941923	1	3	2	1
8942017	8942396	1	0	2	1
8944589	8945578	1	1	0	1
8945738	8946524	1	2	2	1
8946541	8946726	1	1	0	1
8946589	8946726	1	1	0	1
8946870	8947206	1	5	1	1
8947351	8949869	1	3	2	1
8950000	8950266	1	1	0	1
8950472	8954680	1	2	0	1
8954854	8954947	1	1	1	1
8955073	8955306	1	1	0	1
8977136	8977462	1	2	0	1
8977620	8978038	1	1	1	1
8978227	8979061	1	1	0	1
8978227	9014521	1	1	0	1
8986728	8987105	1	7	1	1
8989082	8991997	2	33	14	2
8990139	8992292	1	10	13	1
9014622	9053938	1	3	1	1
9023080	9053938	1	1	1	1
9024960	9053938	1	2	1	1
9028494	9053938	1	0	1	1
9090572	9091546	2	1	2	2
9091658	9093864	2	1	2	2
9093984	9095891	2	0	0	2
9096050	9096550	2	0	2	2
9096694	9112149	2	2	2	2
9112351	9112877	2	0	2	2
9850237	9851582	2	1	2	2
9862951	9863069	2	2	2	2
9863128	9864037	2	0	1	2
9877384	9877659	1	2	0	1
9877384	9878230	1	2	1	1
9877875	9878230	1	0	1	1
9878441	9879879	1	0	0	1
9902139	9902427	2	2	3	2
9902499	9905864	2	1	0	2
9924999	9958839	2	0	2	2
9960347	9961543	1	1	0	1
9960361	9961558	2	1	1	2
9961691	9961922	1	2	0	1
9962049	9962143	1	0	0	1
9969575	9970128	2	3	4	2
9992649	10003892	1	3	0	1
9995723	10003892	1	1	0	1
10004149	10004746	1	2	1	1
10004843	10004922	1	2	1	1
10005001	10005647	1	2	0	1
10005001	10007512	1	2	3	1
10005867	10007512	1	2	3	1
10007642	10007731	1	2	0	1
10007845	10009715	1	0	0	1
10009816	10011106	1	1	0	1
10009853	10010233	2	0	3	2
10010337	10019206	2	1	1	2
10011174	10011819	1	1	0	1
10012446	10015420	1	2	0	1
10018450	10019206	2	0	1	2
10019320	10029564	1	1	1	1
10029676	10030198	1	0	1	1
10030397	10031382	1	3	1	1
10031485	10031589	1	0	1	1
10031713	10031968	1	2	0	1
10032030	10032469	1	0	0	1
10032547	10032959	1	1	1	1
10033058	10033353	1	3	1	1
10033451	10033579	1	3	0	1
10033660	10033787	1	0	0	1
10033914	10035247	1	1	2	1
10035328	10036875	1	1	7	1
10041678	10042048	2	0	2	2
10042175	10042964	2	0	0	2
10043045	10043614	2	0	3	2
10043712	10043877	2	2	2	2
10043976	10047634	2	1	1	2
10047712	10047926	2	0	0	2
10047988	10048071	2	0	2	2
10047988	10048091	2	0	3	2
10047988	10048441	2	0	3	2
10047988	10059927	2	0	2	2
10060054	10066064	2	1	2	2
10066167	10066270	2	1	2	2
10066469	10069103	2	0	0	2
10069215	10078585	2	1	1	2
10160628	10162289	1	1	1	1
10162401	10163047	1	0	0	1
10163246	10163740	1	2	1	1
10163843	10164117	1	2	1	1
10164247	10168802	1	2	0	1
10168864	10170274	1	0	0	1
10170352	10171063	1	1	1	1
10171162	10171358	1	3	2	1
10171456	10171680	1	5	0	1
10171761	10171851	1	0	0	1
10171978	10172233	1	0	0	1
10178461	10181050	2	0	2	2
10181628	10183786	1	1	1	1
10183803	10183913	1	0	0	1
10183807	10183913	1	2	0	1
10183897	10184526	1	0	0	1
10184004	10184150	1	0	1	1
10184252	10184513	1	2	0	1
10184664	10185079	1	1	3	1
10188037	10189070	2	1	2	2
10191674	10192122	2	1	2	2
10194142	10194782	2	1	2	2
10194893	10195510	2	2	3	2
10225988	10227731	2	1	2	2
10366877	10390702	1	3	1	1
10395406	10412912	1	0	2	1
10413049	10416514	1	1	0	1
10420361	10420739	1	0	1	1
10420855	10421347	1	3	0	1
10421548	10425702	1	2	0	1
10480493	10494342	2	0	3	2
10494453	10494531	2	0	4	2
10494453	10494682	2	0	2	2
10494750	10498311	2	1	2	2
10494750	10502421	2	1	1	2
10498422	10502421	2	2	1	2
10503424	10509143	1	2	1	1
10509363	10510182	1	1	0	1
10510287	10510655	1	1	0	1
10510802	10512466	1	0	1	1
10510829	10512466	1	1	1	1
10512882	10514161	1	4	0	1
10514281	10516982	1	3	1	1
10517152	10518043	1	2	1	1
10518212	10523054	1	2	1	1
10528183	10528320	2	1	1	2
10528404	10529135	2	0	2	2
10529338	10531891	2	2	1	2
10531985	10532425	2	1	2	2
10532528	10533061	2	0	2	2
10532528	10533075	2	0	2	2
10548632	10548891	2	0	2	2
10548968	10552199	2	0	1	2
10552299	10552602	2	1	0	2
10552372	10552602	2	0	0	2
10552875	10554232	2	2	1	2
10552875	10554446	2	2	2	2
10555447	10556344	1	0	2	1
10556438	10557825	1	0	0	1
10557926	10559660	1	2	2	1
10559860	10562544	1	1	0	1
10562754	10564053	1	3	0	1
10564209	10565184	1	0	1	1
10565342	10565887	1	3	0	1
10569706	10569812	2	0	2	2
10570153	10570509	2	0	2	2
10570600	10570688	2	0	1	2
10570723	10570826	2	2	0	2
10570931	10571032	2	0	1	2
10571140	10571793	2	0	2	2
10571932	10572065	2	2	2	2
10572186	10572656	2	0	3	2
10572774	10573374	2	0	1	2
10573465	10573560	2	1	3	2
10573646	10573720	2	0	2	2
10573756	10574294	2	1	1	2
10574385	10574672	2	2	1	2
10574752	10576394	2	2	2	2
10574752	10577933	2	3	1	2
10576577	10576670	2	0	4	2
10576782	10577933	2	2	1	2
10578124	10581530	2	0	1	2
10581637	10582581	2	3	2	2
10581637	10582771	2	2	1	2
10583130	10584207	1	1	1	1
10584357	10585155	1	2	1	1
10585273	10585613	1	3	1	1
10585836	10588064	1	2	1	1
10588180	10589006	1	4	0	1
10589105	10590235	1	2	0	1
10590395	10591470	1	2	0	1
10591555	10592214	1	2	0	1
10592332	10592850	1	3	0	1
10592954	10596411	1	2	2	1
10596488	10596582	1	2	0	1
10596692	10598903	1	2	0	1
10599083	10599183	1	4	0	1
10599348	10599424	1	2	0	1
10599533	10599652	1	3	2	1
10599861	10600701	1	2	0	1
10600798	10600889	1	3	1	1
10601002	10602086	1	3	1	1
10602211	10602529	1	2	0	1
10602695	10603258	1	1	1	1
10603354	10603954	1	1	3	1
10604126	10604488	1	2	0	1
10604599	10604851	1	3	0	1
10605022	10605124	1	2	1	1
10605228	10605787	5	0	0	1
10605912	10606441	1	3	0	1
10614602	10614679	1	0	0	1
10614770	10615414	1	2	0	1
10615544	10618988	1	1	0	1
10624489	10625788	1	1	1	1
10625872	10627923	1	1	1	1
10628012	10630412	1	3	1	1
10630499	10631596	1	4	0	1
10637034	10637342	1	3	0	1
10637407	10641453	1	4	0	1
10666260	10683572	1	0	1	1
10666343	10683572	1	1	1	1
10683672	10687632	1	2	2	1
10683672	10688633	1	2	0	1
10687805	10688633	1	1	0	1
10688717	10689886	1	2	1	1
10762709	10762780	1	1	0	1
10820942	10825867	1	3	4	1
10826152	10830491	1	2	1	1
10830640	10831616	1	3	0	1
10834702	10834992	1	1	1	1
10836515	10836926	2	1	4	2
10837119	10837486	2	2	2	2
10837761	10838892	2	1	1	2
10839096	10840585	2	2	2	2
10841468	10842618	2	1	1	2
10842951	10843831	2	0	3	2
10849513	10849949	2	4	1	2
10850053	10851604	2	0	2	2
10851850	10859014	2	0	1	2
10872832	10874865	1	0	0	1
10875016	10875179	1	2	0	1
10875257	10876288	1	1	1	1
10875257	10876345	1	1	1	1
10876488	10876567	1	2	0	1
10876642	10876732	1	1	1	1
10876796	10877537	1	2	0	1
10877580	10877686	1	2	0	1
10877762	10878052	1	1	1	1
10878129	10878289	1	1	3	1
10878400	10879706	1	4	1	1
10879863	10880064	1	3	0	1
10880135	10880330	1	0	0	1
10880417	10880653	1	2	1	1
10880825	10881000	1	2	3	1
10881107	10882397	1	3	0	1
10920653	10920840	2	0	1	2
10920916	10922645	2	1	3	2
10922776	10925640	2	2	2	2
10926173	10926232	1	11	52	1
10926173	10926292	1	7	52	1
11025457	11025641	2	2	0	2
11025756	11027750	2	0	0	2
11025756	11033142	2	0	3	2
11045852	11048073	2	0	1	2
11048212	11048964	2	0	1	2
11229247	11230541	2	0	0	2
11236200	11243410	2	1	3	2
11298946	11299661	2	1	1	2
11299764	11301784	2	0	1	2
11301827	11303169	2	0	0	2
11301992	11303169	2	1	0	2
11303227	11305287	2	0	0	2
11305414	11310569	2	0	0	2
11310730	11313369	2	0	2	2
11392315	11393691	1	1	2	1
11393812	11395005	1	1	0	1
11396482	11398620	1	2	1	1
11398723	11403558	1	2	2	1
11421024	11427256	1	1	0	1
11427417	11432014	1	1	2	1
11432135	11435158	1	1	0	1
11435216	11436515	1	1	0	1
11436642	11438619	1	2	1	1
11438722	11440321	1	2	2	1
11446920	11448451	1	3	0	1
11448615	11449755	1	1	1	1
11449891	11452636	1	0	0	1
11452694	11455530	1	1	2	1
11496038	11497685	1	3	0	1
11497849	11499033	1	1	1	1
11499169	11501272	1	0	0	1
11504261	11505936	1	0	1	1
11506039	11506850	1	1	0	1
11514524	11525841	1	0	0	1
11526002	11527628	1	1	1	1
11527749	11530194	1	1	0	1
11564545	11565326	2	0	1	2
11567560	11570227	2	2	1	2
11747888	11748164	1	2	0	1
11748231	11750237	1	0	0	1
11750387	11751510	1	1	1	1
11753952	11754450	2	0	2	2
11754534	11758929	2	0	0	2
11754534	11760388	2	0	2	2
11756537	11758929	2	0	0	2
11759044	11760388	2	0	2	2
11760500	11762752	2	1	2	2
11762888	11763047	2	0	1	2
11763122	11763887	2	0	0	2
11763997	11765531	2	0	3	2
11765600	11766919	2	1	0	2
11766995	11769108	2	0	0	2
11769209	11780856	2	0	2	2
11780941	11796054	2	0	0	2
11898249	11898731	1	4	1	1
11898927	11899829	1	2	0	1
11899932	11900749	1	1	0	1
11900840	11901163	1	3	0	1
11901382	11902499	1	2	0	1
11902590	11907237	1	0	0	1
11907419	11908895	1	3	0	1
11909020	11909500	1	1	0	1
11909599	11911042	1	0	1	1
11911103	11913041	1	0	0	1
11913191	11914582	1	2	1	1
11914743	11917046	1	2	2	1
11917203	11919991	1	2	0	1
11920084	11920187	1	1	1	1
11920338	11920693	1	0	1	1
11943660	11948049	1	3	2	1
11948259	11951020	1	3	0	1
11951272	11955164	1	0	1	1
11955364	11955599	1	2	0	1
11955703	11955993	1	0	0	1
11956049	11956231	1	2	0	1
11956364	11961266	1	1	2	1
11961513	11961754	1	2	2	1
11961876	11965711	1	1	3	1
11965816	11966567	1	3	0	1
11966664	11967963	1	2	2	1
11968146	11968957	1	0	1	1
11969179	11969262	1	1	1	1
12447073	12450592	2	2	0	2
12450683	12455488	2	1	5	2
12455651	12459436	2	1	2	2
12459590	12460408	2	1	2	2
12460471	12462626	2	3	2	2
12462789	12463791	2	1	3	2
12463854	12464347	2	1	1	2
12507827	12509675	2	1	1	2
12517308	12563588	2	2	4	2
12550944	12554452	1	0	0	1
12554534	12561285	1	0	2	1
12561486	12564197	1	2	2	1
12563708	12573300	2	1	2	2
12577453	12590828	1	2	1	1
12590925	12595688	1	2	2	1
12590925	12688344	1	2	2	1
12595797	12600966	1	2	1	1
12601094	12601905	1	0	2	1
12602081	12604076	1	0	0	1
12610970	12611784	1	3	1	1
12610970	12616214	1	3	0	1
12610970	12616855	1	2	1	1
12610970	12617134	1	2	1	1
12612709	12616855	1	0	1	1
12614337	12616855	1	2	1	1
12616281	12617134	1	1	1	1
12617047	12617134	1	1	1	1
12617230	12619448	1	2	2	1
12617230	12623254	1	6	4	1
12617230	12623665	1	2	2	1
12617230	12625365	1	2	1	1
12617267	12623665	1	0	2	1
12619577	12623665	1	0	2	1
12623313	12623665	1	2	2	1
12623774	12625365	1	5	1	1
12625493	12627619	1	0	2	1
12625493	12627715	1	0	0	1
12625493	12628591	1	0	0	1
12625493	12693260	1	0	2	1
12625544	12627619	1	2	3	1
12627792	12628560	1	0	0	1
12627792	12628591	1	0	0	1
12673205	12686959	1	2	3	1
12687050	12688344	1	2	2	1
12687050	12688374	1	2	1	1
12687050	12691869	1	2	1	1
12687050	12696142	1	2	0	1
12687114	12688344	1	2	2	1
12688453	12690099	1	2	0	1
12688453	12691869	1	2	1	1
12690151	12691869	1	3	1	1
12691997	12693260	1	0	2	1
12691997	12696142	1	0	0	1
12693350	12696142	1	1	0	1
12693433	12693864	1	0	0	1
12693433	12695775	1	0	0	1
12693433	12696142	1	0	0	1
12693433	12696271	1	0	0	1
12695838	12696142	1	1	0	1
12741744	12742643	2	4	0	2
12747913	12748365	2	0	0	2
12748466	12752182	2	0	2	2
12752298	12753357	2	0	2	2
12753437	12753774	2	0	2	2
12753826	12754222	2	1	0	2
12754358	12755304	2	1	2	2
12755410	12755986	2	0	3	2
12756024	12756255	2	0	1	2
12756463	12767622	2	0	2	2
12767652	12772346	2	3	0	2
12801475	12802161	1	2	3	1
12802336	12802452	1	0	0	1
12802535	12809970	1	2	1	1
12810120	12810447	1	1	1	1
14427205	14429005	2	0	2	2
14429083	14429426	2	1	1	2
14429931	14430941	2	1	2	2
14431190	14432103	2	0	1	2
14432354	14441671	2	0	0	2
14441749	14442106	2	2	1	2
14442301	14442648	2	0	2	2
14444065	14444542	2	1	2	2
14444597	14445514	2	1	0	2
14445635	14493721	2	0	2	2
14493739	14495134	2	0	2	2
14495337	14522150	2	0	1	2
15883515	15884292	2	2	2	2
15884431	15886663	2	0	0	2
15886793	15892226	2	0	8	2
15892397	15894439	2	0	3	2
15894613	15895392	2	0	3	2
15894613	15895568	2	0	0	2
15895775	15896817	2	0	0	2
15896888	15898298	2	0	1	2
15898360	15901666	2	3	1	2
15898360	15902226	2	3	1	2
15938473	15939734	2	0	2	2
15939813	15946434	2	1	2	2
15946564	15947895	2	0	3	2
15947942	15948258	2	1	2	2
15948395	15951718	2	2	1	2
15951831	15952250	2	0	2	2
15953726	15956143	2	0	2	2
15956319	15958454	2	0	3	2
15959164	15961975	2	4	2	2
16293535	16294452	1	0	0	1
16293535	16309439	1	0	0	1
16309569	16312343	1	3	0	1
16355674	16360566	1	1	1	1
16414181	16511075	1	1	1	1
16511261	16576302	1	2	1	1
16576458	16580626	1	0	0	1
16580756	16582325	1	1	0	1
16582456	16585345	1	2	0	1
16585500	16586702	1	3	1	1
16594279	16596456	2	0	1	2
16596532	16596740	2	1	2	2
16596865	16597986	2	0	1	2
16598073	16613131	2	2	2	2
16613244	16617352	2	0	2	2
16617477	16617564	4	1	2	2
16617611	16617899	2	1	0	2
16618064	16618146	2	2	1	2
16618223	16618920	2	1	2	2
16619035	16621111	2	1	2	2
16621194	16623211	2	1	0	2
16623358	16624955	2	0	2	2
16625070	16628781	2	2	2	2
16628888	16630049	2	3	0	2
16630120	16631203	2	0	3	2
16631286	16631703	2	0	2	2
16631851	16632571	2	2	1	2
16633455	16635966	2	1	0	2
16636097	16637810	2	0	2	2
16637945	16638359	2	0	2	2
16638489	16641114	2	0	2	2
16641476	16641871	2	2	2	2
16643800	16645960	2	0	1	2
16646065	16653408	2	0	3	2
16655473	16655607	2	1	2	2
16655767	16657372	2	0	2	2
16657475	16659232	2	2	0	2
16659590	16660146	2	2	2	2
16660240	16662640	2	2	0	2
16665435	16669109	2	0	3	2
16669261	16672821	2	0	2	2
16680971	16681050	2	1	2	2
16681168	16681894	2	0	1	2
16682049	16683237	2	2	2	2
16712193	16712277	2	0	0	2
16712465	16718125	2	0	0	2
16718269	16718539	2	0	0	2
16718635	16719801	2	0	0	2
16719932	16720358	2	1	2	2
16720422	16722148	2	1	2	2
16743904	16758032	2	1	4	2
17304318	17304407	0	0	4	0
17307852	17310472	2	0	1	2
17307852	17350128	2	0	1	2
17308099	17310472	2	1	1	2
17310620	17313602	2	1	0	2
17310620	17333919	2	1	3	2
17310620	17334100	2	1	3	2
17310620	17348673	2	1	0	2
17310620	17350022	2	1	3	2
17310620	17350128	2	1	1	2
17313704	17350128	2	0	1	2
17334302	17350022	2	0	2	2
17334302	17350128	2	0	1	2
17336813	17350128	2	0	1	2
17348728	17350128	2	1	1	2
17371756	17372560	1	2	0	1
17372713	17375940	1	1	1	1
17376044	17376835	1	2	0	1
17416483	17424837	2	1	1	2
17440900	17443468	2	2	3	2
17488946	17492498	2	0	3	2
17492636	17502574	2	1	2	2
17502678	17541144	2	1	1	2
17541261	17542072	2	0	2	2
17542203	17542630	2	1	1	2
17549981	17553168	2	0	3	2
17553272	17558498	2	2	2	2
17563510	17571902	2	1	3	2
17655921	17689277	2	1	0	2
17689355	17692120	2	1	0	2
18558692	18562004	2	0	2	2
18562095	18563909	2	0	2	2
18562107	18563909	2	2	3	2
18563989	18567067	2	0	2	2
18567118	18567763	2	0	2	2
18567872	18569945	2	1	2	2
18570000	18571218	2	0	1	2
18571283	18573713	2	0	1	2
18573765	18581528	2	0	0	2
18581576	18608982	2	1	2	2
18609445	18613441	1	1	1	1
18613506	18613689	1	1	1	1
18613506	18615571	1	1	3	1
18613506	18616880	1	1	0	1
18613738	18616880	1	1	0	1
18615655	18616880	1	1	0	1
18616972	18617248	1	2	0	1
18616972	18618486	1	2	0	1
18617298	18618486	1	1	0	1
18618635	18618765	1	0	1	1
18618838	18619536	1	2	0	1
18619644	18622417	1	1	0	1
18622502	18623274	1	1	0	1
18622502	18628598	1	1	2	1
18623385	18628598	1	2	2	1
18648566	18655050	1	1	0	1
18648799	18655050	1	1	0	1
18655247	18656466	1	0	1	1
18656631	18667592	1	1	1	1
18667734	18668779	1	4	0	1
18668959	18671011	1	0	0	1
18671126	18680723	1	1	2	1
18671126	18681382	1	1	2	1
18680828	18681382	1	2	2	1
18691023	18694581	1	2	0	1
18709909	18710111	2	2	3	2
18727406	18731844	1	2	1	1
18727406	18749683	1	2	0	1
18749758	18754055	1	3	0	1
18764209	18769348	1	0	1	1
18769518	18770198	1	1	1	1
18773689	18773803	1	1	2	1
18773905	18778297	1	3	0	1
18779566	18786894	1	3	0	1
18789177	18790711	1	2	1	1
18792833	18796400	1	2	0	1
18796554	18800695	1	1	0	1
18800843	18803113	1	1	0	1
18807683	18809831	1	0	0	1
18810026	18815335	1	0	0	1
18831832	18833517	1	0	2	1
18839652	18843560	1	2	2	1
18845376	18847862	1	0	0	1
18847889	18849574	1	0	0	1
18849626	18851191	1	3	0	1
18851258	18853198	1	0	0	1
18855136	18861262	1	2	2	1
18861315	18866297	1	0	0	1
20351134	20352587	2	1	1	2
20352711	20354014	2	1	2	2
20354074	20354969	2	0	1	2
20355066	20355758	2	0	2	2
20355853	20357011	2	1	1	2
20357069	20357702	2	1	2	2
20357783	20359412	2	0	2	2
20359504	20360224	2	1	2	2
20360339	20361119	2	0	2	2
20361215	20361837	2	3	2	2
20361947	20362055	2	0	0	2
20362136	20367974	2	0	2	2
20588381	20595242	1	2	1	1
20595384	20597331	1	0	0	1
20597462	20599031	1	1	0	1
20599094	20600687	1	0	0	1
20600817	20602074	1	2	1	1
20602189	20606416	1	3	2	1
20606520	20608028	1	0	0	1
20608214	20611711	3	2	0	1
20611877	20614030	1	2	0	1
20614189	20617426	1	1	1	1
20617502	20620256	1	0	1	1
20670899	20673698	2	1	0	2
20673774	20677260	2	1	1	2
20677419	20679573	2	0	2	2
20679739	20685512	2	0	2	2
20685698	20686760	2	0	0	2
20686864	20692043	2	2	2	2
20692158	20693283	2	1	2	2
20693413	20695058	2	0	0	2
20695121	20696548	2	0	1	2
20696679	20699640	2	0	0	2
20699782	20704320	2	1	2	2
20704426	20704809	2	0	2	2
21140091	21142593	4	1	1	2
21250106	21253788	1	1	0	1
21251013	21253788	1	2	0	1
21253949	21254340	1	1	1	1
21254453	21255017	1	2	0	1
21255122	21256987	1	3	0	1
21257114	21257785	1	3	1	1
21372622	21373395	2	1	2	2
21373424	21374869	2	1	2	2
21375001	21377921	2	0	2	2
21387303	21389860	2	1	0	2
21389959	21392176	2	0	2	2
21406014	21411583	2	0	0	2
21411673	21449730	2	0	0	2
21469219	21474061	1	2	0	1
21470040	21474061	1	1	0	1
21575698	21576117	2	2	0	2
21576232	21596471	2	0	1	2
21576232	21629969	2	0	2	2
21596579	21629969	2	0	2	2
21630957	21654358	1	3	0	1
21630957	21655715	1	3	0	1
21630957	21655718	1	2	0	1
21655960	21656116	1	0	0	1
21656186	21658230	1	2	0	1
21656186	21658352	1	2	1	1
21658411	21661460	1	0	0	1
21770344	21774689	1	1	0	1
21779395	21784721	1	2	1	1
21789340	21789573	1	0	0	1
21789780	21789913	1	0	1	1
21789984	21792793	1	2	1	1
21792923	21795285	1	2	1	1
21803559	21807162	1	2	1	1
21807341	21809389	1	3	2	1
21809606	21812780	1	2	2	1
21819587	21821982	1	1	2	1
21822203	21825299	1	2	0	1
21825399	21829587	1	0	2	1
21829743	21833021	1	2	2	1
21833126	21833517	1	2	2	1
22878699	22879350	1	3	1	1
22879580	22881997	1	2	2	1
22896218	22903258	1	1	0	1
22946318	22946822	2	0	1	2
22955806	22955918	1	0	0	1
22961642	23053119	2	1	2	2
22977642	22977826	2	1	1	2
23029069	23039176	2	0	0	2
23029069	23040702	2	0	3	2
23029069	23052646	2	0	0	2
23029069	23053119	2	0	2	2
23040805	23040912	2	0	2	2
23041033	23041719	2	0	0	2
23041033	23053119	2	0	2	2
23041807	23053119	2	2	2	2
23052789	23053119	2	0	2	2
23112318	23112721	1	2	0	1
23119623	23142045	1	2	2	1
23121336	23142045	1	0	2	1
23186332	23187613	2	0	2	2
23187710	23187786	2	1	2	2
23187967	23191113	2	1	2	2
23191234	23191428	2	2	2	2
23191534	23192004	2	2	0	2
23191534	23192007	2	2	1	2
23192104	23195767	2	1	0	2
23195894	23205536	2	0	0	2
23205660	23206277	2	0	2	2
23209091	23209181	2	1	2	2
23209356	23211325	2	4	1	2
23211459	23213236	2	0	0	2
23213332	23216247	4	1	2	2
23216362	23219998	2	0	1	2
23221474	23232039	2	0	2	2
23232112	23234850	2	0	2	2
23235013	23237009	2	1	1	2
23237151	23238695	2	0	2	2
23238831	23240966	2	1	2	2
23246232	23250996	2	0	0	2
23259584	23263535	1	2	0	1
23653643	23653711	1	1	0	1
23695466	23697420	1	3	1	1
23950995	23952723	2	0	2	2
23953017	23955324	2	0	2	2
23955478	23956752	2	2	2	2
23956832	23956948	2	1	4	2
23957079	23962071	2	1	2	2
23963880	23965809	2	0	2	2
23965939	23972143	2	2	1	2
23972255	23998968	2	2	1	2
23999026	24007910	2	4	1	2
24072954	24073946	2	0	2	2
24074033	24075363	2	0	1	2
24075679	24076815	2	1	2	2
24076927	24078064	2	0	2	2
24079361	24086007	2	0	2	2
24086219	24087093	2	1	3	2
24087174	24088383	2	0	0	2
24088480	24088788	2	0	2	2
24088983	24090108	2	0	3	2
24090320	24091438	2	0	1	2
24091548	24097307	2	2	2	2
24097459	24098199	2	0	1	2
24098267	24099387	2	0	3	2
24099735	24101930	2	0	1	2
24102085	24103067	2	0	2	2
24103172	24108217	2	0	2	2
24108837	24109968	2	2	0	2
24110072	24112212	2	0	0	2
24112338	24116141	2	1	2	2
24116196	24171071	2	1	3	2
24152572	24180213	1	0	0	1
24171193	24202213	4	1	9	2
24239417	24244664	2	0	3	2
24244763	24246340	2	1	2	2
24244763	24247396	2	1	1	2
24244763	24249709	2	1	1	2
24249831	24250054	2	0	2	2
24249831	24254543	2	0	2	2
24250249	24256075	1	1	14	1
24254639	24257769	2	0	0	2
24272918	24281394	2	0	0	2
24281510	24323599	2	0	3	2
24337515	24356164	2	2	1	2
24356465	24359050	2	0	1	2
24367825	24374378	2	0	3	2
24374510	24416415	2	0	2	2
24416485	24420964	2	0	2	2
24651707	24654898	1	4	1	1
24686726	24705031	2	1	3	2
24793965	24797482	2	0	2	2
24797609	24801654	2	0	2	2
24898062	24898383	2	0	1	2
24898066	24898383	2	2	1	2
24898514	24899959	2	1	2	2
24900026	24900118	2	0	3	2
24900188	24905689	2	0	3	2
24905739	24909026	2	0	2	2
24909084	24915758	2	0	2	2
24915804	24918111	2	0	4	2
24918199	24920045	2	1	3	2
24920093	24925431	2	0	0	2
24925470	24926564	2	3	1	2
24926625	24930622	2	2	1	2
24930715	24932698	2	1	0	2
24932796	24935266	2	1	2	2
24935354	24938679	2	2	2	2
24935354	24938746	2	2	3	2
24977067	24979359	1	3	0	1
25028953	25038470	1	0	0	1
25038647	25042750	1	1	0	1
25042823	25055442	1	0	0	1
25055567	25057121	1	3	0	1
25057338	25063542	1	2	1	1
25063629	25065032	1	0	2	1
25065100	25067253	1	2	0	1
25070388	25073611	2	2	1	2
25074912	25076955	1	3	1	1
25077050	25078214	1	2	1	1
25096893	25098476	1	1	2	1
25098548	25099748	1	0	2	1
25099888	25100502	1	1	0	1
25100605	25104430	1	2	0	1
25104527	25104838	1	5	1	1
25105074	25107713	1	3	0	1
25107879	25109426	1	3	2	1
25109600	25114679	1	2	0	1
25114776	25117431	1	2	0	1
25117528	25124657	1	1	2	1
25124808	25127145	1	2	1	1
25127260	25131507	1	4	0	1
25138519	25140303	1	1	0	1
25140941	25141683	1	4	1	1
25141772	25146765	1	0	0	1
25146863	25148863	1	4	1	1
25148999	25149819	1	2	0	1
25149973	25151536	1	0	0	1
25151696	25152722	1	5	2	1
25152824	25154190	1	3	0	1
25154384	25158924	1	3	0	1
25160456	25160851	1	2	1	1
25160987	25162213	1	2	1	1
25162304	25165699	1	2	1	1
25165937	25169549	1	2	0	1
25169694	25170771	1	5	1	1
25170879	25177736	1	1	0	1
25177908	25178349	1	2	1	1
25214356	25252110	1	2	0	1
25214681	25252110	1	1	0	1
25252198	25295667	1	2	0	1
25295796	25355773	1	2	2	1
25355894	25386448	1	2	0	1
25384401	25386448	1	3	0	1
25389128	25399506	1	4	1	1
25399705	25400281	1	1	0	1
25400391	25401500	1	1	3	1
25401747	25403259	1	2	2	1
25403348	25405339	1	1	0	1
25405560	25407583	1	2	0	1
25407727	25408241	1	2	1	1
25408443	25410227	1	0	1	1
25410327	25410883	1	1	0	1
25648809	25649440	2	1	3	2
25911026	25919405	1	2	1	1
25919482	25921617	1	0	0	1
26584455	26597082	1	1	0	1
26601410	26608068	1	2	3	1
26608531	26617786	1	1	1	1
26618049	26624419	1	2	0	1
26624547	26626382	1	2	0	1
26626557	26628947	1	2	1	1
26629122	26631739	1	1	1	1
26631911	26641449	1	2	0	1
26641504	26646151	1	2	0	1
26646283	26646512	1	1	0	1
26646571	26648007	1	2	0	1
26646571	26648482	1	2	1	1
26648190	26648482	1	1	1	1
26648584	26650097	1	0	1	1
26650246	26654032	1	3	0	1
26654197	26655714	1	0	1	1
26655782	26656472	1	2	1	1
26656584	26659269	1	2	0	1
26659513	26661207	1	1	2	1
26661322	26668743	1	2	2	1
26668852	26669579	1	2	1	1
26669667	26673574	1	2	1	1
26673622	26675744	1	1	1	1
26675912	26683466	1	1	1	1
26683631	26687856	1	5	1	1
26688085	26693513	1	2	1	1
26693392	26693513	1	3	1	1
26693592	26698127	1	1	0	1
26698347	26729222	1	1	1	1
26725698	26729222	1	2	1	1
26725944	26727250	1	2	0	1
26727347	26729222	1	2	1	1
26729441	26737276	1	3	3	1
26729441	26748336	1	3	0	1
26731104	26748336	1	3	0	1
26737331	26748336	1	3	0	1
26748443	26748906	1	2	1	1
26749009	26751571	1	2	0	1
26751705	26753499	1	1	0	1
26753643	26754733	1	0	1	1
27194348	27194941	1	2	1	1
27195096	27207594	1	1	1	1
27207715	27212188	1	1	0	1
27212312	27213638	1	0	0	1
27213762	27215451	1	1	1	1
27215824	27215908	1	0	0	1
27216032	27216122	1	1	0	1
27216246	27217020	1	0	0	1
27217141	27217243	1	2	0	1
27217370	27217864	1	2	1	1
27218037	27218633	1	5	0	1
27218853	27220463	1	1	0	1
27220583	27221156	1	1	0	1
27221297	27221597	1	2	1	1
27221740	27222933	1	2	4	1
27223081	27223991	1	0	3	1
27223081	27224408	1	0	1	1
27224076	27224408	1	2	1	1
27224490	27225255	1	0	0	1
27225426	27226503	1	0	0	1
27367713	27371636	2	0	6	2
27371728	27373339	2	2	2	2
27371728	27373693	2	2	2	2
27373782	27374491	2	0	0	2
27373782	27376280	2	0	2	2
27376504	27377077	2	0	4	2
27377221	27389580	2	1	0	2
27389662	27393284	2	1	0	2
27393339	27394133	2	1	4	2
27394233	27396193	2	1	0	2
27396273	27397416	2	1	0	2
27397521	27398695	2	0	2	2
27398871	27399753	2	0	1	2
27399821	27400052	2	1	2	2
27400147	27400904	2	0	0	2
27400981	27401607	2	0	2	2
27401744	27403194	2	0	1	2
27403414	27404435	2	0	1	2
27404528	27407190	2	0	1	2
27764167	27771009	2	0	4	2
27779879	27783586	2	2	0	2
27791090	27792883	2	0	2	2
27808192	27814805	2	0	0	2
27814881	27827109	2	0	0	2
28241444	28261050	2	1	1	2
28294813	28331604	2	0	2	2
28331716	28335189	2	0	0	2
28536911	28544438	1	2	0	1
28812732	28856411	1	3	1	1
28856553	28870233	1	3	2	1
28870327	28871852	1	2	2	1
28871968	28873482	1	3	1	1
28873526	28874905	1	4	0	1
28875002	28878840	1	2	0	1
28879026	28880084	1	1	0	1
28880193	28882010	1	1	1	1
28882134	28882731	1	3	0	1
28882927	28886829	1	2	0	1
28885015	28900965	2	0	2	2
28885332	28886829	1	1	0	1
28886965	28889052	1	0	1	1
28895606	28900965	2	1	2	2
28901102	28905047	2	1	0	2
28905150	28905946	2	1	2	2
28906032	28906315	2	2	0	2
28906032	28906523	2	2	2	2
28906032	28915630	2	2	2	2
28915819	28916533	2	2	2	2
28916569	28919110	2	0	2	2
28919214	28921622	2	3	0	2
28919214	28921631	2	2	1	2
28921854	28923149	2	1	0	2
28926143	28931488	2	0	2	2
28926143	28937078	2	0	0	2
28931531	28937078	2	1	0	2
28937128	28940934	2	2	2	2
28941073	28941165	2	0	2	2
28941073	28941219	2	0	2	2
28968069	28972439	1	2	0	1
28972722	28976659	1	2	0	1
28976751	28984370	1	1	3	1
28984487	28984971	1	3	0	1
28985095	28989287	1	0	1	1
28989453	28990186	1	3	1	1
28989453	28993240	1	2	0	1
28989453	28993404	1	3	0	1
28989453	29002202	1	3	0	1
28990310	28993404	1	1	0	1
29000346	29003610	2	1	0	2
29003730	29004569	2	1	1	2
29004743	29015270	2	1	1	2
29015391	29025077	2	0	2	2
29044982	29046317	1	4	1	1
29044982	29046520	1	2	0	1
29079040	29093121	1	2	0	1
29093194	29095623	1	2	1	1
29095800	29098668	1	1	2	1
29098744	29099164	1	2	0	1
29099290	29105397	1	0	3	1
29105524	29108048	1	0	2	1
29108206	29111798	1	1	1	1
29111903	29120540	1	0	1	1
29229518	29229835	1	1	2	1
29229919	29239581	1	2	1	1
29239833	29248749	1	1	3	1
29248874	29252400	1	2	2	1
29252519	29254148	1	4	0	1
29254295	29259715	1	2	0	1
29260038	29260940	1	4	1	1
29261061	29262235	1	1	1	1
29262394	29263699	1	0	0	1
29263812	29265299	1	2	0	1
29265487	29266072	1	2	0	1
29266201	29268565	1	0	0	1
29268701	29272254	1	2	0	1
29272343	29273040	1	0	0	1
29273169	29273908	1	0	1	1
29274048	29275691	1	0	0	1
29275844	29275986	1	0	0	1
29276138	29276877	1	3	0	1
29277015	29278307	1	0	1	1
29278498	29279010	1	1	2	1
29279136	29279297	1	2	1	1
29279471	29286993	1	1	2	1
29287112	29288326	1	1	1	1
29288441	29289139	1	2	0	1
29299139	29302443	2	0	3	2
29309566	29311784	2	0	1	2
29326405	29327758	2	2	0	2
29326405	29335715	2	2	2	2
29327869	29328442	2	0	1	2
29328574	29335715	2	0	2	2
29335803	29338215	2	2	2	2
29335803	29339195	2	2	0	2
29338327	29339063	2	2	3	2
29338327	29339195	2	5	0	2
29338327	29339272	2	2	2	2
29342275	29344604	2	1	3	2
29344906	29350956	1	3	0	1
29351299	29357702	1	1	0	1
29510672	29518654	1	0	0	1
29512638	29513018	1	2	0	1
29518735	29539383	1	0	0	1
29539492	29544618	1	2	0	1
29544762	29544883	1	2	0	1
29545021	29546740	1	2	0	1
29546833	29548144	1	2	0	1
29548234	29552130	1	1	0	1
29552276	29553252	1	0	0	1
29553302	29554981	1	1	0	1
29555135	29557163	1	1	0	1
29557368	29561573	1	2	0	1
29561613	29561865	1	1	0	1
29563270	29563938	1	2	0	1
29565246	29572197	1	3	1	1
29573399	29575145	1	2	0	1
29577518	29578216	1	4	0	1
29579850	29579990	1	1	0	1
29580180	29581259	1	1	0	1
29590079	29590167	2	2	4	2
29590082	29590167	2	0	3	2
29590332	29593121	2	1	3	2
29593238	29593915	2	1	2	2
29595370	29600467	2	0	0	2
29600659	29601039	2	2	1	2
29601215	29604245	2	0	1	2
29604467	29606002	2	0	0	2
29606216	29608741	2	2	2	2
29608835	29609789	2	1	2	2
29609937	29614689	2	1	3	2
29623668	29625434	2	1	4	2
29788396	29790213	2	0	2	2
29932651	29934299	1	2	1	1
29934398	29936248	1	2	0	1
30016697	30033633	1	2	3	1
30048861	30051292	1	1	1	1
30051403	30052482	1	0	1	1
30052670	30055412	1	1	8	1
30055537	30055938	1	1	1	1
30056047	30057237	1	2	2	1
30057343	30060132	1	0	1	1
30060240	30063644	1	2	1	1
30063808	30064574	1	2	3	1
30064716	30065877	1	3	0	1
30065975	30066584	3	1	0	1
30066743	30069439	1	1	0	1
30069539	30070116	1	2	1	1
30076510	30077235	2	0	1	2
30077317	30078141	2	0	2	2
30078315	30080377	2	1	1	2
30080474	30088071	4	1	2	2
30088184	30091120	2	0	2	2
30091263	30092586	2	1	0	2
30092700	30093797	2	3	2	2
30093948	30095941	2	2	1	2
30096068	30102120	2	2	0	2
30102197	30109070	2	0	3	2
30109214	30110878	2	0	0	2
30110921	30111093	2	1	1	2
30111179	30111588	2	0	4	2
30111687	30113902	2	1	0	2
30113984	30114491	2	0	0	2
30114632	30116673	2	1	2	2
30116780	30120758	2	1	4	2
30120856	30122545	2	1	2	2
30122743	30123016	2	0	1	2
30123165	30124567	2	0	0	2
30124646	30128820	2	0	4	2
30128986	30135912	2	1	1	2
30136049	30151822	2	2	0	2
30151902	30152389	2	0	1	2
30396329	30403117	1	2	0	1
30403267	30405570	1	2	1	1
30562702	30563664	2	2	1	2
30563807	30570246	2	1	2	2
31077056	31089943	1	3	1	1
31077056	31106388	1	2	1	1
31090078	31114135	1	4	1	1
31106471	31114135	1	2	1	1
31846259	31870453	1	4	0	1
31870598	31886190	1	3	1	1
31886326	31888504	1	0	0	1
31888636	31895282	1	1	1	1
31895522	31898220	1	3	1	1
31898386	31904506	1	3	3	1
31904605	31909823	1	2	2	1
31910098	31912050	1	2	1	1
31912233	31922362	1	2	0	1
31912233	31924757	1	3	1	1
31922500	31923184	1	0	0	1
31923337	31924757	1	4	1	1
31964347	31969400	2	2	2	2
31969490	31972740	2	0	3	2
31972801	31981082	2	1	1	2
31981230	31983656	2	1	1	2
31983753	31985978	2	1	3	2
31986075	31986804	2	1	0	2
31986845	31989824	2	0	0	2
31989920	31991600	2	0	2	2
31991717	31993883	2	1	1	2
31993966	31994082	2	4	0	2
31994188	31996340	2	1	2	2
31996428	31999652	2	0	1	2
31999779	32002199	2	1	3	2
32020958	32022288	2	3	2	2
32022417	32023483	2	0	2	2
32023661	32030231	2	2	2	2
32030382	32031878	2	0	1	2
32032040	32035195	2	0	2	2
32035325	32037950	2	0	2	2
32038073	32038685	2	1	2	2
32038802	32078948	2	0	0	2
32038805	32078948	2	0	0	2
32038860	32078948	2	3	0	2
32079027	32085256	2	2	2	2
32089491	32114687	1	2	2	1
32101924	32102624	2	3	0	2
32102792	32106939	2	0	0	2
32107094	32120144	2	0	2	2
32120263	32136922	2	2	0	2
32137763	32188226	2	0	2	2
32137763	32200907	2	0	0	2
32200990	32225392	2	4	2	2
32200990	32266939	2	4	4	2
32225436	32237374	2	0	2	2
32225436	32266939	2	0	2	2
32267031	32300435	2	1	2	2
32267031	32329343	2	1	2	2
32329423	32365030	2	1	3	2
32329423	32365618	2	1	0	2
32366776	32367103	1	1	1	1
32443536	32443559	2	0	2	2
32463959	32468736	1	4	0	1
32468935	32471269	1	3	0	1
32471368	32475782	1	1	2	1
32475917	32491371	1	3	2	1
32573275	32611284	1	1	1	1
32597586	32611284	1	0	1	1
32611400	32614432	1	5	2	1
32614669	32615652	1	2	1	1
32615792	32616317	1	2	1	1
32616437	32616616	1	3	0	1
32616731	32618698	1	2	0	1
32618811	32623727	1	1	1	1
32618811	32629294	1	1	0	1
32623743	32629294	1	1	0	1
32629501	32637977	1	0	0	1
32638114	32640453	1	1	0	1
32640723	32641819	1	2	2	1
32642050	32642824	1	2	1	1
32651764	32654115	2	0	2	2
32654250	32661400	2	2	0	2
32661452	32664631	2	1	0	2
32664722	32673190	2	2	2	2
32673298	32675838	2	0	3	2
32676040	32678918	2	2	2	2
32679040	32679938	2	2	0	2
32680038	32682478	2	1	2	2
32680038	32684233	2	1	2	2
32682515	32684233	2	0	4	2
32684409	32685470	2	2	0	2
32684409	32689664	2	2	1	2
32684409	32690149	2	2	1	2
32685538	32689664	2	0	1	2
32735923	32753413	1	0	0	1
32753499	32769947	1	4	2	1
32769993	32775469	1	0	0	1
32775514	32777259	1	2	0	1
32777499	32789094	1	2	1	1
32789237	32792815	1	0	0	1
32792983	32795234	1	2	1	1
32795460	32797241	1	2	2	1
33115674	33145720	2	2	3	2
33145897	33179873	2	0	2	2
33359925	33368478	2	2	0	2
33367459	33567289	2	0	3	2
33367459	33567935	2	0	1	2
33368585	33369353	2	1	2	2
33438275	33534505	2	0	5	2
33445341	33560445	2	0	3	2
33479025	33536910	2	0	2	2
33490078	33559451	2	0	2	2
33491758	33560445	2	0	3	2
33495177	33565599	2	2	3	2
33533879	33534505	2	0	5	2
33534578	33535663	2	3	2	2
33534578	33700228	2	3	2	2
33535736	33536910	2	0	2	2
33537055	33556760	2	0	2	2
33537055	33556804	2	0	2	2
33537055	33656296	2	0	2	2
33537055	33723123	2	0	2	2
33556898	33557863	2	0	1	2
33557974	33559451	2	0	2	2
33557974	33560445	2	0	3	2
33559552	33560445	2	0	3	2
33559651	33560445	2	0	3	2
33560564	33562268	2	0	0	2
33560564	33728652	2	0	0	2
33562375	33565599	2	2	3	2
33565743	33567289	2	0	3	2
33565743	33567935	2	0	1	2
33565743	33738996	2	0	3	2
33568043	33568160	2	1	1	2
33568206	33568761	2	0	0	2
33568209	33568761	2	0	0	2
33723261	33724237	2	0	1	2
33724348	33725833	2	0	2	2
33726936	33728652	2	0	0	2
33728759	33737291	2	2	3	2
33737434	33738996	2	0	3	2
33737434	33739642	2	0	1	2
34204159	34207491	1	0	2	1
34207568	34208829	1	3	0	1
34208926	34211359	1	0	0	1
34211718	34212608	1	0	0	1
34212734	34213674	1	1	0	1
34219210	34220715	2	0	2	2
34220898	34222310	2	1	1	2
34222503	34223476	2	0	1	2
34223639	34224050	2	3	1	2
34224136	34225822	2	0	3	2
34225934	34229128	2	0	2	2
34229258	34229823	2	1	2	2
34229976	34232688	2	0	1	2
34268144	34284523	1	1	2	1
34274241	34277420	1	2	3	1
34277582	34284523	1	2	2	1
34284678	34292577	1	1	3	1
34292716	34293967	1	1	2	1
34294077	34295988	1	0	2	1
34296051	34296181	1	0	2	1
34296236	34296708	1	1	0	1
34296789	34297959	1	0	1	1
34297985	34304391	1	0	0	1
34297985	34310441	1	0	1	1
34471613	34472458	2	0	2	2
34471613	34477495	2	0	2	2
34472531	34477495	2	2	2	2
34477568	34478901	2	0	1	2
34479049	34484407	2	1	2	2
34484545	34486387	2	2	2	2
34486498	34488221	2	0	2	2
34488421	34500820	2	2	2	2
34500939	34502136	2	0	1	2
34502242	34504764	2	0	1	2
34502246	34503820	2	1	0	2
34502246	34504764	2	1	1	2
34547770	34550465	1	2	0	1
34561004	34564459	1	2	0	1
34564812	34565311	1	2	1	1
34585163	34588829	1	1	0	1
34597582	34639668	2	0	2	2
34618387	34624869	1	1	0	1
34648293	34649834	2	1	2	2
34650095	34652205	2	2	2	2
34652786	34654682	2	2	3	2
34654827	34657686	2	0	1	2
34657791	34668042	2	0	3	2
34662066	34668042	2	0	3	2
34668291	34677661	2	0	0	2
34668291	34686370	2	0	0	2
34668291	34724464	2	0	2	2
34686430	34724464	2	2	2	2
34735608	34752746	2	0	2	2
34752857	34766388	2	0	2	2
34789787	34791090	2	1	2	2
34791217	34798498	2	0	2	2
34798623	34799111	2	0	2	2
34799264	34804603	3	10	1	1
34799289	34804518	2	0	3	2
34804773	34818155	2	0	1	2
34818509	34855084	2	0	0	2
34818509	34855922	2	0	0	2
34856992	34857275	2	2	2	2
34925125	34927139	1	4	1	1
34928374	34928889	1	0	2	1
34929029	34930269	1	2	2	1
34930390	34932110	1	2	1	1
34932172	34933349	1	2	0	1
34933476	34934815	1	3	0	1
34934944	34936814	1	2	1	1
34936971	34938687	1	1	0	1
34936971	34943445	1	1	1	1
34938728	34943445	1	3	1	1
34943623	34945514	1	0	1	1
34945626	34947318	1	2	1	1
34947517	34949795	1	2	1	1
34947517	34950257	1	2	2	1
34950409	34951826	1	2	0	1
34951970	34952891	1	1	0	1
36061218	36062464	1	0	0	1
36061218	36064357	1	0	1	1
36061360	36062464	1	1	0	1
36062521	36064357	1	1	1	1
36064415	36064722	1	2	1	1
36064798	36066537	1	1	0	1
36066610	36071774	1	0	2	1
36071865	36077570	1	1	1	1
36077639	36078207	1	2	0	1
36077688	36078207	1	2	0	1
36078238	36078632	1	1	0	1
36078671	36079219	1	0	0	1
36079300	36081734	1	2	0	1
36092697	36092871	2	0	3	2
36094269	36095232	2	0	2	2
36387309	36389354	1	1	3	1
36389636	36411968	1	0	0	1
36412066	36414553	1	2	1	1
36414610	36414701	1	0	0	1
36414610	36414704	1	0	0	1
36414762	36417397	1	2	0	1
36417547	36420242	1	2	1	1
36420342	36422386	1	2	0	1
36422477	36427962	1	0	0	1
36422477	36433019	1	0	0	1
36428023	36433019	1	2	0	1
36546902	36561334	1	1	0	1
36561474	36562294	1	0	1	1
36812136	36822932	1	2	2	1
36823158	36826687	1	1	0	1
36826784	36828898	1	1	2	1
36828936	36829876	1	2	1	1
36829953	36830200	1	2	0	1
36830296	36832289	1	1	1	1
36832357	36835201	1	2	0	1
36835389	36836453	1	0	0	1
36836576	36839484	1	1	0	1
36839577	36839685	1	0	0	1
36839765	36843350	1	3	2	1
36843523	36845038	1	2	0	1
36845119	36849011	1	0	0	1
36849158	36849821	1	1	0	1
36849988	36851195	1	2	0	1
36851416	36852662	1	2	0	1
36852773	36853583	1	0	0	1
36852773	36856633	1	0	1	1
36853773	36856633	1	0	1	1
36856887	36857908	1	1	0	1
36857992	36859075	1	2	0	1
36859197	36861464	1	2	2	1
36861563	36862881	1	2	0	1
36862957	36864464	1	2	0	1
36864571	36866107	1	1	1	1
36866295	36867290	1	2	1	1
36867448	36868139	1	3	1	1
36922735	36926466	1	4	3	1
36935909	36939037	1	2	0	1
36939168	36939829	1	2	0	1
36939899	36943016	1	2	2	1
36943107	36943890	1	2	0	1
36943987	36944074	1	0	2	1
36944252	36946454	1	3	1	1
36946596	36947312	1	2	4	1
36947438	36950296	1	2	0	1
36950418	36955713	1	2	0	1
36955819	36957975	1	2	2	1
36958529	36959045	1	0	2	1
36964281	36965379	1	2	1	1
36968324	36969834	1	0	2	1
36969984	36971668	1	2	1	1
36972112	36972197	1	2	1	1
36975035	36977490	1	3	0	1
36977633	36977715	1	3	2	1
36977847	36979812	1	3	2	1
36979939	36980886	1	2	1	1
36981040	36981830	1	0	0	1
36982043	36986978	1	1	2	1
36987139	36987410	1	2	0	1
36987582	36988659	1	2	1	1
37002487	37021920	2	2	1	2
37185303	37188068	1	4	0	1
37185303	37188071	1	2	0	1
37188272	37194580	1	1	2	1
37188272	37197700	1	1	2	1
37188272	37198036	1	1	1	1
37194712	37197700	1	3	3	1
37194754	37197700	1	2	2	1
37197885	37198036	1	2	1	1
37198204	37198787	1	1	1	1
37238502	37240994	2	0	0	2
37238502	37241192	2	0	1	2
37241134	37241251	2	0	2	2
37248236	37248902	2	0	0	2
37248971	37249552	2	2	0	2
37249626	37253912	2	1	2	2
37253975	37255138	2	0	2	2
37255412	37257982	2	1	1	2
37258151	37261518	2	1	0	2
37261631	37262603	2	1	3	2
37262696	37264510	2	0	1	2
37264632	37265495	2	0	0	2
37265607	37268067	2	0	0	2
37268213	37273280	2	0	3	2
37272703	37272865	4	0	2	2
37273364	37275449	2	1	2	2
37275573	37281291	2	0	3	2
37281395	37287185	2	1	1	2
37287290	37289480	2	0	0	2
37289562	37290907	2	1	2	2
37291000	37291377	2	0	0	2
37291471	37292231	2	1	1	2
37292395	37292802	2	0	1	2
37292916	37295374	2	0	2	2
37295498	37302545	2	1	2	2
37302716	37306378	2	2	2	2
37306587	37307825	2	2	2	2
37308011	37321322	2	0	1	2
37308011	37339911	2	0	1	2
37321425	37339911	2	0	1	2
37405080	37406347	1	2	1	1
37534073	37534209	2	1	2	2
37534073	37534345	2	1	0	2
37534073	37538743	2	1	2	2
37539013	37558829	1	1	0	1
37539013	37558941	1	1	1	1
37559002	37560039	1	3	2	1
37559002	37560045	1	2	2	1
37560088	37560304	1	2	2	1
37560396	37562158	1	3	0	1
37562205	37563411	1	2	0	1
37562205	37565382	1	2	2	1
37565588	37566866	1	2	1	1
37567023	37570639	1	2	2	1
37570709	37574257	1	1	1	1
37574342	37576084	1	1	0	1
37576132	37576263	1	1	2	1
37576385	37578297	1	0	0	1
37578370	37579314	1	2	1	1
37579413	37582108	1	3	1	1
37582215	37585541	1	2	0	1
37585652	37587012	1	2	0	1
37587125	37588005	1	2	0	1
37588141	37597372	1	2	1	1
37597553	37604818	1	0	1	1
37597553	37628068	1	0	1	1
37628211	37641829	1	0	0	1
37641904	37670106	1	3	0	1
37670220	37671292	1	0	1	1
37670224	37671292	1	0	1	1
37888215	37889683	2	0	1	2
37890381	37892123	2	1	0	2
37892315	37893724	2	2	1	2
37893825	37896033	2	1	0	2
37896176	37899340	2	0	1	2
37899437	37899536	2	2	0	2
37899626	37901783	2	1	2	2
37901924	37904052	2	0	1	2
37904202	37904839	2	0	0	2
37905011	37909165	2	0	2	2
37909258	37909782	2	0	1	2
37909939	37911404	2	1	0	2
37923369	37924293	2	0	2	2
37924393	37924507	2	1	2	2
37924667	37924760	2	1	1	2
37924943	37926310	2	0	2	2
37927856	37928291	2	1	0	2
37943007	37944889	2	0	2	2
37944997	37948160	2	0	1	2
37948286	37949366	2	1	1	2
37975263	37983868	2	0	2	2
37983957	37986662	2	1	1	2
37986772	38010999	2	0	0	2
38011092	38012788	2	0	2	2
38106932	38112475	2	0	0	2
38112583	38112742	2	0	2	2
38177248	38178275	2	1	0	2
38177248	38184143	2	1	0	2
38178355	38184143	2	1	0	2
38184183	38188006	2	1	2	2
38188126	38189993	2	1	2	2
38190037	38193142	2	1	0	2
38193257	38195709	2	1	2	2
38195756	38201807	2	0	2	2
38201893	38202820	2	1	1	2
38202905	38204277	2	1	1	2
38204355	38207904	2	0	0	2
38207951	38208078	2	1	4	2
38208175	38210283	2	1	0	2
38336887	38336961	1	1	0	1
38337005	38337530	1	2	1	1
38337291	38337530	1	2	1	1
38337603	38337675	1	2	0	1
38337603	38337697	1	2	1	1
38337603	38338085	1	2	1	1
38384749	38388880	1	1	0	1
38389062	38391086	1	0	0	1
38717436	38724873	1	3	2	1
38724982	38726365	1	2	1	1
38748710	38753742	1	1	0	1
38753907	38755574	1	0	0	1
38766459	38768208	1	3	0	1
38768428	38769002	1	3	1	1
38769226	38770979	1	2	1	1
38778141	38778730	2	1	2	2
38778816	38781143	2	0	2	2
38781242	38782547	2	0	1	2
38784001	38784080	2	4	3	2
38784145	38784239	2	1	1	2
38784313	38787340	2	2	0	2
38787442	38787752	2	0	1	2
38796145	38798450	2	0	2	2
38798545	38798740	2	0	2	2
38798903	38800786	2	0	0	2
38800918	38802523	2	0	2	2
38802578	38803128	2	0	1	2
38803287	38804025	2	0	2	2
38804159	38806380	2	0	3	2
38806589	38807535	2	0	1	2
38825890	38854058	1	3	0	1
38854183	38871101	1	2	1	1
38871218	38884429	1	0	1	1
38884513	38887311	1	2	0	1
38884513	38896214	1	2	0	1
38887430	38889751	1	0	1	1
38889859	38896214	1	1	0	1
38896296	38899449	1	2	2	1
38899539	38901633	1	3	1	1
38901706	38902371	1	0	2	1
38902501	38902746	1	1	0	1
38902857	38905054	1	1	1	1
38905314	38906313	1	3	2	1
38919956	38923856	1	2	1	1
38943274	38943356	1	2	1	1
38943496	38945477	1	7	0	1
38947604	38948111	1	1	0	1
38948272	38953039	1	0	0	1
39627186	39628299	2	0	2	2
39677697	39687703	2	1	2	2
39691960	39700854	2	0	3	2
39700997	39722726	2	0	2	2
39792374	39795608	2	1	1	2
39792374	39869535	2	1	1	2
39796121	39800997	2	0	0	2
39831520	39837788	2	1	2	2
39837931	39839471	2	1	2	2
39839660	39848258	2	0	3	2
39848401	39864656	2	1	2	2
39864834	39865948	2	0	2	2
39866110	39869535	2	1	1	2
39869686	39869888	2	1	1	2
39870052	39874982	2	0	0	2
39897005	39910550	2	0	0	2
39910659	39919850	2	0	2	2
40211215	40211493	2	0	0	2
40211612	40218949	2	1	2	2
40283560	40284974	2	1	1	2
40285088	40287905	2	2	0	2
40287965	40300111	2	0	3	2
40300307	40302806	2	1	2	2
40302933	40303059	2	0	2	2
40309274	40310235	2	0	2	2
40310404	40313189	2	0	2	2
40313276	40315892	2	0	3	2
40316066	40325428	2	0	0	2
40325479	40328487	2	0	4	2
40325479	40338341	2	0	1	2
40328590	40338341	2	0	1	2
40338457	40340719	2	0	2	2
40340850	40340960	2	0	0	2
40341009	40351644	2	0	2	2
40351709	40353436	2	0	1	2
40353610	40358132	2	0	3	2
40353610	40361918	2	0	2	2
40358163	40361918	2	0	2	2
40362061	40370963	2	1	3	2
40371077	40381830	2	0	4	2
40381960	40386984	2	0	2	2
40387054	40390700	2	0	1	2
40390754	40439756	2	0	1	2
40405060	40439756	2	0	1	2
40439842	40464504	2	1	0	2
40439842	40475939	2	1	2	2
40464597	40475939	2	0	2	2
40539773	40541966	2	1	1	2
40585986	40591247	2	1	5	2
40591386	40593748	2	1	0	2
40593903	40594145	2	0	2	2
40594241	40594668	2	0	1	2
40596150	40596662	2	0	2	2
40596699	40597134	2	2	2	2
40597251	40597344	2	2	2	2
40597454	40597644	2	1	1	2
40597776	40599736	2	0	0	2
40599856	40600093	2	0	2	2
40600218	40600367	2	0	3	2
40699734	40708899	3	2	0	1
40709018	40711529	1	2	2	1
40711681	40713367	1	3	0	1
40714702	40715730	3	7	1	1
40715992	40722109	1	1	1	1
40722230	40725192	1	2	0	1
40725328	40727265	1	2	0	1
40819886	40820421	1	1	0	1
40833403	40833487	1	2	0	1
40833648	40834141	1	0	0	1
40917736	40922869	2	0	2	2
40923026	40924715	2	1	2	2
40924800	40926093	2	1	4	2
40926171	40927809	2	1	0	2
40927842	40928614	2	0	0	2
40928700	40931744	2	0	2	2
40931788	40932569	2	0	0	2
40932598	40933929	2	1	1	2
40934000	40939396	2	2	4	2
40939469	40940793	2	0	1	2
40940876	40948141	2	1	2	2
40948306	40950787	2	0	2	2
40950945	40952685	2	1	0	2
40952727	40956941	2	0	2	2
40956992	40961028	2	1	0	2
40961095	40982453	2	0	2	2
41203578	41205538	2	1	1	2
41205616	41205785	2	1	0	2
41205616	41205818	2	1	0	2
41205870	41206607	2	1	1	2
41206755	41209674	2	3	0	2
41209744	41211521	2	2	1	2
41211662	41220780	2	2	1	2
41220912	41223118	2	1	2	2
41223214	41227115	2	1	0	2
41227283	41229014	2	1	1	2
41229147	41233881	2	0	1	2
41233960	41235080	2	3	1	2
41235242	41236343	2	3	1	2
41236467	41244582	2	0	2	2
41244779	41251662	2	0	0	2
41244779	41252196	2	0	1	2
41252452	41252499	4	7	0	2
41316673	41317637	2	0	2	2
41320784	41364283	2	0	2	2
41471222	41471964	1	2	2	1
41472039	41516458	1	0	1	1
41517079	41534312	1	2	1	1
41534446	41540886	1	2	0	1
41758635	41761487	2	1	2	2
41761567	41762503	2	0	1	2
41851751	41853609	2	1	6	2
41853693	41853958	2	0	2	2
41854027	41855143	2	0	2	2
41855211	41857207	2	0	0	2
41859374	41859572	2	0	1	2
41866385	41866466	2	0	3	2
41866532	41868539	2	0	2	2
41881060	41883585	2	0	2	2
41899128	41904042	1	1	0	1
41900625	41904042	1	2	0	1
41904318	41905080	1	2	1	1
41905262	41906043	1	1	2	1
41912527	41913148	2	2	2	2
41913234	41913626	2	0	0	2
41913678	41914969	2	2	2	2
41915004	41916462	2	0	1	2
41916552	41919793	2	2	2	2
41919869	41921486	2	2	1	2
41921603	41921689	2	1	1	2
41922104	41923175	1	3	0	1
41923322	41926040	1	2	1	1
41926289	41926460	1	1	2	1
41926551	41926801	1	1	1	1
41926656	41926801	1	3	1	1
41926891	41927245	1	2	3	1
41927275	41928037	1	0	0	1
41928172	41928294	1	2	0	1
41928172	41929087	1	2	0	1
41928343	41929087	1	2	0	1
41929174	41929953	1	2	0	1
41930078	41930373	1	1	3	1
41930445	41930567	1	2	1	1
41930445	41932019	1	2	1	1
41930663	41930751	1	2	1	1
41930663	41932019	1	3	1	1
41930880	41932019	1	4	1	1
41933019	41933094	2	2	1	2
41933196	41933766	2	0	1	2
41933827	41933896	2	1	1	2
41934062	41934170	2	0	0	2
41936755	41937892	2	1	2	2
41938020	41938206	2	2	0	2
41938276	41938418	2	1	2	2
41938522	41939189	2	0	0	2
41939290	41940844	2	0	3	2
41941001	41942106	2	1	2	2
41942257	41942354	2	1	2	2
41951473	41951838	2	4	2	2
41951517	41951838	2	0	2	2
41951909	41952300	2	0	2	2
41952842	41954651	2	0	2	2
41952842	41954691	2	0	3	2
41954753	41958140	2	2	1	2
41958190	41969436	2	0	2	2
41970447	42020326	1	2	2	1
42020555	42022026	1	1	1	1
42034549	42048325	1	2	1	1
42047736	42048325	1	2	1	1
42048453	42048604	1	0	0	1
42048455	42048604	1	0	0	1
42048646	42049365	1	3	2	1
42048733	42049251	1	2	1	1
42048733	42049365	1	2	2	1
42049306	42049403	1	1	0	1
42049501	42049740	1	0	4	1
42049501	42051629	1	0	1	1
42049838	42051629	1	1	1	1
42049838	42058625	1	1	2	1
42051764	42057944	1	1	2	1
42051764	42058625	1	1	4	1
42064694	42064892	2	1	1	2
42065003	42066402	4	1	2	2
42066518	42066921	2	1	1	2
42067022	42074634	2	0	2	2
42079375	42089074	1	1	0	1
42089276	42093295	1	2	2	1
42093428	42093767	1	2	2	1
42093922	42101480	1	1	0	1
42101543	42103474	1	1	1	1
42103575	42104322	1	0	0	1
42104457	42104944	1	2	0	1
42105005	42108230	1	3	0	1
42108423	42110032	1	3	1	1
42112287	42113185	2	0	2	2
42113465	42117308	2	0	3	2
42137998	42139235	1	2	2	1
42159107	42159983	1	2	0	1
42160182	42165826	1	2	2	1
42165898	42167726	1	1	2	1
42167929	42169939	1	0	0	1
42171210	42171865	1	2	0	1
42172003	42172555	1	2	1	1
42172628	42174242	1	2	1	1
42174388	42177634	1	1	1	1
42177682	42177959	1	1	0	1
42552780	42564463	1	2	0	1
42564640	42570357	1	0	0	1
42570429	42571262	1	3	0	1
42571359	42571840	1	1	0	1
42571982	42579042	1	2	0	1
42591793	42592292	2	3	2	2
42595214	42595991	2	1	3	2
42715425	42716094	2	1	1	2
42715428	42716094	2	1	1	2
42716216	42718059	2	0	1	2
42718167	42719756	2	0	2	2
42719912	42722158	2	1	0	2
42722316	42722520	2	0	1	2
42722594	42723860	2	1	3	2
42723996	42724333	2	0	2	2
42724476	42726526	2	2	1	2
42726625	42726708	2	3	2	2
42726771	42728772	2	1	3	2
42728927	42730945	2	1	3	2
42731102	42735784	2	0	2	2
42735658	42735784	2	1	2	2
42735859	42735934	2	1	1	2
42736029	42737821	2	1	0	2
42737842	42740774	2	1	4	2
42737842	42740800	2	1	0	2
42744235	42744695	2	1	3	2
42744779	42746230	2	1	1	2
42746345	42748143	2	2	2	2
42748289	42748801	6	0	1	2
42748868	42748947	2	1	0	2
42749083	42749449	2	1	0	2
42749512	42750533	2	0	3	2
42750714	42750830	2	0	2	2
42750999	42752232	2	0	3	2
42752283	42754350	2	2	3	2
42754421	42754567	2	1	0	2
42754655	42755147	2	0	3	2
42755272	42755555	2	0	1	2
42755717	42758043	2	1	2	2
42759335	42759554	2	0	1	2
42759693	42766559	2	0	2	2
43430456	43453558	1	1	1	1
43456820	43458046	1	3	0	1
43458217	43460286	1	3	1	1
43460387	43460814	1	2	0	1
43480352	43482117	1	2	2	1
43482250	43483396	1	0	3	1
43488996	43491345	2	0	0	2
43491489	43492959	2	1	1	2
43493126	43493213	2	0	0	2
43493126	43495359	2	0	2	2
43493365	43495359	2	0	4	2
43495465	43495759	2	0	2	2
43495873	43496307	2	0	1	2
43496432	43504118	2	2	1	2
43504301	43512775	2	0	2	2
43653082	43654209	2	0	2	2
43654267	43655352	2	2	1	2
43655582	43662913	2	0	2	2
43678720	43679455	1	2	1	1
43692843	43693317	1	2	1	1
43693469	43700172	1	2	1	1
43704769	43705887	1	1	0	1
43710354	43713651	1	4	0	1
43725291	43726474	2	2	5	2
43726589	43728274	2	1	1	2
43728430	43730270	2	1	3	2
43730353	43732054	2	0	2	2
43732223	43735173	2	1	2	2
43735361	43737227	2	0	0	2
43737351	43739781	2	2	2	2
43739973	43741259	2	0	2	2
43741659	43744057	1	1	1	1
43744130	43747165	1	2	2	1
43747226	43748287	1	1	2	1
43748498	43749126	1	2	0	1
43749163	43751310	1	2	0	1
43749163	43751340	1	2	0	1
43751445	43753397	1	3	1	1
43753426	43755638	1	3	1	1
43755745	43756612	1	1	0	1
43770872	43772620	1	1	0	1
43772795	43774857	1	2	2	1
43772795	43783253	1	3	0	1
43772795	43784889	1	3	2	1
43774972	43776052	1	2	1	1
43775000	43775916	1	0	1	1
43775000	43776048	1	0	0	1
43775000	43776052	1	0	1	1
43785016	43786498	1	1	0	1
43786634	43786844	1	3	1	1
43786634	43786849	1	2	0	1
43786953	43787527	1	0	1	1
43787584	43788974	1	3	0	1
43789207	43792080	1	1	1	1
43792245	43793373	1	0	0	1
43793552	43795447	1	2	1	1
43795703	43797087	1	3	2	1
43797154	43798908	1	2	0	1
43799047	43799553	1	1	3	1
43799701	43800868	1	2	1	1
43800954	43801627	1	1	0	1
43801695	43803125	1	0	0	1
43803253	43805234	1	2	1	1
43805412	43806451	1	2	1	1
43806620	43807792	1	2	0	1
43807974	43810056	1	2	0	1
43810184	43810444	1	3	0	1
43810581	43811412	1	2	5	1
43811633	43811775	1	2	6	1
43811931	43814272	1	1	1	1
43814429	43815021	1	3	3	1
43815222	43816318	1	1	3	1
43816446	43818249	1	0	0	1
43818352	43818848	1	2	1	1
43818993	43820482	1	2	2	1
43820642	43822302	1	3	1	1
43822470	43825021	1	2	0	1
43825217	43825865	1	0	1	1
43836717	43838213	2	2	3	2
43858748	43862595	2	1	2	2
43862696	43863264	2	3	3	2
43863459	43877747	2	0	2	2
43863459	43889507	2	0	2	2
43945075	43948423	2	2	1	2
43948543	43952109	2	3	1	2
43948543	43952168	2	2	2	2
43948790	43952168	2	0	2	2
43952269	43954612	2	2	3	2
43954753	43954858	2	1	2	2
43954753	43956890	2	1	1	2
43957003	43958439	2	0	1	2
43958623	43962370	2	2	3	2
43962527	43969240	2	1	2	2
43969438	43974503	2	0	0	2
43994061	43995461	2	1	1	2
43995604	44000720	2	1	2	2
44000909	44001992	2	0	2	2
44000909	44002013	2	0	2	2
44000965	44002013	2	0	6	2
44002156	44003341	2	1	2	2
44003519	44004103	2	0	2	2
44004265	44005173	2	0	2	2
44005324	44009999	2	1	1	2
44013790	44014338	1	2	2	1
44025587	44027610	2	0	2	2
44027691	44029184	2	0	2	2
44029275	44036072	2	0	6	2
44036165	44037559	2	1	0	2
44037619	44044559	2	1	2	2
44044634	44047488	2	0	1	2
44047615	44050280	2	0	3	2
44047615	44056037	2	0	3	2
44050343	44051456	2	0	2	2
44051504	44056037	2	0	3	2
44054994	44056037	2	0	3	2
44056120	44057709	2	1	3	2
44057834	44058026	2	1	0	2
44057834	44058128	2	1	1	2
44062979	44063868	2	0	1	2
44063969	44065683	2	0	1	2
44063969	44065700	2	0	1	2
44063969	44066730	2	0	0	2
44065790	44066730	2	1	0	2
44065818	44066730	2	0	0	2
44066879	44067326	2	0	2	2
44067424	44070383	2	0	1	2
44067717	44070383	2	0	1	2
44070434	44071023	2	1	0	2
44071134	44072854	2	2	2	2
44072911	44075341	2	0	0	2
44072917	44075345	2	0	0	2
44075498	44076353	2	2	0	2
44076478	44077112	2	0	1	2
44077216	44079370	2	0	0	2
44079566	44084661	2	0	2	2
44084798	44085346	2	0	2	2
44085455	44085640	2	1	1	2
44085766	44085879	2	1	1	2
44085970	44087022	2	0	2	2
44087112	44088587	2	1	3	2
44088658	44090174	2	0	2	2
44090290	44092095	2	2	0	2
44092191	44095725	2	1	1	2
44099099	44101386	2	1	2	2
44101485	44102111	2	0	2	2
44102232	44102961	2	2	3	2
44103172	44109310	2	0	0	2
44109391	44110286	2	0	0	2
44110399	44111581	2	1	3	2
44117851	44119849	2	2	1	2
44119952	44120523	2	0	2	2
44120587	44121437	2	1	0	2
44120603	44121437	2	0	0	2
44121523	44124203	2	0	0	2
44128152	44130561	2	0	1	2
44130667	44131458	2	0	0	2
44131579	44134378	2	0	2	2
44134496	44134796	2	0	2	2
44227047	44230097	1	1	1	1
44282850	44283341	1	2	0	1
44283625	44286477	1	1	0	1
44286609	44288046	1	6	0	1
44286609	44327347	1	6	0	1
44288253	44289649	1	2	2	1
44289883	44291438	1	1	1	1
44386557	44388579	2	1	1	2
44388813	44390130	2	3	2	2
44390337	44391602	2	0	6	2
44391734	44394924	2	1	1	2
44395199	44395823	2	0	2	2
44511605	44512097	2	0	2	2
44515511	44522678	2	2	2	2
44522822	44523125	2	0	1	2
44523270	44524142	2	0	3	2
44524239	44524495	2	1	3	2
44528608	44531703	2	0	4	2
44531828	44532138	2	1	2	2
44532251	44534225	2	0	2	2
44538659	44541135	2	1	1	2
44538851	44541135	2	1	1	2
44541292	44542106	2	0	1	2
44541292	44543368	2	0	1	2
44542207	44543368	2	2	1	2
44543453	44543754	2	1	2	2
44543496	44543664	2	0	1	2
44543496	44543745	2	0	1	2
44543496	44543754	2	0	2	2
44551493	44551727	1	2	1	1
44551979	44554315	1	1	2	1
44554465	44556772	1	2	1	1
44556919	44557841	1	3	3	1
44557949	44558330	1	1	3	1
44558395	44558664	1	2	1	1
44558776	44559551	1	2	2	1
44713183	44738929	2	0	1	2
44730245	44731020	1	2	1	1
44749482	44750125	1	3	2	1
44750324	44777214	1	3	1	1
44779241	44804345	1	2	0	1
44823916	44824407	1	0	0	1
44930865	44931886	1	1	1	1
44936491	44937409	1	3	1	1
44937578	44940506	1	0	0	1
44940610	44947442	1	1	0	1
44947519	44949171	1	1	0	1
44955508	44955940	1	2	0	1
44957573	44960035	1	2	1	1
44960124	44961571	1	3	0	1
44961704	44962045	1	3	1	1
44964154	44967598	1	0	2	1
44977796	44980575	1	2	0	1
44981077	44981171	1	2	0	1
44981321	44981557	1	2	0	1
44981621	44984906	1	2	0	1
44985006	44985117	1	0	1	1
44985212	44985357	1	1	0	1
44985472	44985729	1	1	0	1
44985894	44985966	1	2	1	1
44986137	44986401	1	1	1	1
44986547	44986669	1	1	0	1
44986893	44987108	1	3	0	1
44987225	44987315	1	3	0	1
44987477	44987616	1	3	1	1
44987679	44989605	1	3	1	1
44990657	44990784	1	2	5	1
44994379	44994500	2	0	0	2
44994608	44994701	2	1	3	2
44996814	44997717	1	2	1	1
44998678	44998855	1	3	1	1
44998998	45000021	1	0	1	1
45003506	45003621	1	1	1	1
45003762	45009824	1	1	2	1
45010275	45011979	1	2	0	1
45012643	45013156	1	2	1	1
45013418	45014239	1	2	2	1
45036329	45037541	1	0	0	1
45037706	45038181	1	5	1	1
45038353	45038665	1	3	1	1
45038353	45038669	1	2	0	1
45038765	45039087	1	0	1	1
45039164	45039313	1	2	0	1
45039400	45040533	1	2	1	1
45040662	45040848	1	1	0	1
45040899	45042107	1	2	0	1
45042158	45042739	1	1	0	1
45042788	45043042	1	2	0	1
45066895	45066998	1	3	0	1
45067147	45067304	1	3	0	1
45411679	45444970	1	3	0	1
45411679	45459452	1	3	0	1
45445049	45459452	1	4	0	1
45459543	45491369	1	0	1	1
45491602	45496121	1	2	0	1
45496309	45501082	1	1	1	1
45501180	45501824	1	2	0	1
45501963	45502445	1	2	0	1
45502565	45504295	1	4	0	1
45504546	45505452	1	2	2	1
45505572	45507246	1	3	1	1
45507358	45507879	1	1	1	1
45507959	45515701	1	1	1	1
45515895	45517410	1	3	1	1
45541609	45541946	2	1	2	2
45542116	45543528	2	2	1	2
45543658	45544359	2	1	3	2
45544534	45546152	2	1	2	2
45546471	45546693	2	0	3	2
45546854	45547062	2	2	2	2
45549146	45553348	1	1	1	1
45553430	45560322	1	1	0	1
45560437	45560842	1	0	0	1
45560448	45560842	1	0	0	1
45560977	45565430	1	0	2	1
45565534	45565908	1	0	0	1
45567364	45567558	2	1	0	2
45568232	45580166	2	0	3	2
45580233	45619302	2	0	3	2
45619398	45624172	2	2	2	2
45624306	45624700	2	0	1	2
45736490	45736601	2	0	1	2
45736719	45736983	2	0	1	2
45737078	45737187	2	0	1	2
45737308	45737494	2	0	1	2
45737581	45737876	2	2	1	2
45738116	45740167	1	3	0	1
45740719	45743044	2	1	1	2
45743205	45746342	2	0	2	2
45746536	45746786	2	2	0	2
45746873	45749541	2	1	2	2
45749647	45750622	2	0	3	2
45750709	45753887	2	1	2	2
45754063	45755831	2	0	0	2
45756446	45758488	2	2	0	2
45758648	45760119	2	0	0	2
45760405	45762099	2	2	2	2
45762199	45764485	2	0	3	2
45764658	45765324	2	2	2	2
45765456	45767024	2	0	1	2
45767123	45767469	2	1	3	2
45767522	45771369	2	1	2	2
45782156	45782438	2	1	4	2
45782502	45782636	2	0	3	2
45783026	45783177	2	1	2	2
45783249	45783415	2	0	2	2
45807417	45808711	2	2	1	2
45808829	45834545	2	3	3	2
45834625	45874389	2	0	4	2
45874466	45879645	2	0	1	2
45879773	45880503	2	0	1	2
45880587	45910054	2	0	2	2
45907245	45910054	2	1	2	2
45910144	45920788	2	1	0	2
45934542	45939099	2	0	1	2
45939194	45941062	2	0	4	2
45941139	45941861	2	0	0	2
45941909	45945117	2	2	1	2
45945179	45946844	2	1	2	2
45948808	45953601	2	0	2	2
45953689	45953799	2	0	7	2
45953875	45954679	2	2	0	2
45954773	45961260	2	0	2	2
45961369	45963404	2	0	5	2
45963552	45963656	2	2	2	2
45963714	45967037	2	0	1	2
45967151	45986853	2	2	1	2
46021780	46022469	2	1	0	2
46021780	46022475	2	1	3	2
46022619	46022826	2	0	1	2
46022951	46023048	2	0	0	2
46023133	46023261	2	1	0	2
46023385	46023858	2	2	5	2
46024032	46024172	2	0	0	2
46024276	46024361	2	1	2	2
46024438	46024544	2	1	1	2
46024590	46024700	2	0	1	2
46024804	46027492	2	2	2	2
46024804	46033267	2	2	1	2
46025509	46033267	2	0	1	2
46058207	46059714	1	2	2	1
46067460	46067568	1	1	0	1
46067697	46068345	1	2	0	1
46067697	46068348	1	3	0	1
46068524	46069741	1	3	3	1
46069861	46069978	1	4	0	1
46070115	46070685	1	3	2	1
46070815	46070953	1	1	0	1
46071065	46071177	1	1	0	1
46071802	46071957	3	2	1	1
46072069	46072192	1	0	0	1
46072282	46072449	1	2	0	1
46120612	46121561	1	1	1	1
46141231	46151957	1	2	2	1
46152064	46159094	1	1	1	1
46159162	46234526	1	3	0	1
46242534	46242994	1	1	0	1
46243056	46244090	1	2	2	1
46244146	46247541	1	2	0	1
46248235	46249150	1	3	1	1
46254166	46254462	1	1	0	1
46255844	46256430	1	2	0	1
46256555	46256828	1	1	0	1
46258420	46258695	1	3	1	1
46258790	46259111	1	2	0	1
46259289	46259992	1	2	3	1
46260058	46260144	1	1	0	1
46260269	46260423	1	2	0	1
46260496	46260612	1	2	1	1
46260708	46260938	1	2	1	1
46261093	46267647	1	4	2	1
46268862	46268975	1	1	1	1
46269170	46271472	1	3	0	1
46271624	46271757	1	2	1	1
46271889	46272059	1	2	2	1
46272162	46272442	1	2	2	1
46272557	46272687	1	1	0	1
46272869	46273142	1	1	0	1
46273272	46274097	1	1	0	1
46293289	46293545	2	0	2	2
46294463	46294720	1	0	1	1
46294803	46294923	1	3	0	1
46294965	46295208	1	3	0	1
46296157	46296393	1	0	0	1
46296697	46296782	1	3	0	1
46297193	46297302	1	2	3	1
46297513	46297592	1	2	0	1
46299038	46299161	1	1	2	1
46299314	46299446	1	2	4	1
46299517	46299719	1	2	1	1
46299893	46300018	1	2	0	1
46300131	46300210	1	3	0	1
46301884	46302091	2	1	2	2
46302237	46302613	2	1	0	2
46316965	46317112	1	4	1	1
46317267	46317525	1	2	3	1
46318032	46318539	1	4	1	1
46319273	46319357	2	1	2	2
46319419	46319489	2	3	0	2
46319552	46319727	2	1	3	2
46319905	46319983	2	1	2	2
46320058	46320194	2	0	2	2
46320079	46320194	2	2	3	2
46320112	46320194	2	0	3	2
46320257	46320350	2	0	3	2
46320495	46321055	2	0	3	2
46321137	46326750	2	0	1	2
46321137	46327006	2	0	2	2
46321140	46326750	2	0	1	2
46321140	46327006	2	0	3	2
46326850	46327006	2	1	3	2
46326859	46326957	2	0	1	2
46326859	46327006	2	0	2	2
46326869	46327006	2	1	2	2
46345423	46354748	1	1	0	1
46354992	46356146	1	2	2	1
46355731	46356146	1	1	2	1
46356600	46356703	1	1	0	1
46356828	46357674	1	3	2	1
46357772	46360373	1	1	1	1
46357772	46360619	1	1	0	1
46360814	46362883	1	3	2	1
46366908	46367045	2	0	1	2
46367087	46367850	2	0	1	2
46367913	46368019	2	3	2	2
46368195	46368686	2	0	2	2
46368780	46369354	2	0	0	2
46369572	46370731	2	0	0	2
46370857	46372657	2	0	2	2
46372784	46373450	2	1	2	2
46373527	46375889	2	0	0	2
46375955	46384067	2	1	0	2
46385723	46389561	1	1	2	1
46385723	46413436	1	1	2	1
46389697	46413436	1	0	2	1
46413574	46438266	1	3	0	1
46438410	46439016	1	3	0	1
46439103	46439328	1	0	0	1
46439402	46441596	1	0	0	1
46441754	46443172	1	2	0	1
46443285	46462009	1	0	1	1
46462145	46463945	1	2	1	1
46464085	46472037	1	0	0	1
46472107	46474292	1	0	0	1
46495367	46501160	1	3	0	1
46501257	46501545	1	2	1	1
46501780	46502890	1	2	0	1
46502923	46503059	1	3	1	1
46503176	46503496	1	2	2	1
46519825	46530789	2	1	2	2
46530976	46531919	2	1	3	2
46531971	46540010	2	0	0	2
46531971	46546675	2	0	3	2
46540128	46546675	2	1	3	2
46546820	46561477	2	1	1	2
46546820	46562767	2	1	2	2
46561898	46570921	1	2	0	1
46562819	46563721	2	1	2	2
46571102	46571244	1	3	1	1
46571416	46574142	1	2	1	1
46574242	46576372	1	2	1	1
46576449	46576661	1	2	0	1
46576748	46578578	1	0	1	1
46578640	46578921	1	3	0	1
46578989	46579558	1	0	0	1
46579609	46579930	1	2	0	1
46579981	46580737	1	0	0	1
46580786	46583109	1	1	0	1
46583307	46585105	1	2	3	1
46587732	46595149	1	3	2	1
46587732	46632790	1	2	1	1
46595198	46632790	1	2	1	1
46632894	46640911	1	0	1	1
46641074	46642402	1	0	1	1
46678524	46687993	1	2	0	1
46678642	46687993	1	1	0	1
46688057	46688175	1	0	0	1
46688220	46689212	1	0	1	1
46689234	46689952	1	0	0	1
46695975	46696193	1	0	0	1
46696238	46696507	1	4	0	1
46696636	46697405	1	2	3	1
46697557	46697984	1	2	2	1
46698122	46700658	1	0	0	1
46700729	46703626	1	2	0	1
46703709	46708326	1	1	1	1
46708459	46708751	1	1	2	1
46708895	46713341	1	2	1	1
46713477	46726950	1	2	1	1
46713477	46728898	1	2	3	1
46726997	46728898	1	1	2	1
46751832	46842338	1	4	1	1
46842483	46845273	1	0	0	1
46845412	46847380	3	2	0	1
46847551	46856975	1	3	1	1
46857070	46860093	1	5	0	1
46857070	46865645	1	2	1	1
46860160	46865645	1	2	1	1
46865831	46866270	1	2	0	1
46877490	46878207	2	0	1	2
46878385	46878506	2	0	2	2
46878568	46878683	2	1	0	2
46878736	46879946	2	0	0	2
46880118	46880672	2	2	1	2
46880740	46880942	2	0	0	2
46881051	46881956	2	0	2	2
46881999	46882958	2	0	0	2
46883043	46884945	2	1	0	2
46885000	46886013	2	1	2	2
46886108	46886765	2	0	2	2
46886108	46887059	2	0	2	2
46886960	46887059	2	0	2	2
46887118	46887240	2	0	3	2
46887333	46892315	2	0	1	2
46892412	46893412	2	0	2	2
46893531	46897927	2	0	0	2
46893531	46912699	2	0	1	2
46912774	46939283	2	1	1	2
46939404	46957856	2	0	2	2
47023124	47025675	2	1	3	2
47025759	47028481	2	0	2	2
47025763	47028481	2	3	2	2
47028581	47031203	2	0	2	2
47031232	47034247	2	0	1	2
47034357	47036384	2	0	1	2
47036445	47036545	2	1	0	2
47036602	47037237	2	2	2	2
47037335	47037427	2	0	0	2
47037528	47038888	2	0	2	2
47054946	47055807	2	1	2	2
47056765	47057620	1	1	0	1
47056765	47059418	1	1	0	1
47063567	47064173	1	2	3	1
47064338	47064434	1	4	0	1
47064571	47065711	1	3	1	1
47065833	47067205	1	2	0	1
47067336	47068978	1	2	1	1
47069144	47070246	1	1	1	1
47070425	47070581	1	2	1	1
47070760	47070864	1	2	2	1
47072008	47074392	2	1	1	2
47073297	47074392	2	2	1	2
47074486	47074571	2	0	0	2
47074668	47075597	2	0	2	2
47074668	47076076	2	0	0	2
47074668	47079010	2	0	2	2
47075676	47079010	2	2	2	2
47076211	47079010	2	1	2	2
47094987	47095448	1	4	2	1
47095590	47095991	1	4	0	1
47096187	47096860	1	0	0	1
47098212	47099398	1	2	0	1
47108863	47112868	1	4	0	1
47112926	47113482	1	2	1	1
47113606	47114743	1	1	0	1
47114867	47115312	1	1	0	1
47115548	47115688	1	3	1	1
47115806	47116383	1	1	1	1
47117749	47118066	1	2	1	1
47118552	47119076	1	2	1	1
47124504	47126342	2	1	2	2
47257375	47258275	2	2	2	2
47258396	47260445	2	1	1	2
47260496	47261621	2	1	0	2
47353153	47361821	2	1	1	2
47386330	47412927	2	0	3	2
47413009	47452501	2	2	0	2
47496317	47498772	2	4	0	2
47502421	47504528	2	0	0	2
47505633	47513124	2	0	3	2
47508627	47509527	1	2	0	1
47517171	47524633	2	3	2	2
47600490	47603633	1	2	0	1
47603707	47603843	1	1	1	1
47604039	47604959	1	1	2	1
47605042	47607628	1	3	0	1
47609391	47610673	1	3	1	1
47610805	47611008	3	4	2	1
47611133	47613742	1	1	0	1
47613923	47616085	1	2	2	1
47613923	47623906	1	2	1	1
47616179	47623906	1	2	1	1
47624037	47624780	1	2	0	1
47624906	47625647	1	2	1	1
47625837	47626079	1	2	0	1
47626206	47627313	1	3	0	1
47627428	47630384	1	3	0	1
47654400	47654918	2	1	1	2
47654982	47655083	2	4	3	2
47655111	47656131	4	1	2	2
47720260	47721067	1	3	1	1
47721221	47721316	2	28	6	2
47721427	47721956	1	0	0	1
47722350	47723261	1	2	0	1
47843561	47843652	1	1	1	1
47843762	47846296	1	1	1	1
47846520	47847869	1	2	2	1
47847969	47851816	1	2	1	1
47851921	47852734	1	0	2	1
47854368	47858123	1	2	0	1
47858199	47858646	1	2	0	1
47858199	47860453	1	2	1	1
47873201	47874455	1	0	0	1
48737836	48748283	1	1	0	1
48748398	48752571	1	1	3	1
50314550	50316077	1	2	1	1
50316236	50316327	1	2	0	1
50316236	50316330	1	2	0	1
52932087	52932660	2	0	0	2
52937114	52983850	2	1	2	2
52980150	52983850	2	0	2	2
52983950	52984678	2	0	2	2
52984756	52985329	2	0	1	2
52985504	52986303	2	1	2	2
52986374	52987581	2	1	2	2
52987643	52988818	2	1	0	2
52988891	52990903	2	1	0	2
52990982	52991108	2	1	2	2
52991168	52992193	2	3	2	2
52992245	52993193	2	0	0	2
52993284	52994584	2	1	2	2
52994796	52996300	2	1	0	2
52996383	52998497	2	1	0	2
52998594	53000195	2	1	3	2
53000340	53000618	2	0	3	2
53000712	53001828	2	2	1	2
53001934	53003040	2	1	2	2
53003105	53013688	2	0	4	2
53013814	53017645	2	0	2	2
53013814	53020438	2	0	3	2
53013814	53026943	2	0	2	2
53020528	53021054	2	1	3	2
53020528	53026943	2	1	3	2
53116105	53119313	1	2	0	1
53119420	53119535	1	0	1	1
53131520	53205230	1	2	0	1
53186541	53205230	1	1	0	1
53186662	53191843	1	1	1	1
53186662	53205230	1	1	0	1
53191906	53205230	1	2	0	1
53205446	53215020	1	0	1	1
53215160	53219609	1	0	2	1
53219762	53220553	1	1	2	1
53220635	53221455	1	1	2	1
53221606	53222002	1	1	2	1
53222147	53222254	1	2	2	1
53222354	53223208	1	5	2	1
53223392	53225023	1	1	1	1
53225282	53226832	1	1	0	1
53226953	53227836	1	2	0	1
53227924	53230933	1	1	0	1
53231058	53232739	1	1	0	1
53231058	53233427	1	1	0	1
53232836	53233427	1	2	0	1
53299404	53319780	1	0	0	1
53318151	53319780	1	2	0	1
53319914	53320036	1	3	0	1
53319914	53334880	1	2	0	1
53334911	53357971	1	1	0	1
53358087	53358619	1	2	0	1
53358792	53360002	1	2	0	1
53369032	53369670	2	2	2	2
53369825	53371986	2	0	0	2
53372149	53372883	2	2	0	2
53373027	53374802	2	1	1	2
53373027	53377732	2	1	0	2
53374987	53377732	2	0	0	2
53377853	53378845	2	0	2	2
53434914	53435585	2	1	1	2
53435318	53435585	2	1	1	2
53435744	53435951	2	1	1	2
53588985	53589912	1	2	2	1
53589989	53602244	1	1	0	1
53602284	53603535	1	1	0	1
53603604	53606498	1	0	1	1
53606571	53606896	1	0	0	1
53606977	53607200	1	0	1	1
53607280	53609018	1	2	0	1
53609137	53610160	1	2	0	1
53610337	53611033	1	2	0	1
53611115	53611481	1	2	1	1
53611647	53611896	1	1	0	1
53612019	53613378	1	2	2	1
53613593	53616280	1	0	0	1
53616385	53616482	1	0	0	1
53616583	53617096	1	2	1	1
53617258	53617673	1	3	2	1
53617816	53619916	1	0	1	1
53620068	53622388	1	2	2	1
53624253	53624810	1	2	0	1
53627236	53627756	1	3	1	1
53627866	53629191	1	2	0	1
53629440	53629527	3	2	0	1
53629741	53629954	1	2	2	1
53629827	53629954	1	0	2	1
53630147	53630290	1	1	2	1
53630469	53632273	1	3	0	1
53632381	53633136	1	2	2	1
53728715	53730772	2	2	1	2
53832275	53838531	1	2	1	1
53891919	53895878	1	1	0	1
53895986	53897541	1	1	0	1
53897845	53899357	1	2	2	1
53899453	53901241	1	3	1	1
53901356	53908044	1	1	1	1
53908267	53909647	1	2	0	1
53909746	53910446	1	1	0	1
53910562	53914635	1	2	0	1
53914744	53914964	1	0	1	1
53915076	53915623	1	0	1	1
53915764	53917512	1	2	1	1
53917623	53918146	1	0	1	1
53919933	53920559	2	1	2	2
53920636	53923141	2	1	1	2
53920636	53931895	2	1	2	2
53922001	53931895	2	0	3	2
53923195	53931895	2	0	2	2
53932010	53932361	2	0	2	2
53932010	53932585	2	0	2	2
53932010	53932846	2	0	0	2
53933326	53975883	1	2	1	1
53976814	53991438	1	1	4	1
53991577	54005978	1	2	1	1
54006110	54014779	1	2	0	1
54014969	54016147	1	2	1	1
54016271	54017898	1	2	2	1
54018037	54018290	1	2	0	1
54018409	54019497	1	1	3	1
55059478	55061142	2	2	1	2
55061202	55063001	2	0	1	2
55063192	55063972	2	2	2	2
55064111	55064721	2	0	2	2
55064800	55066256	2	0	1	2
55066400	55066753	2	0	2	2
55067019	55067646	2	1	2	2
55067718	55068814	2	0	0	2
55068931	55069822	2	0	2	2
55069909	55070032	2	1	2	2
55070147	55071631	2	1	1	2
55071845	55072128	2	0	1	2
55072229	55075815	2	0	3	2
55075953	55076541	2	0	2	2
55076639	55077228	2	1	4	2
55077376	55079566	2	0	3	2
55079681	55082349	2	1	2	2
55082424	55084551	2	1	1	2
55084675	55085927	2	2	1	2
55091559	55115444	2	0	3	2
55240508	55257074	1	2	2	1
55242598	55257074	1	1	2	1
55242598	55257204	1	1	0	1
55256875	55257074	1	3	2	1
55257260	55261199	1	2	1	1
55259961	55262148	2	1	0	2
55261309	55266337	1	1	0	1
55262199	55262449	2	0	1	2
55266403	55266511	1	2	2	1
55266614	55267894	1	2	0	1
55267995	55268871	1	1	0	1
55269051	55269766	1	2	0	1
55269800	55269880	1	1	0	1
55269933	55270903	1	6	2	1
55270978	55271738	1	2	0	1
55271817	55272833	1	5	1	1
55272969	55276258	1	2	3	1
55276394	55277235	1	0	1	1
55276398	55277240	1	0	0	1
55277332	55279576	1	1	2	1
55278116	55287125	2	0	2	2
55279650	55279848	1	2	2	1
55279938	55280203	1	2	0	1
55280321	55282017	1	0	0	1
55282162	55282632	1	1	0	1
55282735	55283263	1	0	0	1
55283336	55283803	1	2	2	1
55283954	55284796	1	2	0	1
55287320	55290988	2	3	2	2
55291036	55291121	2	0	1	2
55291268	55292127	2	2	0	2
55292170	55292840	2	0	0	2
55293009	55297334	2	1	2	2
55297389	55298173	2	0	2	2
55298336	55300055	2	0	1	2
55300216	55301619	2	0	2	2
55301712	55302731	2	1	1	2
55303204	55303930	2	1	0	2
55303204	55303947	2	1	2	2
55303204	55304110	2	1	0	2
55303204	55304226	2	1	2	2
55304976	55306241	1	1	1	1
55304976	55310369	1	1	0	1
55310429	55316776	1	1	0	1
55316888	55325012	1	0	0	1
55316888	55369372	1	0	0	1
55325190	55369372	1	2	0	1
55369451	55380214	1	3	0	1
55380300	55486941	1	1	0	1
55470705	55471561	2	2	2	2
55487013	55487673	1	0	0	1
55487736	55612247	1	2	0	1
55493375	55495839	2	1	2	2
55730962	55731206	1	2	1	1
55731024	55731372	2	0	1	2
55731091	55731372	2	0	1	2
55908050	55912326	1	0	1	1
55915188	55919864	1	2	1	1
56276484	56286445	1	1	0	1
56286483	56295203	1	3	0	1
56286483	56297267	1	2	0	1
56295315	56297267	1	1	0	1
56297376	56298451	1	1	0	1
56298569	56299532	1	2	0	1
56299653	56300101	1	2	2	1
56300274	56301299	1	2	0	1
56301398	56302405	1	1	0	1
56302662	56303657	1	0	0	1
56303801	56304713	3	1	0	1
56304849	56306157	1	4	1	1
56306304	56307901	1	2	1	1
56323769	56324473	2	0	0	2
56385749	56392846	1	1	0	1
56392957	56421672	1	0	1	1
56421810	56422232	1	4	2	1
56422362	56424657	1	2	0	1
56424834	56425149	1	2	1	1
56425280	56429296	1	2	2	1
56518094	56519647	2	1	1	2
56519790	56525558	2	1	2	2
56525714	56526727	2	0	2	2
56526874	56528612	2	0	0	2
56528754	56529935	2	0	0	2
56530055	56531063	2	0	2	2
56531198	56532445	2	1	1	2
56534078	56535067	2	0	3	2
56537292	56540189	1	2	1	1
56540343	56558846	1	2	0	1
56559303	56563188	1	2	1	1
56563311	56564585	1	2	0	1
56564716	56576600	1	2	2	1
56576701	56580006	1	2	0	1
56580239	56580823	1	1	0	1
56580947	56582090	1	2	0	1
56582298	56583230	1	1	0	1
56583451	56585686	1	2	1	1
56587544	56589310	2	1	2	2
56779478	56780371	2	1	3	2
56780592	56781726	2	0	0	2
56787254	56788494	2	0	2	2
56788638	56789343	2	1	2	2
56795517	56796408	2	1	2	2
56796622	56797290	2	1	0	2
56796622	56797623	2	1	2	2
56797753	56798669	2	0	3	2
56802121	56810418	2	0	1	2
56886497	56889958	1	3	2	1
56890093	56890666	1	3	0	1
56890800	56891897	1	2	0	1
56891954	56893909	1	2	1	1
56894018	56894820	1	1	0	1
56895394	56897262	1	4	1	1
56897815	56898120	1	2	0	1
56898247	56899045	1	0	1	1
56901840	56902555	2	1	2	2
56902685	56902800	2	0	0	2
56902995	56904102	2	0	4	2
56905669	56906412	2	0	0	2
56909020	56911365	2	1	0	2
56911471	56911963	2	0	1	2
56912049	56913497	2	0	0	2
56913588	56916679	2	2	1	2
56916860	56918486	2	0	1	2
57025769	57027837	2	0	2	2
57027919	57028917	4	0	2	2
57032330	57033311	2	0	2	2
57035503	57036797	2	0	0	2
57037941	57049683	2	0	1	2
57049814	57052196	2	1	0	2
57052233	57056521	2	0	2	2
57056678	57057290	2	1	0	2
57057369	57068243	2	0	1	2
57104897	57121292	2	4	2	2
57123140	57140703	2	0	0	2
57140814	57143582	2	1	0	2
57143767	57161755	2	0	2	2
57361476	57361710	1	3	0	1
57367607	57369030	1	1	2	1
57369146	57369502	1	2	0	1
57369856	57370154	1	2	0	1
57370791	57371597	1	3	0	1
57371689	57372550	1	2	0	1
57372695	57373684	1	3	0	1
57373826	57374710	1	1	2	1
57441628	57446520	1	2	0	1
57441628	57452800	1	2	0	1
57446620	57452800	1	1	0	1
57452857	57461129	1	2	0	1
57461212	57472011	1	1	0	1
57472085	57473503	1	0	0	1
57473644	57475695	1	1	0	1
57475753	57476439	1	2	0	1
57542039	57542575	1	3	0	1
57600075	57617515	1	0	2	1
57617600	57618656	1	0	0	1
57618771	57626882	1	4	0	1
57627012	57630850	1	0	1	1
57638864	57641353	1	0	0	1
57670887	57673934	1	1	2	1
57674144	57675089	1	3	0	1
57675209	57680197	1	1	0	1
57680331	57684604	1	2	0	1
57684787	57687947	1	3	0	1
57688162	57690418	1	2	0	1
57690608	57695345	1	0	0	1
57703155	57719982	1	3	0	1
57720077	57728610	1	0	0	1
57741735	57743891	1	3	2	1
57744050	57766314	1	3	0	1
57766377	57785855	1	2	0	1
57785935	57924027	1	2	0	1
57924136	58030758	1	2	1	1
58030874	58119523	1	3	1	1
58252525	58255429	2	0	0	2
58255565	58258484	2	1	1	2
58258595	58288672	2	0	5	2
58723194	58723303	1	1	1	1
58723424	58725421	1	3	1	1
58725541	58726576	1	0	0	1
58726707	58728876	1	0	1	1
58728986	58729519	1	2	1	1
58729688	58732477	1	0	1	1
58788430	58789243	2	1	0	2
58789348	58792896	2	0	0	2
58808548	58809430	2	0	3	2
58813869	58815986	2	1	1	2
58935274	58941567	1	4	1	1
58963640	58978619	2	1	0	2
58978813	58983448	2	2	0	2
58983570	58988323	2	1	1	2
58988378	58992270	2	0	2	2
58992381	58998195	2	0	4	2
58998279	59003957	2	2	1	2
59004058	59007235	2	0	3	2
59007390	59010606	2	2	2	2
59010754	59016585	2	0	2	2
59016681	59020603	2	0	2	2
59020686	59023474	2	3	2	2
59023573	59026652	2	0	2	2
59026822	59030292	2	0	2	2
59030388	59039264	2	0	0	2
59290140	59293588	2	2	2	2
59293752	59303688	2	2	1	2
59316305	59333149	2	2	5	2
59387689	59388510	2	0	2	2
59417693	59418430	2	0	5	2
59418531	59421233	2	0	3	2
59421464	59446531	2	1	1	2
59445652	59446531	2	2	1	2
59448056	59450092	1	2	1	1
59448056	59452310	1	2	3	1
59448754	59449505	4	1	2	2
59449583	59450619	2	0	1	2
59450278	59452310	1	3	2	1
59895575	59901833	2	1	1	2
59901880	59924036	2	0	2	2
59925862	59931078	2	2	0	2
60187919	60188400	2	2	1	2
60188508	60201103	2	0	2	2
60201194	60208470	2	0	2	2
60201194	60215074	2	0	1	2
60208571	60208760	2	0	3	2
60208792	60208920	2	1	2	2
60209009	60209484	2	0	0	2
60209736	60214662	2	0	0	2
60209736	60214740	2	0	1	2
60209736	60215074	2	0	1	2
60212191	60213295	2	2	3	2
60213331	60214662	2	0	0	2
60517525	60517901	2	0	0	2
60517946	60522572	4	0	2	2
60522712	60525850	2	0	3	2
60522712	60531446	2	0	0	2
60525941	60531446	2	0	0	2
60531550	60533882	2	0	1	2
60533979	60551598	2	1	3	2
60551702	60552604	2	0	3	2
60552732	60568764	2	0	0	2
60569339	60585046	1	2	0	1
60750738	60751501	2	0	3	2
60750742	60751501	2	0	2	2
60751702	60752468	2	1	3	2
60752671	60754770	2	2	2	2
60754821	60775610	2	0	3	2
60755433	60756011	2	1	0	2
60756101	60757144	2	1	2	2
60757330	60758302	2	0	2	2
60758457	60759451	2	1	2	2
60759575	60760080	2	0	0	2
60760195	60760529	2	0	2	2
60760635	60761128	2	1	0	2
60761477	60761943	2	0	1	2
60762130	60762337	2	3	2	2
60762455	60763729	2	2	3	2
60763829	60764187	2	3	2	2
60764293	60765062	2	2	1	2
60765235	60766375	2	0	2	2
60766585	60767794	4	1	2	2
60767995	60769790	2	0	2	2
60769955	60770321	2	0	2	2
60770459	60770604	2	3	2	2
60770796	60778905	2	0	1	2
60800111	60803028	1	1	0	1
60800111	60803048	1	1	0	1
60803246	60805967	1	2	2	1
60806048	60809643	1	2	0	1
60809793	60810731	1	3	0	1
60810844	60814267	1	2	1	1
60814369	60819223	1	3	1	1
60819332	60821020	1	2	0	1
60821116	60823262	1	2	1	1
60827488	60830555	2	0	3	2
60830674	60832645	2	1	2	2
60832732	60839395	2	1	2	2
60839512	60839616	2	0	3	2
60839512	60840448	2	0	1	2
60840528	60842123	2	0	0	2
60842190	60842300	2	0	0	2
60842358	60842443	2	1	2	2
60853157	60853602	2	0	1	2
60853769	60855952	2	0	3	2
60856057	60858440	2	0	2	2
60858577	60859856	2	0	0	2
60858577	60861564	2	0	0	2
60859999	60861564	2	2	0	2
60861701	60862868	2	2	1	2
60976235	61020188	1	2	0	1
61020302	61034513	1	1	1	1
61034592	61056984	1	2	0	1
61057086	61057740	1	0	2	1
61061967	61065074	1	1	2	1
61065266	61067773	1	2	0	1
61067812	61069290	1	1	1	1
61069381	61071497	1	1	0	1
61071707	61074508	1	1	0	1
61078486	61078944	1	2	0	1
61079077	61080330	1	4	0	1
61105726	61106663	2	1	2	2
61106788	61115443	2	0	2	2
61115505	61115874	2	1	3	2
61116002	61129141	2	1	1	2
61140396	61167406	1	1	1	1
61167534	61167721	1	3	1	1
61213471	61213569	2	0	2	2
61213652	61213760	2	2	2	2
61213858	61213959	2	0	1	2
61214090	61214228	2	3	2	2
61214259	61214364	2	0	4	2
61214493	61214651	2	0	1	2
61214822	61214961	2	1	0	2
61215092	61215242	2	1	2	2
61215364	61215466	2	0	1	2
61215622	61215708	2	0	1	2
61215803	61216775	2	0	3	2
