19	3311636	3311974	-
19	3312145	3314810	-
19	3333172	3334759	+
19	3334818	3335309	+
19	3335396	3336874	+
19	3337039	3337702	+
19	3337756	3338983	+
19	3339088	3340976	+
19	3373375	3399188	+
19	3383816	3399188	+
19	3399343	3402484	+
19	3402625	3406316	+
19	3406489	3408175	+
19	3408278	3412084	+
19	3412223	3414477	+
19	3414556	3415674	+
19	3415783	3416329	+
19	3416418	3418854	+
19	3419051	3420706	+
19	3420896	3421571	+
19	3421678	3425092	+
19	3425210	3426410	+
19	3426576	3428367	+
19	3428503	3430016	+
19	3430170	3431609	+
19	3431724	3431931	+
19	3432025	3433754	+
19	3434269	3435447	+
19	3507052	3509360	-
19	3509481	3514544	-
19	3514696	3516492	-
19	3516600	3517140	-
19	3517295	3519640	-
19	3519763	3520970	-
19	3521102	3521978	-
19	3522034	3523768	-
19	3523849	3528277	-
19	3523867	3528277	-
19	3523867	3534830	-
19	3528365	3534830	-
19	3534917	3536975	-
19	3537092	3540773	-
19	3540839	3542365	-
19	3542516	3543885	-
19	3544039	3546521	-
19	3546652	3557241	-
19	3557356	3561928	-
19	3562042	3564653	-
19	3564720	3568244	-
19	3568383	3571733	-
19	3571921	3576701	-
19	3576935	3594107	-
19	3576935	3625640	-
19	3577676	3594107	-
19	3594256	3625640	-
19	3635292	3636382	-
19	3636481	3640973	-
19	3641114	3641615	-
19	3641853	3643515	-
19	3643627	3647243	-
19	3647481	3650672	-
19	3650799	3652234	-
19	3652445	3654001	-
19	3654193	3655285	-
19	3655495	3660038	-
19	3678445	3680073	-
19	3697660	3699403	-
19	3699601	3702132	-
19	3740001	3756645	-
19	3756786	3758060	-
19	3763372	3769504	-
19	3763372	3769519	-
19	3764626	3765637	+
19	3818341	3832219	+
19	3818341	3836388	+
19	3832280	3836388	+
19	3836628	3843067	+
19	3852241	3852787	+
19	3852898	3854394	+
19	3854562	3854813	+
19	3854834	3854916	+
19	3855054	3864114	+
19	3892967	3893291	+
19	3902414	3914647	+
19	3914760	3934471	+
19	3925472	3925734	+
19	3925789	3931997	+
19	3925789	3934471	+
19	3934586	3935859	+
19	3935994	3936361	+
19	3936467	3937388	+
19	3937448	3939022	+
19	3939111	3939879	+
19	3939989	3942106	+
19	3942214	3942709	+
19	3942792	3943347	+
19	3946193	3946269	-
19	3946448	3946603	-
19	3946722	3946794	-
19	3946903	3947037	-
19	3947170	3947467	-
19	3947682	3947757	-
19	3947877	3948547	-
19	3948639	3948717	-
19	3948876	3948979	-
19	3949120	3951890	-
19	3952036	3952343	-
19	3952557	3952630	-
19	3952725	3952881	-
19	3953429	3953508	-
19	3954296	3954584	-
19	3954706	3957018	-
19	3959075	3959152	-
19	3959282	3960897	-
19	3961036	3961160	-
19	3961071	3961160	-
19	3961257	3961565	-
19	3961598	3961688	-
19	3961617	3961688	-
19	3961747	3962466	-
19	3961747	3962469	-
19	3961747	3962500	-
19	3961747	3962709	-
19	3964085	3965293	-
19	3965394	3968041	-
19	3968209	3968602	-
19	3968990	3970796	-
19	3971808	3973738	-
19	3973902	3979695	-
19	3991682	3991884	+
19	3992018	3992348	+
19	3992443	3992693	+
19	3992819	3993528	+
19	3993712	3994022	+
19	3994297	3997006	+
19	3997126	3998627	+
19	4014938	4015055	+
19	4015142	4015253	+
19	4015336	4015632	+
19	4015336	4029229	+
19	4016539	4018441	+
19	4018542	4019762	+
19	4027662	4028060	+
19	4028172	4028413	+
19	4030173	4030691	+
19	4030588	4030691	+
19	4030792	4031007	+
19	4031835	4035138	-
19	4036612	4036822	+
19	4036612	4036827	+
19	4036612	4037050	+
19	4036952	4037050	+
19	4037306	4037730	+
19	4037306	4038137	+
19	4037924	4038137	+
19	4037924	4038642	+
19	4038232	4038397	+
19	4038506	4038594	+
19	4038506	4038605	+
19	4038716	4039652	+
19	4038725	4039652	+
19	4050115	4051195	+
19	4050848	4051195	+
19	4050848	4051203	+
19	4050848	4051627	+
19	4051329	4051627	+
19	4051706	4051795	+
19	4054168	4054322	+
19	4054433	4054512	+
19	4054649	4054762	+
19	4054817	4055377	+
19	4056440	4056551	+
19	4057666	4057769	-
19	4057916	4058047	-
19	4058130	4058342	-
19	4058510	4058593	-
19	4058807	4059343	-
19	4059534	4059825	-
19	4060010	4061101	-
19	4061273	4061345	-
19	4061429	4062550	-
19	4085662	4085823	-
19	4085662	4090707	-
19	4085932	4086687	-
19	4085932	4090981	-
19	4086792	4087103	-
19	4086792	4091397	-
19	4087192	4087289	-
19	4087192	4091583	-
19	4087397	4087584	-
19	4087472	4087584	-
19	4087621	4087862	-
19	4090540	4090707	-
19	4090816	4090981	-
19	4091086	4091397	-
19	4091486	4091583	-
19	4091691	4091902	-
19	4091939	4092164	-
19	4091939	4092566	-
19	4092672	4095923	-
19	4095252	4111551	-
19	4095252	4116006	-
19	4111599	4116006	-
19	4112212	4112516	-
19	4114841	4115777	-
19	4115216	4115291	+
19	4115216	4115443	+
19	4115254	4115367	+
19	4115254	4115405	+
19	4115292	4115329	+
19	4117675	4119035	-
19	4132868	4134877	+
19	4135694	4136217	+
19	4147213	4147463	-
19	4147213	4147505	-
19	4147508	4147816	+
19	4147734	4147816	+
19	4147918	4148004	+
19	4148138	4148497	+
19	4153097	4153260	+
19	4153486	4154813	+
19	4155141	4155229	+
19	4155326	4155414	+
19	4155523	4156563	+
19	4158581	4158664	+
19	4158868	4159825	+
19	4159997	4160494	+
19	4160660	4160841	+
19	4161190	4161581	+
19	4161699	4161865	+
19	4162015	4162100	+
19	4162251	4162326	+
19	4162877	4163484	+
19	4164797	4165080	-
19	4165223	4165319	-
19	4165497	4165981	-
19	4166171	4168086	-
19	4168267	4171335	-
19	4171546	4175729	-
19	4171546	4175777	-
19	4176200	4177055	+
19	4177121	4177548	+
19	4177132	4177548	+
19	4177639	4177758	+
19	4177639	4181227	+
19	4177836	4178103	+
19	4177836	4178302	+
19	4177836	4181029	+
19	4177836	4181058	+
19	4177836	4181227	+
19	4181075	4181227	+
19	4181282	4181360	+
19	4198729	4199340	+
19	4198736	4199340	+
19	4199544	4199861	+
19	4199985	4200088	+
19	4200219	4200438	+
19	4200621	4200705	+
19	4200826	4201393	+
19	4201499	4201578	+
19	4201725	4202520	+
19	4202579	4203225	+
19	4203490	4203595	+
19	4207199	4207480	-
19	4207594	4207680	-
19	4207789	4207877	-
19	4207956	4208064	-
19	4208128	4208608	-
19	4208363	4208608	-
19	4208717	4208827	-
19	4208919	4209001	-
19	4209093	4209225	-
19	4209327	4209401	-
19	4209460	4211066	-
19	4211215	4212258	-
19	4212328	4212601	-
19	4212723	4212820	-
19	4212862	4213166	-
19	4221741	4222582	+
19	4235073	4235350	-
19	4235506	4237940	-
19	4242271	4242743	+
19	4242873	4243020	+
19	4242876	4243020	+
19	4243252	4243765	+
19	4243871	4244465	+
19	4243871	4244575	+
19	4244690	4244770	+
19	4244906	4244980	+
19	4246082	4246179	-
19	4251057	4251327	-
19	4251399	4251481	-
19	4264555	4270231	+
19	4265220	4270231	+
19	4266044	4266666	-
19	4270399	4272127	+
19	4282243	4282516	+
19	4282607	4282801	+
19	4282914	4283267	+
19	4312661	4313574	-
19	4313846	4313935	-
19	4314137	4314341	-
19	4315178	4315319	-
19	4315732	4315837	-
19	4316027	4316134	-
19	4316201	4316402	-
19	4316475	4316549	-
19	4316666	4317774	-
19	4318007	4318572	-
19	4318614	4319042	-
19	4321364	4321469	-
19	4331109	4331190	-
19	4331237	4331945	-
19	4332333	4332908	-
19	4337293	4337380	-
19	4337495	4337585	-
19	4337723	4337850	-
19	4338014	4338439	-
19	4338536	4338619	-
19	4339442	4339700	-
19	4339768	4339925	-
19	4340034	4340101	-
19	4340197	4340422	-
19	4340554	4340631	-
19	4340711	4340799	-
19	4340900	4341266	-
19	4341359	4341617	-
19	4341670	4342197	-
19	4342260	4342389	-
19	4342465	4342571	-
19	4342674	4342794	-
19	4342869	4344877	-
19	4344955	4355929	-
19	4369310	4370179	-
19	4370396	4370925	-
19	4371085	4372414	-
19	4372579	4374364	-
19	4375075	4376836	-
19	4376927	4378155	-
19	4378288	4378980	-
19	4393270	4395545	-
19	4400359	4401764	-
19	4401859	4402295	-
19	4402403	4406775	-
19	4406955	4411565	-
19	4411613	4412004	-
19	4412084	4412803	-
19	4412943	4444819	-
19	4444921	4446338	-
19	4476285	4476654	-
19	4476790	4482082	-
19	4482193	4482795	-
19	4482884	4489247	-
19	4489699	4493769	+
19	4493817	4497324	+
19	4497455	4497552	+
19	4497889	4500956	-
19	4501091	4502304	-
19	4502426	4503792	-
19	4504009	4506522	-
19	4504094	4507093	+
19	4506916	4510644	-
19	4510839	4517934	-
19	4517992	4526962	-
19	4547643	4548271	-
19	4560610	4565681	+
19	4565719	4651627	+
19	4598121	4598267	+
19	4621133	4651627	+
19	4644471	4651627	+
19	4644489	4651627	+
19	4644764	4651627	+
19	4651764	4651892	+
19	4652078	4652237	+
19	4652404	4652501	+
19	4652648	4652785	+
19	4652904	4653087	+
19	4653240	4654492	+
19	4654612	4657559	+
19	4657723	4659891	+
19	4660075	4667607	+
19	4662667	4663183	-
19	4667753	4667992	+
19	4668083	4668169	+
19	4668549	4668985	+
19	4669227	4669347	+
19	4669598	4669807	+
19	4670053	4670141	+
19	4670322	4670394	+
19	4670644	4670847	+
19	4670989	4671067	+
19	4673271	4673528	-
19	4673271	4673853	-
19	4673592	4673853	-
19	4673592	4674041	-
19	4673926	4674041	-
19	4674210	4674687	-
19	4674210	4674712	-
19	4674792	4675040	-
19	4675121	4675220	-
19	4675121	4675460	-
19	4675125	4675220	-
19	4675324	4675460	-
19	4771561	4774107	+
19	4774260	4774657	+
19	4776021	4776167	+
19	4776249	4776609	+
19	4776726	4779089	+
19	4788596	4789134	+
19	4792625	4794075	+
19	4794301	4794493	+
19	4794584	4795136	+
19	4795617	4795807	+
19	4796013	4796593	+
19	4797985	4798086	+
19	4798226	4798621	+
19	4798707	4798965	+
19	4799163	4799429	+
19	4799573	4799661	+
19	4799738	4799810	+
19	4799862	4800048	+
19	4800270	4800508	+
19	4800683	4801176	+
19	4801220	4801528	+
19	4806690	4807273	+
19	4807698	4810040	+
19	4807698	4812004	+
19	4810311	4812004	+
19	4812676	4815371	+
19	4835596	4837388	-
19	4835596	4842425	-
19	4838071	4842425	-
19	4842849	4843699	-
19	4842849	4843843	-
19	4851834	4852578	-
19	4854044	4861199	-
19	4875693	4875797	-
19	4875693	4875971	-
19	4875902	4875971	-
19	4876050	4882860	-
19	4882922	4883368	-
19	4883476	4884200	-
19	4883476	4884267	-
19	4883547	4884200	-
19	4883547	4888858	-
19	4884339	4888858	-
19	4888932	4889224	-
19	4905515	4905725	+
19	4905825	4906097	+
19	4906183	4906274	+
19	4906337	4906539	+
19	4906616	4907997	+
19	4908112	4908214	+
19	4908361	4908443	+
19	4908541	4908619	+
19	4908701	4909430	+
19	4909551	4909629	+
19	4909695	4909785	+
19	4909877	4910277	+
19	4910337	4910418	+
19	4911532	4911612	-
19	4911772	4912197	-
19	4912264	4912351	-
19	4928834	4930148	+
19	4929058	4930148	+
19	4930427	4933503	+
19	4940787	4941017	-
19	4941816	4942915	-
19	4945060	4947307	-
19	4947467	4947601	-
19	4947723	4949227	-
19	4950651	4952870	-
19	4952944	4953041	-
19	4953081	4953173	-
19	4953221	4953729	-
19	4957826	4959873	-
19	4960037	4963800	-
19	4963981	4964607	-
19	4964729	4964837	-
19	4964963	4965046	-
19	4965110	4966306	-
19	4966400	4966725	-
19	4966839	4966919	-
19	4967115	4967899	-
19	4967959	4968047	-
19	4968179	4968272	-
19	4968404	4971168	-
19	4971263	4972349	-
19	4972425	4973094	-
19	4973233	4973711	-
19	4973802	4976812	-
19	5012544	5012906	+
19	5013003	5013353	+
19	5013448	5013533	+
19	5013694	5014701	+
19	5013718	5014701	+
19	5074306	5074538	+
19	5074621	5076055	+
19	5090061	5090334	+
19	5091519	5095920	+
19	5096067	5096163	+
19	5096255	5096421	+
19	5096550	5096677	+
19	5096758	5096842	+
19	5096940	5097173	+
19	5096940	5097419	+
19	5097513	5098536	+
19	5098602	5099020	+
19	5099061	5099434	+
19	5103304	5103626	+
19	5138777	5139446	+
19	5139659	5139799	+
19	5139905	5140031	+
19	5140111	5141395	+
19	5141454	5141568	+
19	5141725	5142156	+
19	5142251	5142329	+
19	5150601	5150694	-
19	5150827	5154668	-
19	5154765	5154860	-
19	5154957	5155205	-
19	5155279	5156668	-
19	5155279	5156952	-
19	5158717	5159130	-
19	5159189	5159328	-
19	5159454	5159520	-
19	5159671	5159760	-
19	5159870	5160224	-
19	5160293	5160394	-
19	5160445	5161165	-
19	5161266	5161392	-
19	5161567	5161646	-
19	5161749	5161853	-
19	5161942	5162745	-
19	5162969	5163808	-
19	5163879	5163968	-
19	5164200	5167221	-
19	5167461	5168149	-
19	5167498	5168149	-
19	5202849	5203691	-
19	5203752	5205716	-
19	5205798	5205883	-
19	5205976	5206384	-
19	5206530	5209995	-
19	5324556	5324819	-
19	5325006	5325091	-
19	5325192	5329296	-
19	5329399	5329497	-
19	5329641	5329869	-
19	5329978	5333670	-
19	5333779	5333885	-
19	5333976	5334602	-
19	5334753	5336216	-
19	5336445	5336604	-
19	5336686	5336838	-
19	5336977	5337096	-
19	5337313	5337562	-
19	5337655	5337937	-
19	5338035	5338331	-
19	5338442	5341332	-
19	5341451	5343107	-
19	5343348	5344326	-
19	5344405	5345068	-
19	5345116	5345289	-
19	5398551	5399122	-
19	5410674	5449550	+
19	5415187	5415845	-
19	5415187	5416595	-
19	5415985	5416461	-
19	5415985	5416595	-
19	5417239	5418085	+
19	5418305	5418449	+
19	5418559	5418616	+
19	5418559	5418644	+
19	5418754	5418922	+
19	5418971	5419953	+
19	5430164	5430247	-
19	5430370	5430465	-
19	5430556	5431008	-
19	5431145	5431237	-
19	5431329	5431693	-
19	5431782	5431988	-
19	5432100	5432213	-
19	5432388	5432742	-
19	5432886	5432967	-
19	5433102	5433182	-
19	5433308	5433647	-
19	5433855	5433962	-
19	5434106	5434191	-
19	5434292	5434397	-
19	5434476	5434645	-
19	5434752	5434850	-
19	5434978	5435490	-
19	5435547	5435839	-
19	5435898	5438342	-
19	5457112	5465035	+
19	5457112	5465039	+
19	5457112	5465634	+
19	5465128	5465634	+
19	5465141	5465634	+
19	5465841	5467421	+
19	5473004	5473358	-
19	5473054	5473358	-
19	5473448	5473587	-
19	5473682	5473799	-
19	5473703	5473799	-
19	5473920	5474209	-
19	5474304	5474388	-
19	5474462	5474700	-
19	5475337	5475964	+
19	5475337	5475978	+
19	5507213	5507367	-
19	5510807	5510988	+
19	5511188	5511417	+
19	5511545	5512559	+
19	5512661	5513198	+
19	5513333	5513631	+
19	5513354	5513631	+
19	5513741	5513814	+
19	5513879	5514156	+
19	5514244	5514361	+
19	5514460	5514952	+
19	5515759	5515832	-
19	5515898	5516047	-
19	5516174	5516258	-
19	5524352	5525088	+
19	5527713	5527954	+
19	5528072	5528228	+
19	5528349	5530057	+
19	5530178	5530261	+
19	5530389	5530573	+
19	5530770	5531588	+
19	5533058	5533135	-
19	5533220	5533482	-
19	5533587	5533662	-
19	5533792	5533957	-
19	5534054	5534140	-
19	5534258	5534886	-
19	5534985	5535066	-
19	5535189	5535285	-
19	5535382	5535515	-
19	5535654	5536056	-
19	5536143	5536307	-
19	5536377	5536514	-
19	5536617	5537052	-
19	5537136	5537789	-
19	5537920	5538015	-
19	5540631	5542524	+
19	5541581	5542524	+
19	5542833	5543159	+
19	5542833	5543182	+
19	5543260	5543408	+
19	5545677	5545924	-
19	5546011	5546085	-
19	5546246	5546343	-
19	5547054	5547317	-
19	5547394	5547474	-
19	5547581	5547702	-
19	5548057	5548207	-
19	5548330	5548439	-
19	5548535	5548747	-
19	5562975	5567680	+
19	5567721	5581567	+
19	5601282	5601512	-
19	5601703	5603581	-
19	5603800	5608915	-
19	5603800	5610228	-
19	5652109	5652220	+
19	5652265	5652477	+
19	5652403	5652477	+
19	5652598	5652851	+
19	5652598	5655065	+
19	5653024	5655065	+
19	5653581	5653661	-
19	5653744	5653857	-
19	5654018	5655399	-
19	5655494	5655570	-
19	5655712	5657578	-
19	5657669	5657743	-
19	5657993	5658282	-
19	5658358	5658665	-
19	5658741	5658829	-
19	5658741	5659263	-
19	5658986	5659263	-
19	5659401	5659490	-
19	5659560	5659879	-
19	5659947	5660045	-
19	5688731	5688882	+
19	5689032	5689886	+
19	5689979	5690330	+
19	5690463	5691208	+
19	5691314	5691491	+
19	5691705	5695352	+
19	5695434	5695540	+
19	5695616	5696827	+
19	5701591	5701663	-
19	5701989	5702072	-
19	5702175	5702288	-
19	5702398	5702482	-
19	5702595	5702682	-
19	5704302	5704574	-
19	5705185	5705285	-
19	5711655	5712615	-
19	5715276	5715356	-
19	5715656	5715735	-
19	5715870	5716177	-
19	5716453	5716536	-
19	5717011	5717176	-
19	5717281	5717406	-
19	5717638	5721550	-
19	5721805	5722474	-
19	5722691	5722785	-
19	5722845	5723252	-
19	5723617	5724904	-
19	5725083	5725387	-
19	5725533	5727152	-
19	5727304	5727433	-
19	5727527	5727647	-
19	5729032	5729387	-
19	5729499	5729597	-
19	5729770	5729995	-
19	5730029	5730270	-
19	5731582	5733304	-
19	5733441	5733815	-
19	5733907	5734317	-
19	5734701	5735119	-
19	5738859	5739504	+
19	5739541	5739716	+
19	5741017	5745188	+
19	5745370	5745524	+
19	5745674	5745759	+
19	5745936	5746034	+
19	5746279	5746711	+
19	5746826	5747371	+
19	5747678	5750617	+
19	5750999	5752034	+
19	5760726	5760820	-
19	5760877	5760996	-
19	5761067	5765823	-
19	5766523	5766923	-
19	5766973	5767066	-
19	5767225	5770212	-
19	5770436	5770591	-
19	5770755	5770836	-
19	5771874	5771984	-
19	5772039	5772673	-
19	5772770	5772977	-
19	5773036	5775944	-
19	5778897	5779264	-
19	5778907	5779264	-
19	5780741	5781268	-
19	5781338	5781471	-
19	5781354	5781471	-
19	5781624	5781703	-
19	5797600	5797698	+
19	5797885	5798602	+
19	5798620	5798693	+
19	5798767	5798897	+
19	5801103	5801199	+
19	5801332	5801426	+
19	5801556	5801781	+
19	5801905	5802046	+
19	5804077	5805573	+
19	5805703	5805959	+
19	5806128	5806274	+
19	5806359	5806611	+
19	5806960	5807062	+
19	5806960	5807338	+
19	5807204	5807338	+
19	5807501	5807574	+
19	5807656	5807738	+
19	5807871	5807968	+
19	5808725	5808827	-
19	5808889	5808967	-
19	5809175	5809298	-
19	5809368	5809692	-
19	5809371	5809692	-
19	5809782	5810008	-
19	5809833	5810008	-
19	5810174	5810560	-
19	5810637	5810740	-
19	5810930	5811680	-
19	5811837	5814696	-
19	5814811	5815337	-
19	5815446	5816185	-
19	5816345	5819496	-
19	5819653	5819748	-
19	5819840	5820230	-
19	5820577	5820750	-
19	5820581	5820750	-
19	5820892	5821247	-
19	5894463	5894605	-
19	5894787	5894952	-
19	5895779	5901028	+
19	5898748	5901028	+
19	5902771	5906612	-
19	5906818	5912278	-
19	5910542	5912278	-
19	5912423	5913251	-
19	5913376	5915096	-
19	5915322	5919464	-
19	5919632	5919763	-
19	5919823	5920038	-
19	5920141	5923196	-
19	5923365	5924737	-
19	5928720	5929813	+
19	5928720	5929876	+
19	5929921	5930112	+
19	5930185	5930467	+
19	5930189	5930467	+
19	5930654	5934372	+
19	5934632	5934750	+
19	5948660	5951244	-
19	5951327	5952131	-
19	5952245	5952390	-
19	5952520	5952658	-
19	5952797	5954267	-
19	5954347	5954481	-
19	5954575	5955416	-
19	5955581	5956551	-
19	5956660	5957028	-
19	5957190	5962768	-
19	5963101	5964564	+
19	5969022	5974791	-
19	5991046	5992023	-
19	5992151	5992377	-
19	5992438	5993250	-
19	5996572	5997731	-
19	5997771	5998429	-
19	5998555	6000473	-
19	6000517	6001169	-
19	6001233	6001658	-
19	6003913	6006035	-
19	6006143	6008845	-
19	6008904	6009060	-
19	6009153	6011118	-
19	6039418	6040021	-
19	6040081	6040367	-
19	6040485	6041568	-
19	6041648	6041885	-
19	6041955	6042379	-
19	6042445	6043903	-
19	6043962	6044050	-
19	6044117	6044589	-
19	6044630	6044708	-
19	6044918	6046808	-
19	6046821	6047720	-
19	6047897	6057281	-
19	6057443	6057529	-
19	6057605	6058705	-
19	6058792	6059116	-
19	6059201	6061044	-
19	6061214	6061326	-
19	6061461	6063618	-
19	6063738	6064025	-
19	6064096	6064230	-
19	6064298	6065135	-
19	6064499	6065135	-
19	6097159	6098484	+
19	6098096	6098304	+
19	6098398	6098484	+
19	6098638	6098724	+
19	6098774	6099179	+
19	6099284	6099800	+
19	6099928	6100021	+
19	6100266	6100354	+
19	6100472	6100551	+
19	6100716	6100970	+
19	6101100	6101184	+
19	6101341	6101422	+
19	6102510	6102577	+
19	6105013	6105105	-
19	6105231	6106958	-
19	6107110	6107688	-
19	6108032	6108272	+
19	6108032	6108275	+
19	6108356	6108457	+
19	6108360	6108457	+
19	6108603	6109173	+
19	6109230	6109378	+
19	6113104	6113353	-
19	6113477	6113556	-
19	6113638	6113851	-
19	6114021	6114108	-
19	6114229	6116267	-
19	6114229	6116340	-
19	6116445	6116528	-
19	6116445	6116997	-
19	6116594	6116997	-
19	6116724	6116997	-
19	6117053	6117152	-
19	6117350	6117698	-
19	6117350	6117807	-
19	6118406	6118884	-
19	6118973	6119055	-
19	6119178	6119494	-
19	6119714	6119887	-
19	6120104	6120468	-
19	6121187	6121295	-
19	6121739	6126392	-
19	6126523	6126980	-
19	6131245	6131876	-
19	6131995	6132210	-
19	6132358	6132428	-
19	6132502	6132614	-
19	6132809	6133978	-
19	6134091	6134381	-
19	6134492	6134824	-
19	6134492	6134893	-
19	6166618	6167826	-
19	6169985	6170515	-
19	6170774	6171408	-
19	6171553	6171812	-
19	6171961	6172069	-
19	6172186	6173859	-
19	6173981	6174182	-
19	6174219	6178078	-
19	6184832	6186008	-
19	6186090	6187507	-
19	6187671	6187759	-
19	6187871	6191066	-
19	6245811	6256247	+
19	6278562	6278971	-
19	6279074	6279251	-
19	6279380	6280185	-
19	6280306	6280415	-
19	6280467	6280531	-
19	6280586	6280936	-
19	6281046	6281145	-
19	6281206	6282299	-
19	6282431	6282557	-
19	6282651	6282796	-
19	6282899	6283806	-
19	6284004	6284662	-
19	6285130	6285541	-
19	6294620	6294716	+
19	6295724	6296333	+
19	6296431	6296517	+
19	6296923	6297668	+
19	6298320	6299801	+
19	6299958	6300053	+
19	6300540	6300625	+
19	6301634	6301735	+
19	6301894	6302456	+
19	6302608	6302719	+
19	6304460	6304619	+
19	6304697	6305130	+
19	6305296	6305438	+
19	6305858	6306197	+
19	6306407	6306581	+
19	6306718	6307468	+
19	6307673	6307806	+
19	6307909	6307992	+
19	6308075	6308163	+
19	6308297	6308390	+
19	6308464	6308580	+
19	6311555	6311630	+
19	6327409	6331247	+
19	6331346	6344243	+
19	6344657	6347562	+
19	6347728	6348103	+
19	6356906	6359155	+
19	6359248	6359328	+
19	6360397	6360824	+
19	6360919	6361051	+
19	6361253	6361351	+
19	6361601	6362147	+
19	6362228	6363248	+
19	6363347	6363444	+
19	6363526	6363718	+
19	6363826	6363920	+
19	6364101	6364314	+
19	6364396	6364525	+
19	6364648	6364734	+
19	6364811	6365019	+
19	6365127	6365201	+
19	6365317	6365668	+
19	6365818	6365893	+
19	6365983	6366228	+
19	6366282	6366370	+
19	6366470	6366548	+
19	6366609	6366858	+
19	6366965	6367190	+
19	6367325	6367404	+
19	6367545	6367633	+
19	6367716	6368387	+
19	6368605	6370108	+
19	6370172	6370272	+
19	6370873	6371686	+
19	6371785	6371856	+
19	6371942	6372056	+
19	6372178	6372283	+
19	6372402	6372584	+
19	6372709	6372822	+
19	6372709	6372825	+
19	6372912	6374546	+
19	6385101	6385474	+
19	6385936	6386754	+
19	6386964	6387182	+
19	6387312	6387508	+
19	6387550	6387630	+
19	6387719	6388312	+
19	6388450	6388855	+
19	6388992	6389368	+
19	6388992	6389716	+
19	6389534	6389716	+
19	6391376	6391488	+
19	6391547	6391773	+
19	6391547	6391932	+
19	6391865	6391932	+
19	6391998	6392284	+
19	6392341	6392639	+
19	6392688	6392773	+
19	6392817	6393133	+
19	6393207	6393284	+
19	6393417	6393490	+
19	6393914	6394001	+
19	6394110	6394436	+
19	6394516	6394619	+
19	6394679	6395348	+
19	6395393	6395473	+
19	6395513	6395606	+
19	6395641	6395757	+
19	6395867	6395945	+
19	6396035	6396113	+
19	6396156	6396238	+
19	6396324	6396417	+
19	6396498	6396574	+
19	6396636	6396721	+
19	6396840	6401209	+
19	6401269	6401344	+
19	6401449	6401526	+
19	6401705	6402613	+
19	6402683	6402804	+
19	6403221	6403307	+
19	6403364	6403469	+
19	6404558	6405797	-
19	6405871	6410689	-
19	6414149	6415693	+
19	6415823	6418393	+
19	6418470	6421296	+
19	6421450	6421647	+
19	6421738	6422054	+
19	6422239	6422330	+
19	6422447	6422547	+
19	6422656	6423602	+
19	6423784	6424039	+
19	6423784	6424060	+
19	6424314	6424578	+
19	6424318	6424578	+
19	6424639	6424748	+
19	6424639	6424849	+
19	6424929	6425687	+
19	6424929	6426325	+
19	6436536	6438092	+
19	6438205	6438296	+
19	6438911	6439189	+
19	6439283	6439485	+
19	6442768	6442877	+
19	6443020	6443745	+
19	6451894	6452501	+
19	6452605	6453053	+
19	6453117	6453461	+
19	6454481	6454683	+
19	6455085	6457070	+
19	6463257	6463457	+
19	6463495	6463894	+
19	6464072	6464821	+
19	6581294	6581774	-
19	6581294	6581878	-
19	6582040	6582172	-
19	6586223	6586766	-
19	6586971	6587072	-
19	6586971	6587146	-
19	6586971	6587667	-
19	6586971	6587725	-
19	6587192	6587699	+
19	6587256	6587645	-
19	6587256	6587667	-
19	6587256	6587725	-
19	6587836	6588446	-
19	6587883	6588446	-
19	6588563	6588705	-
19	6588830	6589432	-
19	6588830	6590358	-
19	6588830	6590604	-
19	6588830	6591089	-
19	6588830	6592171	-
19	6590528	6590604	-
19	6590528	6590631	-
19	6590736	6592370	+
19	6590760	6591089	-
19	6591194	6591542	-
19	6591194	6592171	-
19	6591194	6592380	-
19	6593373	6593618	+
19	6593373	6593858	+
19	6593373	6594723	+
19	6593930	6594723	+
19	6593930	6621880	+
19	6622031	6627302	+
19	6807508	6807682	-
19	6807847	6807954	-
19	6808115	6808358	-
19	6808554	6808641	-
19	6808816	6809135	-
19	6809230	6809318	-
19	6809432	6809623	-
19	6809453	6809623	-
19	6809753	6812468	-
19	6812634	6814694	-
19	6814846	6814947	-
19	6815052	6815123	-
19	6815205	6815422	-
19	6815531	6816619	-
19	6816736	6816827	-
19	6817047	6817701	-
19	6817047	6817747	-
19	6817370	6817701	-
19	6817774	6817860	-
19	6827193	6827269	-
19	6827742	6827812	-
19	6884320	6884433	-
19	6884496	6884609	-
19	6884649	6884909	-
19	6884649	6886826	-
19	6885042	6885349	-
19	6885042	6886826	-
19	6885485	6886089	-
19	6885485	6886826	-
19	6887631	6887730	+
19	6887833	6887951	+
19	6888042	6888119	+
19	6889379	6889722	-
19	6889993	6890083	-
19	6890252	6891187	-
19	6891317	6891446	-
19	6891317	6891465	-
19	6891564	6896468	-
19	6891564	6897430	-
19	6891661	6897430	-
19	6891661	6898989	-
19	6897768	6898989	-
19	6900029	6900668	-
19	6900736	6900890	-
19	6915898	6916123	-
19	6915898	6916379	-
19	6916243	6916379	-
19	6916505	6916628	-
19	6916509	6916628	-
19	6916779	6916896	-
19	6916779	6917719	-
19	6917123	6917719	-
19	6917770	6918459	-
19	6917851	6918459	-
19	6919809	6920234	+
19	6919993	6920234	+
19	6920415	6928007	+
19	6920415	6928766	+
19	6928199	6928766	+
19	6931668	6931748	-
19	6931836	6932072	-
19	6932131	6932208	-
19	6932299	6932391	-
19	6932469	6932574	-
19	6932726	6933081	-
19	6933275	6933390	-
19	6933427	6933514	-
19	6933669	6934994	-
19	6935087	6935265	-
19	6935554	6936163	-
19	6936326	6936418	-
19	6936574	6937155	-
19	6937281	6937500	-
19	6937586	6937659	-
19	6937757	6939242	-
19	6940248	6940329	-
19	6940415	6940581	-
19	6940823	6941740	-
19	6941888	6941964	-
19	6943108	6943188	-
19	6943652	6943753	-
19	6944078	6946914	-
19	6946329	6946914	-
19	6946805	6946885	+
19	6952875	6953911	+
19	6952986	6953911	+
19	6953996	6954225	+
19	6954259	6954349	+
19	6955303	6955378	-
19	6955415	6955757	-
19	6955805	6955925	-
19	6956033	6956340	-
19	6956039	6956340	-
19	6956510	6957761	-
19	6956546	6957761	-
19	6956577	6957378	-
19	6960236	6962728	-
19	6962864	6963172	-
19	6962965	6963172	-
19	6963209	6963388	-
19	6963209	6963657	-
19	6963463	6963657	-
19	6963855	6964141	-
19	6964185	6964581	-
19	6964185	6964719	-
19	6965477	6965556	-
19	6965640	6966790	-
19	6965644	6966790	-
19	6966953	6967048	-
19	6966956	6967048	-
19	6967234	6968085	-
19	6968180	6969526	-
19	6968180	6969916	-
19	6969641	6969916	-
19	6970571	6970800	-
19	6970895	6971029	-
19	6970895	6972038	-
19	6971128	6972038	-
19	6972138	6972609	-
19	6973104	6973375	-
19	6973893	6974063	+
19	6974146	6975300	+
19	6974146	6975559	+
19	6975471	6975559	+
19	6975735	6975876	+
19	6975934	6976025	+
19	6975934	6976073	+
19	6976137	6976259	+
19	6976654	6976792	+
19	6976889	6977006	-
19	6976895	6977022	+
19	6976895	6977052	+
19	6979250	6979580	-
19	6979821	6979937	-
19	6980944	6991215	-
19	6991319	6991427	-
19	6998540	6999017	-
19	6999191	6999394	-
19	6999499	6999639	-
19	6999677	7002682	-
19	7002808	7003659	-
19	7003757	7005995	-
19	7006117	7006269	-
19	7006373	7006475	-
19	7006603	7009848	-
19	7010018	7011530	-
19	7011673	7012014	-
19	7012157	7012863	-
19	7013074	7017247	-
19	7034551	7042832	+
19	7038990	7039100	+
19	7042935	7043454	+
19	7043572	7162940	+
19	7074595	7082451	-
19	7149167	7194766	+
19	7159443	7162940	+
19	7160363	7162940	+
19	7161160	7162940	+
19	7162971	7173778	+
19	7163383	7173778	+
19	7163541	7173778	+
19	7169465	7173778	+
19	7173896	7174153	+
19	7174276	7174369	+
19	7174401	7174515	+
19	7174590	7174896	+
19	7174975	7175066	+
19	7174979	7175066	+
19	7174979	7175277	+
19	7175102	7175277	+
19	7176605	7176736	-
19	7176682	7176736	-
19	7176911	7177027	-
19	7176932	7177027	-
19	7177113	7177307	-
19	7177427	7181422	-
19	7181522	7181754	-
19	7181817	7183566	-
19	7192850	7194763	-
19	7205457	7205716	-
19	7205795	7207086	-
19	7207171	7207312	-
19	7207472	7207552	-
19	7207649	7211468	-
19	7211241	7211468	-
19	7211522	7212427	-
19	7212524	7218302	-
19	7254816	7255406	-
19	7255452	7256475	-
19	7255452	7258362	-
19	7256644	7257350	-
19	7258621	7260090	-
19	7259325	7260090	-
19	7260189	7260397	-
19	7260571	7260800	-
19	7260934	7261829	-
19	7261943	7262024	-
19	7262125	7262233	-
19	7262354	7263096	-
19	7263334	7263933	-
19	7263991	7264198	-
19	7264270	7264365	-
19	7264432	7264694	-
19	7264744	7267680	-
19	7267735	7267967	-
19	7335853	7351021	-
19	7351220	7351386	-
19	7351513	7351660	-
19	7351811	7351885	-
19	7352036	7360036	-
19	7352216	7360036	-
19	7395283	7397431	+
19	7397927	7398619	+
19	7405241	7407115	-
19	7407169	7408350	-
19	7407175	7408350	-
19	7408398	7409330	-
19	7409401	7409816	-
19	7409956	7412295	-
19	7412504	7460303	-
19	7445233	7460303	-
19	7470413	7471171	-
19	7470413	7491534	-
19	7470413	7493157	-
19	7472027	7486712	+
19	7486928	7487347	+
19	7486928	7487350	+
19	7487492	7494242	+
19	7494348	7495910	+
19	7495962	7498151	+
19	7498209	7498474	+
19	7498568	7499433	+
19	7499573	7506306	+
19	7506435	7506972	+
19	7507030	7507884	+
19	7507957	7509380	+
19	7509813	7511314	+
19	7534930	7535296	+
19	7535168	7535296	+
19	7535361	7552301	+
19	7552405	7556318	+
19	7556588	7562929	+
19	7650709	7651607	-
19	7650709	7660123	-
19	7651812	7659219	-
19	7651812	7660123	-
19	7659329	7660123	-
19	7660263	7661107	-
19	7660339	7661102	-
19	7661219	7668427	-
19	7668552	7670022	-
19	7670192	7671050	-
19	7671206	7686997	-
19	7687102	7688156	-
19	7759536	7760146	-
19	7760343	7763746	-
19	7760351	7761576	-
19	7760351	7762544	-
19	7760351	7782700	-
19	7761670	7762544	-
19	7762654	7763746	-
19	7763962	7765576	-
19	7765693	7767450	-
19	7765693	7806724	-
19	7765693	7874122	-
19	7767575	7768126	-
19	7767578	7768126	-
19	7768296	7768394	-
19	7768296	7807662	-
19	7768296	8364013	-
19	7768550	7773516	-
19	7773621	7779412	-
19	7807564	7831368	-
19	7807564	8364013	-
19	7831280	7831368	-
19	7831280	8364013	-
19	7831524	8107559	-
19	7831524	8378168	-
19	7844357	8321871	-
19	7887227	8364013	-
19	8009103	8010491	+
19	8039774	8040651	-
19	8039774	8048360	-
19	8039774	8138865	-
19	8040848	8041811	-
19	8040856	8041811	-
19	8041921	8048158	-
19	8041921	8048360	-
19	8048429	8049177	-
19	8048576	8048838	-
19	8048576	8049177	-
19	8049294	8052446	-
19	8049294	8078733	-
19	8049294	8347444	-
19	8049316	8052446	-
19	8052561	8078733	-
19	8078858	8093910	-
19	8078858	8094100	-
19	8078858	8094358	-
19	8078858	8107559	-
19	8078858	8378168	-
19	8093218	8093910	-
19	8093969	8094100	-
19	8094270	8094358	-
19	8094514	8107559	-
19	8094514	8378168	-
19	8103576	8107559	-
19	8107664	8108738	-
19	8107664	8195635	-
19	8109056	8109235	-
19	8112401	8115925	+
19	8137979	8138865	-
19	8138996	8140012	-
19	8138996	8146518	-
19	8139070	8140012	-
19	8140122	8146518	-
19	8140122	8321871	-
19	8146734	8147293	-
19	8147410	8170764	-
19	8170886	8184369	-
19	8184539	8184627	-
19	8184539	8364013	-
19	8184783	8195635	-
19	8184783	8378168	-
19	8195232	8195635	-
19	8313186	8314086	-
19	8313186	8315234	-
19	8313186	8321871	-
19	8314217	8315234	-
19	8314217	8321871	-
19	8314283	8315234	-
19	8314283	8315286	-
19	8314283	8321871	-
19	8314291	8315234	-
19	8314291	8321871	-
19	8315344	8317212	-
19	8315344	8320285	-
19	8315344	8321871	-
19	8321778	8321871	-
19	8322087	8322350	-
19	8322087	8322684	-
19	8322454	8322684	-
19	8322801	8326316	-
19	8322801	8347444	-
19	8326431	8347444	-
19	8347569	8363565	-
19	8347569	8363755	-
19	8347569	8378168	-
19	8363624	8363755	-
19	8363925	8364013	-
19	8364169	8378168	-
19	8378273	8381867	-
19	8382185	8382364	-
19	8456540	8468544	-
19	8469348	8474084	-
19	8533864	8534591	-
19	8570657	8571246	+
19	8570657	8586491	+
19	8571604	8582153	+
19	8582258	8582757	+
19	8582913	8583388	+
19	8583558	8585213	+
19	8583558	8585265	+
19	8585338	8585521	+
19	8585638	8586491	+
19	8586707	8586847	+
19	8586707	8587024	+
19	8587134	8587266	+
19	8587134	8587401	+
19	8587134	8587556	+
19	8587471	8587556	+
19	8589905	8590616	-
19	8590775	8592047	-
19	8592211	8596221	-
19	8595687	8595773	+
19	8596011	8596366	+
19	8596208	8596366	+
19	8596471	8596678	+
19	8596482	8596678	+
19	8596834	8598554	+
19	8597172	8598554	+
19	8598724	8599149	+
19	8599274	8599405	+
19	8599522	8600827	+
19	8601043	8601183	+
19	8601293	8602996	+
19	8603201	8603362	+
19	8603201	8603484	+
19	8685459	8685557	-
19	8685642	8686368	-
19	8686510	8686593	-
19	8686775	8686913	-
19	8686973	8687078	-
19	8687148	8689197	-
19	8689293	8690093	-
19	8690268	8690705	-
19	8691117	8700347	-
19	8701554	8701766	+
19	8701848	8702035	+
19	8702086	8702377	+
19	8702411	8702585	+
19	8702621	8702848	+
19	8702888	8703145	+
19	8703191	8703430	+
19	8703467	8703602	+
19	8713270	8713350	+
19	8713270	8713539	+
19	8713458	8713539	+
19	8713662	8715017	+
19	8715094	8715211	+
19	8715359	8715516	+
19	8715619	8716629	+
19	8716731	8716810	+
19	8716867	8717182	+
19	8717329	8717459	+
19	8717517	8717765	+
19	8718940	8719617	+
19	8719519	8719617	+
19	8719862	8720217	+
19	8720289	8720443	+
19	8720500	8720716	+
19	8720788	8725824	+
19	8725942	8726018	+
19	8726076	8726170	+
19	8726253	8727029	+
19	8727137	8727269	+
19	8727392	8732272	+
19	8734624	8739675	+
19	8739860	8740046	+
19	8740201	8740896	+
19	8740981	8741060	+
19	8741166	8741279	+
19	8741361	8741443	+
19	8741514	8741624	+
19	8741714	8741862	+
19	8741971	8742285	+
19	8742396	8744160	+
19	8744198	8744443	+
19	8744513	8744591	+
19	8744648	8744730	+
19	8744839	8744936	+
19	8744996	8745093	+
19	8745210	8745337	+
19	8745381	8745952	+
19	8746026	8746364	+
19	8746548	8747623	+
19	8747685	8747937	+
19	8748680	8749411	+
19	8750199	8750391	-
19	8750471	8750653	-
19	8750471	8750868	-
19	8750471	8751698	-
19	8750789	8750868	-
19	8750789	8751698	-
19	8750987	8751698	-
19	8751057	8751698	-
19	8752655	8752753	-
19	8752883	8755450	-
19	8755584	8755876	-
19	8756098	8756214	-
19	8756290	8759364	-
19	8759460	8759719	-
19	8759771	8759907	-
19	8760059	8760667	-
19	8760755	8761198	-
19	8761359	8762485	-
19	8762543	8763573	-
19	8770769	8770989	-
19	8771024	8771499	-
19	8771572	8771665	-
19	8771732	8771843	-
19	8771895	8774599	-
19	8771895	8775587	-
19	8774760	8775587	-
19	8775698	8775822	-
19	8789203	8793217	-
19	8793387	8795799	-
19	8793401	8795799	-
19	8798178	8800167	+
19	8800304	8800593	+
19	8800671	8800893	+
19	8801034	8801584	+
19	8801676	8801769	+
19	8801883	8802223	+
19	8802488	8802634	+
19	8802758	8803335	+
19	8803465	8804007	+
19	8804177	8807113	+
19	8807315	8808251	+
19	8808326	8808588	+
19	8808697	8808818	+
19	8815229	8816939	+
19	8817149	8818471	+
19	8817933	8818471	+
19	8818789	8820372	+
19	8820455	8822534	+
19	8822679	8823553	+
19	8823689	8823829	+
19	8823923	8824764	-
19	8824912	8825030	+
19	8825098	8825277	+
19	8825347	8825444	+
19	8825526	8825827	+
19	8848950	8849034	+
19	8849121	8849222	+
19	8849277	8849371	+
19	8849479	8849581	+
19	8849652	8850877	+
19	8851070	8851158	+
19	8851211	8851502	+
19	8851620	8852523	+
19	8852717	8852885	+
19	8857981	8858069	-
19	8857981	8870585	-
19	8866329	8866487	+
19	8866613	8866996	+
19	8866613	8867000	+
19	8866613	8867366	+
19	8867092	8867366	+
19	8867465	8867774	+
19	8870145	8872122	+
19	8870513	8872122	+
19	8875524	8879627	+
19	8879733	8879885	+
19	8879995	8882298	+
19	8882427	8884578	+
19	8884759	8885214	+
19	8884759	8885988	+
19	8884759	8886041	+
19	8885281	8886041	+
19	8886112	8886284	+
19	8886373	8886454	+
19	8886544	8886796	+
19	8886552	8886796	+
19	8886978	8887829	+
19	8887984	8888071	+
19	8888308	8888398	+
19	8888526	8888640	+
19	8888721	8888959	+
19	8889104	8889227	+
19	8889325	8889837	+
19	8889940	8890074	+
19	8890319	8891664	+
19	8891730	8891905	+
19	8891983	8892065	+
19	8892141	8892288	+
19	8892403	8892521	+
19	8892635	8892767	+
19	8892869	8892988	+
19	8898013	8899169	+
19	8899345	8902901	+
19	8899345	8903067	+
19	8903263	8903445	+
19	8903737	8904099	+
19	8905252	8905341	-
19	8905589	8905947	-
19	8907317	8908162	+
19	8908335	8908407	+
19	8908669	8908753	+
19	8908868	8910605	+
19	8910674	8910786	+
19	8910911	8911133	+
19	8911305	8911450	+
19	8911521	8911605	+
19	8911717	8912314	+
19	8912411	8913667	+
19	8913824	8913982	+
19	8914125	8914492	+
19	8914171	8914475	-
19	8914645	8914725	+
19	8914852	8914926	+
19	8915059	8915825	+
19	8915894	8916391	+
19	8915914	8918565	-
19	8916481	8916551	+
19	8916650	8916780	+
19	8916869	8917942	+
19	8918042	8918266	+
19	8918398	8918493	+
19	8919747	8920828	+
19	8920897	8921376	+
19	8921471	8923119	+
19	8923238	8923369	+
19	8923434	8923630	+
19	8923749	8924011	+
19	8924115	8924400	+
19	8924501	8924615	+
19	8924805	8924888	+
19	8924964	8925090	+
19	8925150	8925388	+
19	8925487	8925620	+
19	8925761	8926314	+
19	8926544	8927663	+
19	8927754	8928275	+
19	8928395	8928499	+
19	8928649	8928853	+
19	8931386	8932750	+
19	8932942	8936450	+
19	8936767	8937106	+
19	8937208	8939707	+
19	8940187	8941383	+
19	8941494	8941627	+
19	8941739	8941924	+
19	8942018	8942397	+
19	8944590	8945579	+
19	8945739	8946525	+
19	8946542	8946727	+
19	8946590	8946727	+
19	8946871	8947207	+
19	8947352	8949870	+
19	8950001	8950267	+
19	8950473	8954681	+
19	8954855	8954948	+
19	8955074	8955307	+
19	8977137	8977463	+
19	8977621	8978039	+
19	8978228	8979062	+
19	8978228	9014522	+
19	8986729	8987106	+
19	8989083	8991998	-
19	8990140	8992293	+
19	9014623	9053939	+
19	9023081	9053939	+
19	9024961	9053939	+
19	9028495	9053939	+
19	9090573	9091547	-
19	9091659	9093865	-
19	9093985	9095892	-
19	9096051	9096551	-
19	9096695	9112150	-
19	9112352	9112878	-
19	9850238	9851583	-
19	9862952	9863070	-
19	9863129	9864038	-
19	9877385	9877660	+
19	9877385	9878231	+
19	9877876	9878231	+
19	9878442	9879880	+
19	9902140	9902428	-
19	9902500	9905865	-
19	9925000	9958840	-
19	9960348	9961544	+
19	9960362	9961559	-
19	9961692	9961923	+
19	9962050	9962144	+
19	9969576	9970129	-
19	9992650	10003893	+
19	9995724	10003893	+
19	10004150	10004747	+
19	10004844	10004923	+
19	10005002	10005648	+
19	10005002	10007513	+
19	10005868	10007513	+
19	10007643	10007732	+
19	10007846	10009716	+
19	10009817	10011107	+
19	10009854	10010234	-
19	10010338	10019207	-
19	10011175	10011820	+
19	10012447	10015421	+
19	10018451	10019207	-
19	10019321	10029565	+
19	10029677	10030199	+
19	10030398	10031383	+
19	10031486	10031590	+
19	10031714	10031969	+
19	10032031	10032470	+
19	10032548	10032960	+
19	10033059	10033354	+
19	10033452	10033580	+
19	10033661	10033788	+
19	10033915	10035248	+
19	10035329	10036876	+
19	10041679	10042049	-
19	10042176	10042965	-
19	10043046	10043615	-
19	10043713	10043878	-
19	10043977	10047635	-
19	10047713	10047927	-
19	10047989	10048072	-
19	10047989	10048092	-
19	10047989	10048442	-
19	10047989	10059928	-
19	10060055	10066065	-
19	10066168	10066271	-
19	10066470	10069104	-
19	10069216	10078586	-
19	10160629	10162290	+
19	10162402	10163048	+
19	10163247	10163741	+
19	10163844	10164118	+
19	10164248	10168803	+
19	10168865	10170275	+
19	10170353	10171064	+
19	10171163	10171359	+
19	10171457	10171681	+
19	10171762	10171852	+
19	10171979	10172234	+
19	10178462	10181051	-
19	10181629	10183787	+
19	10183804	10183914	+
19	10183808	10183914	+
19	10183898	10184527	+
19	10184005	10184151	+
19	10184253	10184514	+
19	10184665	10185080	+
19	10188038	10189071	-
19	10191675	10192123	-
19	10194143	10194783	-
19	10194894	10195511	-
19	10225989	10227732	-
19	10366878	10390703	+
19	10395407	10412913	+
19	10413050	10416515	+
19	10420362	10420740	+
19	10420856	10421348	+
19	10421549	10425703	+
19	10480494	10494343	-
19	10494454	10494532	-
19	10494454	10494683	-
19	10494751	10498312	-
19	10494751	10502422	-
19	10498423	10502422	-
19	10503425	10509144	+
19	10509364	10510183	+
19	10510288	10510656	+
19	10510803	10512467	+
19	10510830	10512467	+
19	10512883	10514162	+
19	10514282	10516983	+
19	10517153	10518044	+
19	10518213	10523055	+
19	10528184	10528321	-
19	10528405	10529136	-
19	10529339	10531892	-
19	10531986	10532426	-
19	10532529	10533062	-
19	10532529	10533076	-
19	10548633	10548892	-
19	10548969	10552200	-
19	10552300	10552603	-
19	10552373	10552603	-
19	10552876	10554233	-
19	10552876	10554447	-
19	10555448	10556345	+
19	10556439	10557826	+
19	10557927	10559661	+
19	10559861	10562545	+
19	10562755	10564054	+
19	10564210	10565185	+
19	10565343	10565888	+
19	10569707	10569813	-
19	10570154	10570510	-
19	10570601	10570689	-
19	10570724	10570827	-
19	10570932	10571033	-
19	10571141	10571794	-
19	10571933	10572066	-
19	10572187	10572657	-
19	10572775	10573375	-
19	10573466	10573561	-
19	10573647	10573721	-
19	10573757	10574295	-
19	10574386	10574673	-
19	10574753	10576395	-
19	10574753	10577934	-
19	10576578	10576671	-
19	10576783	10577934	-
19	10578125	10581531	-
19	10581638	10582582	-
19	10581638	10582772	-
19	10583131	10584208	+
19	10584358	10585156	+
19	10585274	10585614	+
19	10585837	10588065	+
19	10588181	10589007	+
19	10589106	10590236	+
19	10590396	10591471	+
19	10591556	10592215	+
19	10592333	10592851	+
19	10592955	10596412	+
19	10596489	10596583	+
19	10596693	10598904	+
19	10599084	10599184	+
19	10599349	10599425	+
19	10599534	10599653	+
19	10599862	10600702	+
19	10600799	10600890	+
19	10601003	10602087	+
19	10602212	10602530	+
19	10602696	10603259	+
19	10603355	10603955	+
19	10604127	10604489	+
19	10604600	10604852	+
19	10605023	10605125	+
19	10605229	10605788	+
19	10605913	10606442	+
19	10614603	10614680	+
19	10614771	10615415	+
19	10615545	10618989	+
19	10624490	10625789	+
19	10625873	10627924	+
19	10628013	10630413	+
19	10630500	10631597	+
19	10637035	10637343	+
19	10637408	10641454	+
19	10666261	10683573	+
19	10666344	10683573	+
19	10683673	10687633	+
19	10683673	10688634	+
19	10687806	10688634	+
19	10688718	10689887	+
19	10762710	10762781	+
19	10820943	10825868	+
19	10826153	10830492	+
19	10830641	10831617	+
19	10834703	10834993	+
19	10836516	10836927	-
19	10837120	10837487	-
19	10837762	10838893	-
19	10839097	10840586	-
19	10841469	10842619	-
19	10842952	10843832	-
19	10849514	10849950	-
19	10850054	10851605	-
19	10851851	10859015	-
19	10872833	10874866	+
19	10875017	10875180	+
19	10875258	10876289	+
19	10875258	10876346	+
19	10876489	10876568	+
19	10876643	10876733	+
19	10876797	10877538	+
19	10877581	10877687	+
19	10877763	10878053	+
19	10878130	10878290	+
19	10878401	10879707	+
19	10879864	10880065	+
19	10880136	10880331	+
19	10880418	10880654	+
19	10880826	10881001	+
19	10881108	10882398	+
19	10920654	10920841	-
19	10920917	10922646	-
19	10922777	10925641	-
19	10926174	10926233	+
19	10926174	10926293	+
19	11025458	11025642	-
19	11025757	11027751	-
19	11025757	11033143	-
19	11045853	11048074	-
19	11048213	11048965	-
19	11229248	11230542	-
19	11236201	11243411	-
19	11298947	11299662	-
19	11299765	11301785	-
19	11301828	11303170	-
19	11301993	11303170	-
19	11303228	11305288	-
19	11305415	11310570	-
19	11310731	11313370	-
19	11392316	11393692	+
19	11393813	11395006	+
19	11396483	11398621	+
19	11398724	11403559	+
19	11421025	11427257	+
19	11427418	11432015	+
19	11432136	11435159	+
19	11435217	11436516	+
19	11436643	11438620	+
19	11438723	11440322	+
19	11446921	11448452	+
19	11448616	11449756	+
19	11449892	11452637	+
19	11452695	11455531	+
19	11496039	11497686	+
19	11497850	11499034	+
19	11499170	11501273	+
19	11504262	11505937	+
19	11506040	11506851	+
19	11514525	11525842	+
19	11526003	11527629	+
19	11527750	11530195	+
19	11564546	11565327	-
19	11567561	11570228	-
19	11747889	11748165	+
19	11748232	11750238	+
19	11750388	11751511	+
19	11753953	11754451	-
19	11754535	11758930	-
19	11754535	11760389	-
19	11756538	11758930	-
19	11759045	11760389	-
19	11760501	11762753	-
19	11762889	11763048	-
19	11763123	11763888	-
19	11763998	11765532	-
19	11765601	11766920	-
19	11766996	11769109	-
19	11769210	11780857	-
19	11780942	11796055	-
19	11898250	11898732	+
19	11898928	11899830	+
19	11899933	11900750	+
19	11900841	11901164	+
19	11901383	11902500	+
19	11902591	11907238	+
19	11907420	11908896	+
19	11909021	11909501	+
19	11909600	11911043	+
19	11911104	11913042	+
19	11913192	11914583	+
19	11914744	11917047	+
19	11917204	11919992	+
19	11920085	11920188	+
19	11920339	11920694	+
19	11943661	11948050	+
19	11948260	11951021	+
19	11951273	11955165	+
19	11955365	11955600	+
19	11955704	11955994	+
19	11956050	11956232	+
19	11956365	11961267	+
19	11961514	11961755	+
19	11961877	11965712	+
19	11965817	11966568	+
19	11966665	11967964	+
19	11968147	11968958	+
19	11969180	11969263	+
19	12447074	12450593	-
19	12450684	12455489	-
19	12455652	12459437	-
19	12459591	12460409	-
19	12460472	12462627	-
19	12462790	12463792	-
19	12463855	12464348	-
19	12507828	12509676	-
19	12517309	12563589	-
19	12550945	12554453	+
19	12554535	12561286	+
19	12561487	12564198	+
19	12563709	12573301	-
19	12577454	12590829	+
19	12590926	12595689	+
19	12590926	12688345	+
19	12595798	12600967	+
19	12601095	12601906	+
19	12602082	12604077	+
19	12610971	12611785	+
19	12610971	12616215	+
19	12610971	12616856	+
19	12610971	12617135	+
19	12612710	12616856	+
19	12614338	12616856	+
19	12616282	12617135	+
19	12617048	12617135	+
19	12617231	12619449	+
19	12617231	12623255	+
19	12617231	12623666	+
19	12617231	12625366	+
19	12617268	12623666	+
19	12619578	12623666	+
19	12623314	12623666	+
19	12623775	12625366	+
19	12625494	12627620	+
19	12625494	12627716	+
19	12625494	12628592	+
19	12625494	12693261	+
19	12625545	12627620	+
19	12627793	12628561	+
19	12627793	12628592	+
19	12673206	12686960	+
19	12687051	12688345	+
19	12687051	12688375	+
19	12687051	12691870	+
19	12687051	12696143	+
19	12687115	12688345	+
19	12688454	12690100	+
19	12688454	12691870	+
19	12690152	12691870	+
19	12691998	12693261	+
19	12691998	12696143	+
19	12693351	12696143	+
19	12693434	12693865	+
19	12693434	12695776	+
19	12693434	12696143	+
19	12693434	12696272	+
19	12695839	12696143	+
19	12741745	12742644	-
19	12747914	12748366	-
19	12748467	12752183	-
19	12752299	12753358	-
19	12753438	12753775	-
19	12753827	12754223	-
19	12754359	12755305	-
19	12755411	12755987	-
19	12756025	12756256	-
19	12756464	12767623	-
19	12767653	12772347	-
19	12801476	12802162	+
19	12802337	12802453	+
19	12802536	12809971	+
19	12810121	12810448	+
19	14427206	14429006	-
19	14429084	14429427	-
19	14429932	14430942	-
19	14431191	14432104	-
19	14432355	14441672	-
19	14441750	14442107	-
19	14442302	14442649	-
19	14444066	14444543	-
19	14444598	14445515	-
19	14445636	14493722	-
19	14493740	14495135	-
19	14495338	14522151	-
19	15883516	15884293	-
19	15884432	15886664	-
19	15886794	15892227	-
19	15892398	15894440	-
19	15894614	15895393	-
19	15894614	15895569	-
19	15895776	15896818	-
19	15896889	15898299	-
19	15898361	15901667	-
19	15898361	15902227	-
19	15938474	15939735	-
19	15939814	15946435	-
19	15946565	15947896	-
19	15947943	15948259	-
19	15948396	15951719	-
19	15951832	15952251	-
19	15953727	15956144	-
19	15956320	15958455	-
19	15959165	15961976	-
19	16293536	16294453	+
19	16293536	16309440	+
19	16309570	16312344	+
19	16355675	16360567	+
19	16414182	16511076	+
19	16511262	16576303	+
19	16576459	16580627	+
19	16580757	16582326	+
19	16582457	16585346	+
19	16585501	16586703	+
19	16594280	16596457	-
19	16596533	16596741	-
19	16596866	16597987	-
19	16598074	16613132	-
19	16613245	16617353	-
19	16617478	16617565	-
19	16617612	16617900	-
19	16618065	16618147	-
19	16618224	16618921	-
19	16619036	16621112	-
19	16621195	16623212	-
19	16623359	16624956	-
19	16625071	16628782	-
19	16628889	16630050	-
19	16630121	16631204	-
19	16631287	16631704	-
19	16631852	16632572	-
19	16633456	16635967	-
19	16636098	16637811	-
19	16637946	16638360	-
19	16638490	16641115	-
19	16641477	16641872	-
19	16643801	16645961	-
19	16646066	16653409	-
19	16655474	16655608	-
19	16655768	16657373	-
19	16657476	16659233	-
19	16659591	16660147	-
19	16660241	16662641	-
19	16665436	16669110	-
19	16669262	16672822	-
19	16680972	16681051	-
19	16681169	16681895	-
19	16682050	16683238	-
19	16712194	16712278	-
19	16712466	16718126	-
19	16718270	16718540	-
19	16718636	16719802	-
19	16719933	16720359	-
19	16720423	16722149	-
19	16743905	16758033	-
19	17304319	17304408	.
19	17307853	17310473	-
19	17307853	17350129	-
19	17308100	17310473	-
19	17310621	17313603	-
19	17310621	17333920	-
19	17310621	17334101	-
19	17310621	17348674	-
19	17310621	17350023	-
19	17310621	17350129	-
19	17313705	17350129	-
19	17334303	17350023	-
19	17334303	17350129	-
19	17336814	17350129	-
19	17348729	17350129	-
19	17371757	17372561	+
19	17372714	17375941	+
19	17376045	17376836	+
19	17416484	17424838	-
19	17440901	17443469	-
19	17488947	17492499	-
19	17492637	17502575	-
19	17502679	17541145	-
19	17541262	17542073	-
19	17542204	17542631	-
19	17549982	17553169	-
19	17553273	17558499	-
19	17563511	17571903	-
19	17655922	17689278	-
19	17689356	17692121	-
19	18558693	18562005	-
19	18562096	18563910	-
19	18562108	18563910	-
19	18563990	18567068	-
19	18567119	18567764	-
19	18567873	18569946	-
19	18570001	18571219	-
19	18571284	18573714	-
19	18573766	18581529	-
19	18581577	18608983	-
19	18609446	18613442	+
19	18613507	18613690	+
19	18613507	18615572	+
19	18613507	18616881	+
19	18613739	18616881	+
19	18615656	18616881	+
19	18616973	18617249	+
19	18616973	18618487	+
19	18617299	18618487	+
19	18618636	18618766	+
19	18618839	18619537	+
19	18619645	18622418	+
19	18622503	18623275	+
19	18622503	18628599	+
19	18623386	18628599	+
19	18648567	18655051	+
19	18648800	18655051	+
19	18655248	18656467	+
19	18656632	18667593	+
19	18667735	18668780	+
19	18668960	18671012	+
19	18671127	18680724	+
19	18671127	18681383	+
19	18680829	18681383	+
19	18691024	18694582	+
19	18709910	18710112	-
19	18727407	18731845	+
19	18727407	18749684	+
19	18749759	18754056	+
19	18764210	18769349	+
19	18769519	18770199	+
19	18773690	18773804	+
19	18773906	18778298	+
19	18779567	18786895	+
19	18789178	18790712	+
19	18792834	18796401	+
19	18796555	18800696	+
19	18800844	18803114	+
19	18807684	18809832	+
19	18810027	18815336	+
19	18831833	18833518	+
19	18839653	18843561	+
19	18845377	18847863	+
19	18847890	18849575	+
19	18849627	18851192	+
19	18851259	18853199	+
19	18855137	18861263	+
19	18861316	18866298	+
19	20351135	20352588	-
19	20352712	20354015	-
19	20354075	20354970	-
19	20355067	20355759	-
19	20355854	20357012	-
19	20357070	20357703	-
19	20357784	20359413	-
19	20359505	20360225	-
19	20360340	20361120	-
19	20361216	20361838	-
19	20361948	20362056	-
19	20362137	20367975	-
19	20588382	20595243	+
19	20595385	20597332	+
19	20597463	20599032	+
19	20599095	20600688	+
19	20600818	20602075	+
19	20602190	20606417	+
19	20606521	20608029	+
19	20608215	20611712	+
19	20611878	20614031	+
19	20614190	20617427	+
19	20617503	20620257	+
19	20670900	20673699	-
19	20673775	20677261	-
19	20677420	20679574	-
19	20679740	20685513	-
19	20685699	20686761	-
19	20686865	20692044	-
19	20692159	20693284	-
19	20693414	20695059	-
19	20695122	20696549	-
19	20696680	20699641	-
19	20699783	20704321	-
19	20704427	20704810	-
19	21140092	21142594	-
19	21250107	21253789	+
19	21251014	21253789	+
19	21253950	21254341	+
19	21254454	21255018	+
19	21255123	21256988	+
19	21257115	21257786	+
19	21372623	21373396	-
19	21373425	21374870	-
19	21375002	21377922	-
19	21387304	21389861	-
19	21389960	21392177	-
19	21406015	21411584	-
19	21411674	21449731	-
19	21469220	21474062	+
19	21470041	21474062	+
19	21575699	21576118	-
19	21576233	21596472	-
19	21576233	21629970	-
19	21596580	21629970	-
19	21630958	21654359	+
19	21630958	21655716	+
19	21630958	21655719	+
19	21655961	21656117	+
19	21656187	21658231	+
19	21656187	21658353	+
19	21658412	21661461	+
19	21770345	21774690	+
19	21779396	21784722	+
19	21789341	21789574	+
19	21789781	21789914	+
19	21789985	21792794	+
19	21792924	21795286	+
19	21803560	21807163	+
19	21807342	21809390	+
19	21809607	21812781	+
19	21819588	21821983	+
19	21822204	21825300	+
19	21825400	21829588	+
19	21829744	21833022	+
19	21833127	21833518	+
19	22878700	22879351	+
19	22879581	22881998	+
19	22896219	22903259	+
19	22946319	22946823	-
19	22955807	22955919	+
19	22961643	23053120	-
19	22977643	22977827	-
19	23029070	23039177	-
19	23029070	23040703	-
19	23029070	23052647	-
19	23029070	23053120	-
19	23040806	23040913	-
19	23041034	23041720	-
19	23041034	23053120	-
19	23041808	23053120	-
19	23052790	23053120	-
19	23112319	23112722	+
19	23119624	23142046	+
19	23121337	23142046	+
19	23186333	23187614	-
19	23187711	23187787	-
19	23187968	23191114	-
19	23191235	23191429	-
19	23191535	23192005	-
19	23191535	23192008	-
19	23192105	23195768	-
19	23195895	23205537	-
19	23205661	23206278	-
19	23209092	23209182	-
19	23209357	23211326	-
19	23211460	23213237	-
19	23213333	23216248	-
19	23216363	23219999	-
19	23221475	23232040	-
19	23232113	23234851	-
19	23235014	23237010	-
19	23237152	23238696	-
19	23238832	23240967	-
19	23246233	23250997	-
19	23259585	23263536	+
19	23653644	23653712	+
19	23695467	23697421	+
19	23950996	23952724	-
19	23953018	23955325	-
19	23955479	23956753	-
19	23956833	23956949	-
19	23957080	23962072	-
19	23963881	23965810	-
19	23965940	23972144	-
19	23972256	23998969	-
19	23999027	24007911	-
19	24072955	24073947	-
19	24074034	24075364	-
19	24075680	24076816	-
19	24076928	24078065	-
19	24079362	24086008	-
19	24086220	24087094	-
19	24087175	24088384	-
19	24088481	24088789	-
19	24088984	24090109	-
19	24090321	24091439	-
19	24091549	24097308	-
19	24097460	24098200	-
19	24098268	24099388	-
19	24099736	24101931	-
19	24102086	24103068	-
19	24103173	24108218	-
19	24108838	24109969	-
19	24110073	24112213	-
19	24112339	24116142	-
19	24116197	24171072	-
19	24152573	24180214	+
19	24171194	24202214	-
19	24239418	24244665	-
19	24244764	24246341	-
19	24244764	24247397	-
19	24244764	24249710	-
19	24249832	24250055	-
19	24249832	24254544	-
19	24250250	24256076	+
19	24254640	24257770	-
19	24272919	24281395	-
19	24281511	24323600	-
19	24337516	24356165	-
19	24356466	24359051	-
19	24367826	24374379	-
19	24374511	24416416	-
19	24416486	24420965	-
19	24651708	24654899	+
19	24686727	24705032	-
19	24793966	24797483	-
19	24797610	24801655	-
19	24898063	24898384	-
19	24898067	24898384	-
19	24898515	24899960	-
19	24900027	24900119	-
19	24900189	24905690	-
19	24905740	24909027	-
19	24909085	24915759	-
19	24915805	24918112	-
19	24918200	24920046	-
19	24920094	24925432	-
19	24925471	24926565	-
19	24926626	24930623	-
19	24930716	24932699	-
19	24932797	24935267	-
19	24935355	24938680	-
19	24935355	24938747	-
19	24977068	24979360	+
19	25028954	25038471	+
19	25038648	25042751	+
19	25042824	25055443	+
19	25055568	25057122	+
19	25057339	25063543	+
19	25063630	25065033	+
19	25065101	25067254	+
19	25070389	25073612	-
19	25074913	25076956	+
19	25077051	25078215	+
19	25096894	25098477	+
19	25098549	25099749	+
19	25099889	25100503	+
19	25100606	25104431	+
19	25104528	25104839	+
19	25105075	25107714	+
19	25107880	25109427	+
19	25109601	25114680	+
19	25114777	25117432	+
19	25117529	25124658	+
19	25124809	25127146	+
19	25127261	25131508	+
19	25138520	25140304	+
19	25140942	25141684	+
19	25141773	25146766	+
19	25146864	25148864	+
19	25149000	25149820	+
19	25149974	25151537	+
19	25151697	25152723	+
19	25152825	25154191	+
19	25154385	25158925	+
19	25160457	25160852	+
19	25160988	25162214	+
19	25162305	25165700	+
19	25165938	25169550	+
19	25169695	25170772	+
19	25170880	25177737	+
19	25177909	25178350	+
19	25214357	25252111	+
19	25214682	25252111	+
19	25252199	25295668	+
19	25295797	25355774	+
19	25355895	25386449	+
19	25384402	25386449	+
19	25389129	25399507	+
19	25399706	25400282	+
19	25400392	25401501	+
19	25401748	25403260	+
19	25403349	25405340	+
19	25405561	25407584	+
19	25407728	25408242	+
19	25408444	25410228	+
19	25410328	25410884	+
19	25648810	25649441	-
19	25911027	25919406	+
19	25919483	25921618	+
19	26584456	26597083	+
19	26601411	26608069	+
19	26608532	26617787	+
19	26618050	26624420	+
19	26624548	26626383	+
19	26626558	26628948	+
19	26629123	26631740	+
19	26631912	26641450	+
19	26641505	26646152	+
19	26646284	26646513	+
19	26646572	26648008	+
19	26646572	26648483	+
19	26648191	26648483	+
19	26648585	26650098	+
19	26650247	26654033	+
19	26654198	26655715	+
19	26655783	26656473	+
19	26656585	26659270	+
19	26659514	26661208	+
19	26661323	26668744	+
19	26668853	26669580	+
19	26669668	26673575	+
19	26673623	26675745	+
19	26675913	26683467	+
19	26683632	26687857	+
19	26688086	26693514	+
19	26693393	26693514	+
19	26693593	26698128	+
19	26698348	26729223	+
19	26725699	26729223	+
19	26725945	26727251	+
19	26727348	26729223	+
19	26729442	26737277	+
19	26729442	26748337	+
19	26731105	26748337	+
19	26737332	26748337	+
19	26748444	26748907	+
19	26749010	26751572	+
19	26751706	26753500	+
19	26753644	26754734	+
19	27194349	27194942	+
19	27195097	27207595	+
19	27207716	27212189	+
19	27212313	27213639	+
19	27213763	27215452	+
19	27215825	27215909	+
19	27216033	27216123	+
19	27216247	27217021	+
19	27217142	27217244	+
19	27217371	27217865	+
19	27218038	27218634	+
19	27218854	27220464	+
19	27220584	27221157	+
19	27221298	27221598	+
19	27221741	27222934	+
19	27223082	27223992	+
19	27223082	27224409	+
19	27224077	27224409	+
19	27224491	27225256	+
19	27225427	27226504	+
19	27367714	27371637	-
19	27371729	27373340	-
19	27371729	27373694	-
19	27373783	27374492	-
19	27373783	27376281	-
19	27376505	27377078	-
19	27377222	27389581	-
19	27389663	27393285	-
19	27393340	27394134	-
19	27394234	27396194	-
19	27396274	27397417	-
19	27397522	27398696	-
19	27398872	27399754	-
19	27399822	27400053	-
19	27400148	27400905	-
19	27400982	27401608	-
19	27401745	27403195	-
19	27403415	27404436	-
19	27404529	27407191	-
19	27764168	27771010	-
19	27779880	27783587	-
19	27791091	27792884	-
19	27808193	27814806	-
19	27814882	27827110	-
19	28241445	28261051	-
19	28294814	28331605	-
19	28331717	28335190	-
19	28536912	28544439	+
19	28812733	28856412	+
19	28856554	28870234	+
19	28870328	28871853	+
19	28871969	28873483	+
19	28873527	28874906	+
19	28875003	28878841	+
19	28879027	28880085	+
19	28880194	28882011	+
19	28882135	28882732	+
19	28882928	28886830	+
19	28885016	28900966	-
19	28885333	28886830	+
19	28886966	28889053	+
19	28895607	28900966	-
19	28901103	28905048	-
19	28905151	28905947	-
19	28906033	28906316	-
19	28906033	28906524	-
19	28906033	28915631	-
19	28915820	28916534	-
19	28916570	28919111	-
19	28919215	28921623	-
19	28919215	28921632	-
19	28921855	28923150	-
19	28926144	28931489	-
19	28926144	28937079	-
19	28931532	28937079	-
19	28937129	28940935	-
19	28941074	28941166	-
19	28941074	28941220	-
19	28968070	28972440	+
19	28972723	28976660	+
19	28976752	28984371	+
19	28984488	28984972	+
19	28985096	28989288	+
19	28989454	28990187	+
19	28989454	28993241	+
19	28989454	28993405	+
19	28989454	29002203	+
19	28990311	28993405	+
19	29000347	29003611	-
19	29003731	29004570	-
19	29004744	29015271	-
19	29015392	29025078	-
19	29044983	29046318	+
19	29044983	29046521	+
19	29079041	29093122	+
19	29093195	29095624	+
19	29095801	29098669	+
19	29098745	29099165	+
19	29099291	29105398	+
19	29105525	29108049	+
19	29108207	29111799	+
19	29111904	29120541	+
19	29229519	29229836	+
19	29229920	29239582	+
19	29239834	29248750	+
19	29248875	29252401	+
19	29252520	29254149	+
19	29254296	29259716	+
19	29260039	29260941	+
19	29261062	29262236	+
19	29262395	29263700	+
19	29263813	29265300	+
19	29265488	29266073	+
19	29266202	29268566	+
19	29268702	29272255	+
19	29272344	29273041	+
19	29273170	29273909	+
19	29274049	29275692	+
19	29275845	29275987	+
19	29276139	29276878	+
19	29277016	29278308	+
19	29278499	29279011	+
19	29279137	29279298	+
19	29279472	29286994	+
19	29287113	29288327	+
19	29288442	29289140	+
19	29299140	29302444	-
19	29309567	29311785	-
19	29326406	29327759	-
19	29326406	29335716	-
19	29327870	29328443	-
19	29328575	29335716	-
19	29335804	29338216	-
19	29335804	29339196	-
19	29338328	29339064	-
19	29338328	29339196	-
19	29338328	29339273	-
19	29342276	29344605	-
19	29344907	29350957	+
19	29351300	29357703	+
19	29510673	29518655	+
19	29512639	29513019	+
19	29518736	29539384	+
19	29539493	29544619	+
19	29544763	29544884	+
19	29545022	29546741	+
19	29546834	29548145	+
19	29548235	29552131	+
19	29552277	29553253	+
19	29553303	29554982	+
19	29555136	29557164	+
19	29557369	29561574	+
19	29561614	29561866	+
19	29563271	29563939	+
19	29565247	29572198	+
19	29573400	29575146	+
19	29577519	29578217	+
19	29579851	29579991	+
19	29580181	29581260	+
19	29590080	29590168	-
19	29590083	29590168	-
19	29590333	29593122	-
19	29593239	29593916	-
19	29595371	29600468	-
19	29600660	29601040	-
19	29601216	29604246	-
19	29604468	29606003	-
19	29606217	29608742	-
19	29608836	29609790	-
19	29609938	29614690	-
19	29623669	29625435	-
19	29788397	29790214	-
19	29932652	29934300	+
19	29934399	29936249	+
19	30016698	30033634	+
19	30048862	30051293	+
19	30051404	30052483	+
19	30052671	30055413	+
19	30055538	30055939	+
19	30056048	30057238	+
19	30057344	30060133	+
19	30060241	30063645	+
19	30063809	30064575	+
19	30064717	30065878	+
19	30065976	30066585	+
19	30066744	30069440	+
19	30069540	30070117	+
19	30076511	30077236	-
19	30077318	30078142	-
19	30078316	30080378	-
19	30080475	30088072	-
19	30088185	30091121	-
19	30091264	30092587	-
19	30092701	30093798	-
19	30093949	30095942	-
19	30096069	30102121	-
19	30102198	30109071	-
19	30109215	30110879	-
19	30110922	30111094	-
19	30111180	30111589	-
19	30111688	30113903	-
19	30113985	30114492	-
19	30114633	30116674	-
19	30116781	30120759	-
19	30120857	30122546	-
19	30122744	30123017	-
19	30123166	30124568	-
19	30124647	30128821	-
19	30128987	30135913	-
19	30136050	30151823	-
19	30151903	30152390	-
19	30396330	30403118	+
19	30403268	30405571	+
19	30562703	30563665	-
19	30563808	30570247	-
19	31077057	31089944	+
19	31077057	31106389	+
19	31090079	31114136	+
19	31106472	31114136	+
19	31846260	31870454	+
19	31870599	31886191	+
19	31886327	31888505	+
19	31888637	31895283	+
19	31895523	31898221	+
19	31898387	31904507	+
19	31904606	31909824	+
19	31910099	31912051	+
19	31912234	31922363	+
19	31912234	31924758	+
19	31922501	31923185	+
19	31923338	31924758	+
19	31964348	31969401	-
19	31969491	31972741	-
19	31972802	31981083	-
19	31981231	31983657	-
19	31983754	31985979	-
19	31986076	31986805	-
19	31986846	31989825	-
19	31989921	31991601	-
19	31991718	31993884	-
19	31993967	31994083	-
19	31994189	31996341	-
19	31996429	31999653	-
19	31999780	32002200	-
19	32020959	32022289	-
19	32022418	32023484	-
19	32023662	32030232	-
19	32030383	32031879	-
19	32032041	32035196	-
19	32035326	32037951	-
19	32038074	32038686	-
19	32038803	32078949	-
19	32038806	32078949	-
19	32038861	32078949	-
19	32079028	32085257	-
19	32089492	32114688	+
19	32101925	32102625	-
19	32102793	32106940	-
19	32107095	32120145	-
19	32120264	32136923	-
19	32137764	32188227	-
19	32137764	32200908	-
19	32200991	32225393	-
19	32200991	32266940	-
19	32225437	32237375	-
19	32225437	32266940	-
19	32267032	32300436	-
19	32267032	32329344	-
19	32329424	32365031	-
19	32329424	32365619	-
19	32366777	32367104	+
19	32443537	32443560	-
19	32463960	32468737	+
19	32468936	32471270	+
19	32471369	32475783	+
19	32475918	32491372	+
19	32573276	32611285	+
19	32597587	32611285	+
19	32611401	32614433	+
19	32614670	32615653	+
19	32615793	32616318	+
19	32616438	32616617	+
19	32616732	32618699	+
19	32618812	32623728	+
19	32618812	32629295	+
19	32623744	32629295	+
19	32629502	32637978	+
19	32638115	32640454	+
19	32640724	32641820	+
19	32642051	32642825	+
19	32651765	32654116	-
19	32654251	32661401	-
19	32661453	32664632	-
19	32664723	32673191	-
19	32673299	32675839	-
19	32676041	32678919	-
19	32679041	32679939	-
19	32680039	32682479	-
19	32680039	32684234	-
19	32682516	32684234	-
19	32684410	32685471	-
19	32684410	32689665	-
19	32684410	32690150	-
19	32685539	32689665	-
19	32735924	32753414	+
19	32753500	32769948	+
19	32769994	32775470	+
19	32775515	32777260	+
19	32777500	32789095	+
19	32789238	32792816	+
19	32792984	32795235	+
19	32795461	32797242	+
19	33115675	33145721	-
19	33145898	33179874	-
19	33359926	33368479	-
19	33367460	33567290	-
19	33367460	33567936	-
19	33368586	33369354	-
19	33438276	33534506	-
19	33445342	33560446	-
19	33479026	33536911	-
19	33490079	33559452	-
19	33491759	33560446	-
19	33495178	33565600	-
19	33533880	33534506	-
19	33534579	33535664	-
19	33534579	33700229	-
19	33535737	33536911	-
19	33537056	33556761	-
19	33537056	33556805	-
19	33537056	33656297	-
19	33537056	33723124	-
19	33556899	33557864	-
19	33557975	33559452	-
19	33557975	33560446	-
19	33559553	33560446	-
19	33559652	33560446	-
19	33560565	33562269	-
19	33560565	33728653	-
19	33562376	33565600	-
19	33565744	33567290	-
19	33565744	33567936	-
19	33565744	33738997	-
19	33568044	33568161	-
19	33568207	33568762	-
19	33568210	33568762	-
19	33723262	33724238	-
19	33724349	33725834	-
19	33726937	33728653	-
19	33728760	33737292	-
19	33737435	33738997	-
19	33737435	33739643	-
19	34204160	34207492	+
19	34207569	34208830	+
19	34208927	34211360	+
19	34211719	34212609	+
19	34212735	34213675	+
19	34219211	34220716	-
19	34220899	34222311	-
19	34222504	34223477	-
19	34223640	34224051	-
19	34224137	34225823	-
19	34225935	34229129	-
19	34229259	34229824	-
19	34229977	34232689	-
19	34268145	34284524	+
19	34274242	34277421	+
19	34277583	34284524	+
19	34284679	34292578	+
19	34292717	34293968	+
19	34294078	34295989	+
19	34296052	34296182	+
19	34296237	34296709	+
19	34296790	34297960	+
19	34297986	34304392	+
19	34297986	34310442	+
19	34471614	34472459	-
19	34471614	34477496	-
19	34472532	34477496	-
19	34477569	34478902	-
19	34479050	34484408	-
19	34484546	34486388	-
19	34486499	34488222	-
19	34488422	34500821	-
19	34500940	34502137	-
19	34502243	34504765	-
19	34502247	34503821	-
19	34502247	34504765	-
19	34547771	34550466	+
19	34561005	34564460	+
19	34564813	34565312	+
19	34585164	34588830	+
19	34597583	34639669	-
19	34618388	34624870	+
19	34648294	34649835	-
19	34650096	34652206	-
19	34652787	34654683	-
19	34654828	34657687	-
19	34657792	34668043	-
19	34662067	34668043	-
19	34668292	34677662	-
19	34668292	34686371	-
19	34668292	34724465	-
19	34686431	34724465	-
19	34735609	34752747	-
19	34752858	34766389	-
19	34789788	34791091	-
19	34791218	34798499	-
19	34798624	34799112	-
19	34799265	34804604	+
19	34799290	34804519	-
19	34804774	34818156	-
19	34818510	34855085	-
19	34818510	34855923	-
19	34856993	34857276	-
19	34925126	34927140	+
19	34928375	34928890	+
19	34929030	34930270	+
19	34930391	34932111	+
19	34932173	34933350	+
19	34933477	34934816	+
19	34934945	34936815	+
19	34936972	34938688	+
19	34936972	34943446	+
19	34938729	34943446	+
19	34943624	34945515	+
19	34945627	34947319	+
19	34947518	34949796	+
19	34947518	34950258	+
19	34950410	34951827	+
19	34951971	34952892	+
19	36061219	36062465	+
19	36061219	36064358	+
19	36061361	36062465	+
19	36062522	36064358	+
19	36064416	36064723	+
19	36064799	36066538	+
19	36066611	36071775	+
19	36071866	36077571	+
19	36077640	36078208	+
19	36077689	36078208	+
19	36078239	36078633	+
19	36078672	36079220	+
19	36079301	36081735	+
19	36092698	36092872	-
19	36094270	36095233	-
19	36387310	36389355	+
19	36389637	36411969	+
19	36412067	36414554	+
19	36414611	36414702	+
19	36414611	36414705	+
19	36414763	36417398	+
19	36417548	36420243	+
19	36420343	36422387	+
19	36422478	36427963	+
19	36422478	36433020	+
19	36428024	36433020	+
19	36546903	36561335	+
19	36561475	36562295	+
19	36812137	36822933	+
19	36823159	36826688	+
19	36826785	36828899	+
19	36828937	36829877	+
19	36829954	36830201	+
19	36830297	36832290	+
19	36832358	36835202	+
19	36835390	36836454	+
19	36836577	36839485	+
19	36839578	36839686	+
19	36839766	36843351	+
19	36843524	36845039	+
19	36845120	36849012	+
19	36849159	36849822	+
19	36849989	36851196	+
19	36851417	36852663	+
19	36852774	36853584	+
19	36852774	36856634	+
19	36853774	36856634	+
19	36856888	36857909	+
19	36857993	36859076	+
19	36859198	36861465	+
19	36861564	36862882	+
19	36862958	36864465	+
19	36864572	36866108	+
19	36866296	36867291	+
19	36867449	36868140	+
19	36922736	36926467	+
19	36935910	36939038	+
19	36939169	36939830	+
19	36939900	36943017	+
19	36943108	36943891	+
19	36943988	36944075	+
19	36944253	36946455	+
19	36946597	36947313	+
19	36947439	36950297	+
19	36950419	36955714	+
19	36955820	36957976	+
19	36958530	36959046	+
19	36964282	36965380	+
19	36968325	36969835	+
19	36969985	36971669	+
19	36972113	36972198	+
19	36975036	36977491	+
19	36977634	36977716	+
19	36977848	36979813	+
19	36979940	36980887	+
19	36981041	36981831	+
19	36982044	36986979	+
19	36987140	36987411	+
19	36987583	36988660	+
19	37002488	37021921	-
19	37185304	37188069	+
19	37185304	37188072	+
19	37188273	37194581	+
19	37188273	37197701	+
19	37188273	37198037	+
19	37194713	37197701	+
19	37194755	37197701	+
19	37197886	37198037	+
19	37198205	37198788	+
19	37238503	37240995	-
19	37238503	37241193	-
19	37241135	37241252	-
19	37248237	37248903	-
19	37248972	37249553	-
19	37249627	37253913	-
19	37253976	37255139	-
19	37255413	37257983	-
19	37258152	37261519	-
19	37261632	37262604	-
19	37262697	37264511	-
19	37264633	37265496	-
19	37265608	37268068	-
19	37268214	37273281	-
19	37272704	37272866	-
19	37273365	37275450	-
19	37275574	37281292	-
19	37281396	37287186	-
19	37287291	37289481	-
19	37289563	37290908	-
19	37291001	37291378	-
19	37291472	37292232	-
19	37292396	37292803	-
19	37292917	37295375	-
19	37295499	37302546	-
19	37302717	37306379	-
19	37306588	37307826	-
19	37308012	37321323	-
19	37308012	37339912	-
19	37321426	37339912	-
19	37405081	37406348	+
19	37534074	37534210	-
19	37534074	37534346	-
19	37534074	37538744	-
19	37539014	37558830	+
19	37539014	37558942	+
19	37559003	37560040	+
19	37559003	37560046	+
19	37560089	37560305	+
19	37560397	37562159	+
19	37562206	37563412	+
19	37562206	37565383	+
19	37565589	37566867	+
19	37567024	37570640	+
19	37570710	37574258	+
19	37574343	37576085	+
19	37576133	37576264	+
19	37576386	37578298	+
19	37578371	37579315	+
19	37579414	37582109	+
19	37582216	37585542	+
19	37585653	37587013	+
19	37587126	37588006	+
19	37588142	37597373	+
19	37597554	37604819	+
19	37597554	37628069	+
19	37628212	37641830	+
19	37641905	37670107	+
19	37670221	37671293	+
19	37670225	37671293	+
19	37888216	37889684	-
19	37890382	37892124	-
19	37892316	37893725	-
19	37893826	37896034	-
19	37896177	37899341	-
19	37899438	37899537	-
19	37899627	37901784	-
19	37901925	37904053	-
19	37904203	37904840	-
19	37905012	37909166	-
19	37909259	37909783	-
19	37909940	37911405	-
19	37923370	37924294	-
19	37924394	37924508	-
19	37924668	37924761	-
19	37924944	37926311	-
19	37927857	37928292	-
19	37943008	37944890	-
19	37944998	37948161	-
19	37948287	37949367	-
19	37975264	37983869	-
19	37983958	37986663	-
19	37986773	38011000	-
19	38011093	38012789	-
19	38106933	38112476	-
19	38112584	38112743	-
19	38177249	38178276	-
19	38177249	38184144	-
19	38178356	38184144	-
19	38184184	38188007	-
19	38188127	38189994	-
19	38190038	38193143	-
19	38193258	38195710	-
19	38195757	38201808	-
19	38201894	38202821	-
19	38202906	38204278	-
19	38204356	38207905	-
19	38207952	38208079	-
19	38208176	38210284	-
19	38336888	38336962	+
19	38337006	38337531	+
19	38337292	38337531	+
19	38337604	38337676	+
19	38337604	38337698	+
19	38337604	38338086	+
19	38384750	38388881	+
19	38389063	38391087	+
19	38717437	38724874	+
19	38724983	38726366	+
19	38748711	38753743	+
19	38753908	38755575	+
19	38766460	38768209	+
19	38768429	38769003	+
19	38769227	38770980	+
19	38778142	38778731	-
19	38778817	38781144	-
19	38781243	38782548	-
19	38784002	38784081	-
19	38784146	38784240	-
19	38784314	38787341	-
19	38787443	38787753	-
19	38796146	38798451	-
19	38798546	38798741	-
19	38798904	38800787	-
19	38800919	38802524	-
19	38802579	38803129	-
19	38803288	38804026	-
19	38804160	38806381	-
19	38806590	38807536	-
19	38825891	38854059	+
19	38854184	38871102	+
19	38871219	38884430	+
19	38884514	38887312	+
19	38884514	38896215	+
19	38887431	38889752	+
19	38889860	38896215	+
19	38896297	38899450	+
19	38899540	38901634	+
19	38901707	38902372	+
19	38902502	38902747	+
19	38902858	38905055	+
19	38905315	38906314	+
19	38919957	38923857	+
19	38943275	38943357	+
19	38943497	38945478	+
19	38947605	38948112	+
19	38948273	38953040	+
19	39627187	39628300	-
19	39677698	39687704	-
19	39691961	39700855	-
19	39700998	39722727	-
19	39792375	39795609	-
19	39792375	39869536	-
19	39796122	39800998	-
19	39831521	39837789	-
19	39837932	39839472	-
19	39839661	39848259	-
19	39848402	39864657	-
19	39864835	39865949	-
19	39866111	39869536	-
19	39869687	39869889	-
19	39870053	39874983	-
19	39897006	39910551	-
19	39910660	39919851	-
19	40211216	40211494	-
19	40211613	40218950	-
19	40283561	40284975	-
19	40285089	40287906	-
19	40287966	40300112	-
19	40300308	40302807	-
19	40302934	40303060	-
19	40309275	40310236	-
19	40310405	40313190	-
19	40313277	40315893	-
19	40316067	40325429	-
19	40325480	40328488	-
19	40325480	40338342	-
19	40328591	40338342	-
19	40338458	40340720	-
19	40340851	40340961	-
19	40341010	40351645	-
19	40351710	40353437	-
19	40353611	40358133	-
19	40353611	40361919	-
19	40358164	40361919	-
19	40362062	40370964	-
19	40371078	40381831	-
19	40381961	40386985	-
19	40387055	40390701	-
19	40390755	40439757	-
19	40405061	40439757	-
19	40439843	40464505	-
19	40439843	40475940	-
19	40464598	40475940	-
19	40539774	40541967	-
19	40585987	40591248	-
19	40591387	40593749	-
19	40593904	40594146	-
19	40594242	40594669	-
19	40596151	40596663	-
19	40596700	40597135	-
19	40597252	40597345	-
19	40597455	40597645	-
19	40597777	40599737	-
19	40599857	40600094	-
19	40600219	40600368	-
19	40699735	40708900	+
19	40709019	40711530	+
19	40711682	40713368	+
19	40714703	40715731	+
19	40715993	40722110	+
19	40722231	40725193	+
19	40725329	40727266	+
19	40819887	40820422	+
19	40833404	40833488	+
19	40833649	40834142	+
19	40917737	40922870	-
19	40923027	40924716	-
19	40924801	40926094	-
19	40926172	40927810	-
19	40927843	40928615	-
19	40928701	40931745	-
19	40931789	40932570	-
19	40932599	40933930	-
19	40934001	40939397	-
19	40939470	40940794	-
19	40940877	40948142	-
19	40948307	40950788	-
19	40950946	40952686	-
19	40952728	40956942	-
19	40956993	40961029	-
19	40961096	40982454	-
19	41203579	41205539	-
19	41205617	41205786	-
19	41205617	41205819	-
19	41205871	41206608	-
19	41206756	41209675	-
19	41209745	41211522	-
19	41211663	41220781	-
19	41220913	41223119	-
19	41223215	41227116	-
19	41227284	41229015	-
19	41229148	41233882	-
19	41233961	41235081	-
19	41235243	41236344	-
19	41236468	41244583	-
19	41244780	41251663	-
19	41244780	41252197	-
19	41252453	41252500	-
19	41316674	41317638	-
19	41320785	41364284	-
19	41471223	41471965	+
19	41472040	41516459	+
19	41517080	41534313	+
19	41534447	41540887	+
19	41758636	41761488	-
19	41761568	41762504	-
19	41851752	41853610	-
19	41853694	41853959	-
19	41854028	41855144	-
19	41855212	41857208	-
19	41859375	41859573	-
19	41866386	41866467	-
19	41866533	41868540	-
19	41881061	41883586	-
19	41899129	41904043	+
19	41900626	41904043	+
19	41904319	41905081	+
19	41905263	41906044	+
19	41912528	41913149	-
19	41913235	41913627	-
19	41913679	41914970	-
19	41915005	41916463	-
19	41916553	41919794	-
19	41919870	41921487	-
19	41921604	41921690	-
19	41922105	41923176	+
19	41923323	41926041	+
19	41926290	41926461	+
19	41926552	41926802	+
19	41926657	41926802	+
19	41926892	41927246	+
19	41927276	41928038	+
19	41928173	41928295	+
19	41928173	41929088	+
19	41928344	41929088	+
19	41929175	41929954	+
19	41930079	41930374	+
19	41930446	41930568	+
19	41930446	41932020	+
19	41930664	41930752	+
19	41930664	41932020	+
19	41930881	41932020	+
19	41933020	41933095	-
19	41933197	41933767	-
19	41933828	41933897	-
19	41934063	41934171	-
19	41936756	41937893	-
19	41938021	41938207	-
19	41938277	41938419	-
19	41938523	41939190	-
19	41939291	41940845	-
19	41941002	41942107	-
19	41942258	41942355	-
19	41951474	41951839	-
19	41951518	41951839	-
19	41951910	41952301	-
19	41952843	41954652	-
19	41952843	41954692	-
19	41954754	41958141	-
19	41958191	41969437	-
19	41970448	42020327	+
19	42020556	42022027	+
19	42034550	42048326	+
19	42047737	42048326	+
19	42048454	42048605	+
19	42048456	42048605	+
19	42048647	42049366	+
19	42048734	42049252	+
19	42048734	42049366	+
19	42049307	42049404	+
19	42049502	42049741	+
19	42049502	42051630	+
19	42049839	42051630	+
19	42049839	42058626	+
19	42051765	42057945	+
19	42051765	42058626	+
19	42064695	42064893	-
19	42065004	42066403	-
19	42066519	42066922	-
19	42067023	42074635	-
19	42079376	42089075	+
19	42089277	42093296	+
19	42093429	42093768	+
19	42093923	42101481	+
19	42101544	42103475	+
19	42103576	42104323	+
19	42104458	42104945	+
19	42105006	42108231	+
19	42108424	42110033	+
19	42112288	42113186	-
19	42113466	42117309	-
19	42137999	42139236	+
19	42159108	42159984	+
19	42160183	42165827	+
19	42165899	42167727	+
19	42167930	42169940	+
19	42171211	42171866	+
19	42172004	42172556	+
19	42172629	42174243	+
19	42174389	42177635	+
19	42177683	42177960	+
19	42552781	42564464	+
19	42564641	42570358	+
19	42570430	42571263	+
19	42571360	42571841	+
19	42571983	42579043	+
19	42591794	42592293	-
19	42595215	42595992	-
19	42715426	42716095	-
19	42715429	42716095	-
19	42716217	42718060	-
19	42718168	42719757	-
19	42719913	42722159	-
19	42722317	42722521	-
19	42722595	42723861	-
19	42723997	42724334	-
19	42724477	42726527	-
19	42726626	42726709	-
19	42726772	42728773	-
19	42728928	42730946	-
19	42731103	42735785	-
19	42735659	42735785	-
19	42735860	42735935	-
19	42736030	42737822	-
19	42737843	42740775	-
19	42737843	42740801	-
19	42744236	42744696	-
19	42744780	42746231	-
19	42746346	42748144	-
19	42748290	42748802	-
19	42748869	42748948	-
19	42749084	42749450	-
19	42749513	42750534	-
19	42750715	42750831	-
19	42751000	42752233	-
19	42752284	42754351	-
19	42754422	42754568	-
19	42754656	42755148	-
19	42755273	42755556	-
19	42755718	42758044	-
19	42759336	42759555	-
19	42759694	42766560	-
19	43430457	43453559	+
19	43456821	43458047	+
19	43458218	43460287	+
19	43460388	43460815	+
19	43480353	43482118	+
19	43482251	43483397	+
19	43488997	43491346	-
19	43491490	43492960	-
19	43493127	43493214	-
19	43493127	43495360	-
19	43493366	43495360	-
19	43495466	43495760	-
19	43495874	43496308	-
19	43496433	43504119	-
19	43504302	43512776	-
19	43653083	43654210	-
19	43654268	43655353	-
19	43655583	43662914	-
19	43678721	43679456	+
19	43692844	43693318	+
19	43693470	43700173	+
19	43704770	43705888	+
19	43710355	43713652	+
19	43725292	43726475	-
19	43726590	43728275	-
19	43728431	43730271	-
19	43730354	43732055	-
19	43732224	43735174	-
19	43735362	43737228	-
19	43737352	43739782	-
19	43739974	43741260	-
19	43741660	43744058	+
19	43744131	43747166	+
19	43747227	43748288	+
19	43748499	43749127	+
19	43749164	43751311	+
19	43749164	43751341	+
19	43751446	43753398	+
19	43753427	43755639	+
19	43755746	43756613	+
19	43770873	43772621	+
19	43772796	43774858	+
19	43772796	43783254	+
19	43772796	43784890	+
19	43774973	43776053	+
19	43775001	43775917	+
19	43775001	43776049	+
19	43775001	43776053	+
19	43785017	43786499	+
19	43786635	43786845	+
19	43786635	43786850	+
19	43786954	43787528	+
19	43787585	43788975	+
19	43789208	43792081	+
19	43792246	43793374	+
19	43793553	43795448	+
19	43795704	43797088	+
19	43797155	43798909	+
19	43799048	43799554	+
19	43799702	43800869	+
19	43800955	43801628	+
19	43801696	43803126	+
19	43803254	43805235	+
19	43805413	43806452	+
19	43806621	43807793	+
19	43807975	43810057	+
19	43810185	43810445	+
19	43810582	43811413	+
19	43811634	43811776	+
19	43811932	43814273	+
19	43814430	43815022	+
19	43815223	43816319	+
19	43816447	43818250	+
19	43818353	43818849	+
19	43818994	43820483	+
19	43820643	43822303	+
19	43822471	43825022	+
19	43825218	43825866	+
19	43836718	43838214	-
19	43858749	43862596	-
19	43862697	43863265	-
19	43863460	43877748	-
19	43863460	43889508	-
19	43945076	43948424	-
19	43948544	43952110	-
19	43948544	43952169	-
19	43948791	43952169	-
19	43952270	43954613	-
19	43954754	43954859	-
19	43954754	43956891	-
19	43957004	43958440	-
19	43958624	43962371	-
19	43962528	43969241	-
19	43969439	43974504	-
19	43994062	43995462	-
19	43995605	44000721	-
19	44000910	44001993	-
19	44000910	44002014	-
19	44000966	44002014	-
19	44002157	44003342	-
19	44003520	44004104	-
19	44004266	44005174	-
19	44005325	44010000	-
19	44013791	44014339	+
19	44025588	44027611	-
19	44027692	44029185	-
19	44029276	44036073	-
19	44036166	44037560	-
19	44037620	44044560	-
19	44044635	44047489	-
19	44047616	44050281	-
19	44047616	44056038	-
19	44050344	44051457	-
19	44051505	44056038	-
19	44054995	44056038	-
19	44056121	44057710	-
19	44057835	44058027	-
19	44057835	44058129	-
19	44062980	44063869	-
19	44063970	44065684	-
19	44063970	44065701	-
19	44063970	44066731	-
19	44065791	44066731	-
19	44065819	44066731	-
19	44066880	44067327	-
19	44067425	44070384	-
19	44067718	44070384	-
19	44070435	44071024	-
19	44071135	44072855	-
19	44072912	44075342	-
19	44072918	44075346	-
19	44075499	44076354	-
19	44076479	44077113	-
19	44077217	44079371	-
19	44079567	44084662	-
19	44084799	44085347	-
19	44085456	44085641	-
19	44085767	44085880	-
19	44085971	44087023	-
19	44087113	44088588	-
19	44088659	44090175	-
19	44090291	44092096	-
19	44092192	44095726	-
19	44099100	44101387	-
19	44101486	44102112	-
19	44102233	44102962	-
19	44103173	44109311	-
19	44109392	44110287	-
19	44110400	44111582	-
19	44117852	44119850	-
19	44119953	44120524	-
19	44120588	44121438	-
19	44120604	44121438	-
19	44121524	44124204	-
19	44128153	44130562	-
19	44130668	44131459	-
19	44131580	44134379	-
19	44134497	44134797	-
19	44227048	44230098	+
19	44282851	44283342	+
19	44283626	44286478	+
19	44286610	44288047	+
19	44286610	44327348	+
19	44288254	44289650	+
19	44289884	44291439	+
19	44386558	44388580	-
19	44388814	44390131	-
19	44390338	44391603	-
19	44391735	44394925	-
19	44395200	44395824	-
19	44511606	44512098	-
19	44515512	44522679	-
19	44522823	44523126	-
19	44523271	44524143	-
19	44524240	44524496	-
19	44528609	44531704	-
19	44531829	44532139	-
19	44532252	44534226	-
19	44538660	44541136	-
19	44538852	44541136	-
19	44541293	44542107	-
19	44541293	44543369	-
19	44542208	44543369	-
19	44543454	44543755	-
19	44543497	44543665	-
19	44543497	44543746	-
19	44543497	44543755	-
19	44551494	44551728	+
19	44551980	44554316	+
19	44554466	44556773	+
19	44556920	44557842	+
19	44557950	44558331	+
19	44558396	44558665	+
19	44558777	44559552	+
19	44713184	44738930	-
19	44730246	44731021	+
19	44749483	44750126	+
19	44750325	44777215	+
19	44779242	44804346	+
19	44823917	44824408	+
19	44930866	44931887	+
19	44936492	44937410	+
19	44937579	44940507	+
19	44940611	44947443	+
19	44947520	44949172	+
19	44955509	44955941	+
19	44957574	44960036	+
19	44960125	44961572	+
19	44961705	44962046	+
19	44964155	44967599	+
19	44977797	44980576	+
19	44981078	44981172	+
19	44981322	44981558	+
19	44981622	44984907	+
19	44985007	44985118	+
19	44985213	44985358	+
19	44985473	44985730	+
19	44985895	44985967	+
19	44986138	44986402	+
19	44986548	44986670	+
19	44986894	44987109	+
19	44987226	44987316	+
19	44987478	44987617	+
19	44987680	44989606	+
19	44990658	44990785	+
19	44994380	44994501	-
19	44994609	44994702	-
19	44996815	44997718	+
19	44998679	44998856	+
19	44998999	45000022	+
19	45003507	45003622	+
19	45003763	45009825	+
19	45010276	45011980	+
19	45012644	45013157	+
19	45013419	45014240	+
19	45036330	45037542	+
19	45037707	45038182	+
19	45038354	45038666	+
19	45038354	45038670	+
19	45038766	45039088	+
19	45039165	45039314	+
19	45039401	45040534	+
19	45040663	45040849	+
19	45040900	45042108	+
19	45042159	45042740	+
19	45042789	45043043	+
19	45066896	45066999	+
19	45067148	45067305	+
19	45411680	45444971	+
19	45411680	45459453	+
19	45445050	45459453	+
19	45459544	45491370	+
19	45491603	45496122	+
19	45496310	45501083	+
19	45501181	45501825	+
19	45501964	45502446	+
19	45502566	45504296	+
19	45504547	45505453	+
19	45505573	45507247	+
19	45507359	45507880	+
19	45507960	45515702	+
19	45515896	45517411	+
19	45541610	45541947	-
19	45542117	45543529	-
19	45543659	45544360	-
19	45544535	45546153	-
19	45546472	45546694	-
19	45546855	45547063	-
19	45549147	45553349	+
19	45553431	45560323	+
19	45560438	45560843	+
19	45560449	45560843	+
19	45560978	45565431	+
19	45565535	45565909	+
19	45567365	45567559	-
19	45568233	45580167	-
19	45580234	45619303	-
19	45619399	45624173	-
19	45624307	45624701	-
19	45736491	45736602	-
19	45736720	45736984	-
19	45737079	45737188	-
19	45737309	45737495	-
19	45737582	45737877	-
19	45738117	45740168	+
19	45740720	45743045	-
19	45743206	45746343	-
19	45746537	45746787	-
19	45746874	45749542	-
19	45749648	45750623	-
19	45750710	45753888	-
19	45754064	45755832	-
19	45756447	45758489	-
19	45758649	45760120	-
19	45760406	45762100	-
19	45762200	45764486	-
19	45764659	45765325	-
19	45765457	45767025	-
19	45767124	45767470	-
19	45767523	45771370	-
19	45782157	45782439	-
19	45782503	45782637	-
19	45783027	45783178	-
19	45783250	45783416	-
19	45807418	45808712	-
19	45808830	45834546	-
19	45834626	45874390	-
19	45874467	45879646	-
19	45879774	45880504	-
19	45880588	45910055	-
19	45907246	45910055	-
19	45910145	45920789	-
19	45934543	45939100	-
19	45939195	45941063	-
19	45941140	45941862	-
19	45941910	45945118	-
19	45945180	45946845	-
19	45948809	45953602	-
19	45953690	45953800	-
19	45953876	45954680	-
19	45954774	45961261	-
19	45961370	45963405	-
19	45963553	45963657	-
19	45963715	45967038	-
19	45967152	45986854	-
19	46021781	46022470	-
19	46021781	46022476	-
19	46022620	46022827	-
19	46022952	46023049	-
19	46023134	46023262	-
19	46023386	46023859	-
19	46024033	46024173	-
19	46024277	46024362	-
19	46024439	46024545	-
19	46024591	46024701	-
19	46024805	46027493	-
19	46024805	46033268	-
19	46025510	46033268	-
19	46058208	46059715	+
19	46067461	46067569	+
19	46067698	46068346	+
19	46067698	46068349	+
19	46068525	46069742	+
19	46069862	46069979	+
19	46070116	46070686	+
19	46070816	46070954	+
19	46071066	46071178	+
19	46071803	46071958	+
19	46072070	46072193	+
19	46072283	46072450	+
19	46120613	46121562	+
19	46141232	46151958	+
19	46152065	46159095	+
19	46159163	46234527	+
19	46242535	46242995	+
19	46243057	46244091	+
19	46244147	46247542	+
19	46248236	46249151	+
19	46254167	46254463	+
19	46255845	46256431	+
19	46256556	46256829	+
19	46258421	46258696	+
19	46258791	46259112	+
19	46259290	46259993	+
19	46260059	46260145	+
19	46260270	46260424	+
19	46260497	46260613	+
19	46260709	46260939	+
19	46261094	46267648	+
19	46268863	46268976	+
19	46269171	46271473	+
19	46271625	46271758	+
19	46271890	46272060	+
19	46272163	46272443	+
19	46272558	46272688	+
19	46272870	46273143	+
19	46273273	46274098	+
19	46293290	46293546	-
19	46294464	46294721	+
19	46294804	46294924	+
19	46294966	46295209	+
19	46296158	46296394	+
19	46296698	46296783	+
19	46297194	46297303	+
19	46297514	46297593	+
19	46299039	46299162	+
19	46299315	46299447	+
19	46299518	46299720	+
19	46299894	46300019	+
19	46300132	46300211	+
19	46301885	46302092	-
19	46302238	46302614	-
19	46316966	46317113	+
19	46317268	46317526	+
19	46318033	46318540	+
19	46319274	46319358	-
19	46319420	46319490	-
19	46319553	46319728	-
19	46319906	46319984	-
19	46320059	46320195	-
19	46320080	46320195	-
19	46320113	46320195	-
19	46320258	46320351	-
19	46320496	46321056	-
19	46321138	46326751	-
19	46321138	46327007	-
19	46321141	46326751	-
19	46321141	46327007	-
19	46326851	46327007	-
19	46326860	46326958	-
19	46326860	46327007	-
19	46326870	46327007	-
19	46345424	46354749	+
19	46354993	46356147	+
19	46355732	46356147	+
19	46356601	46356704	+
19	46356829	46357675	+
19	46357773	46360374	+
19	46357773	46360620	+
19	46360815	46362884	+
19	46366909	46367046	-
19	46367088	46367851	-
19	46367914	46368020	-
19	46368196	46368687	-
19	46368781	46369355	-
19	46369573	46370732	-
19	46370858	46372658	-
19	46372785	46373451	-
19	46373528	46375890	-
19	46375956	46384068	-
19	46385724	46389562	+
19	46385724	46413437	+
19	46389698	46413437	+
19	46413575	46438267	+
19	46438411	46439017	+
19	46439104	46439329	+
19	46439403	46441597	+
19	46441755	46443173	+
19	46443286	46462010	+
19	46462146	46463946	+
19	46464086	46472038	+
19	46472108	46474293	+
19	46495368	46501161	+
19	46501258	46501546	+
19	46501781	46502891	+
19	46502924	46503060	+
19	46503177	46503497	+
19	46519826	46530790	-
19	46530977	46531920	-
19	46531972	46540011	-
19	46531972	46546676	-
19	46540129	46546676	-
19	46546821	46561478	-
19	46546821	46562768	-
19	46561899	46570922	+
19	46562820	46563722	-
19	46571103	46571245	+
19	46571417	46574143	+
19	46574243	46576373	+
19	46576450	46576662	+
19	46576749	46578579	+
19	46578641	46578922	+
19	46578990	46579559	+
19	46579610	46579931	+
19	46579982	46580738	+
19	46580787	46583110	+
19	46583308	46585106	+
19	46587733	46595150	+
19	46587733	46632791	+
19	46595199	46632791	+
19	46632895	46640912	+
19	46641075	46642403	+
19	46678525	46687994	+
19	46678643	46687994	+
19	46688058	46688176	+
19	46688221	46689213	+
19	46689235	46689953	+
19	46695976	46696194	+
19	46696239	46696508	+
19	46696637	46697406	+
19	46697558	46697985	+
19	46698123	46700659	+
19	46700730	46703627	+
19	46703710	46708327	+
19	46708460	46708752	+
19	46708896	46713342	+
19	46713478	46726951	+
19	46713478	46728899	+
19	46726998	46728899	+
19	46751833	46842339	+
19	46842484	46845274	+
19	46845413	46847381	+
19	46847552	46856976	+
19	46857071	46860094	+
19	46857071	46865646	+
19	46860161	46865646	+
19	46865832	46866271	+
19	46877491	46878208	-
19	46878386	46878507	-
19	46878569	46878684	-
19	46878737	46879947	-
19	46880119	46880673	-
19	46880741	46880943	-
19	46881052	46881957	-
19	46882000	46882959	-
19	46883044	46884946	-
19	46885001	46886014	-
19	46886109	46886766	-
19	46886109	46887060	-
19	46886961	46887060	-
19	46887119	46887241	-
19	46887334	46892316	-
19	46892413	46893413	-
19	46893532	46897928	-
19	46893532	46912700	-
19	46912775	46939284	-
19	46939405	46957857	-
19	47023125	47025676	-
19	47025760	47028482	-
19	47025764	47028482	-
19	47028582	47031204	-
19	47031233	47034248	-
19	47034358	47036385	-
19	47036446	47036546	-
19	47036603	47037238	-
19	47037336	47037428	-
19	47037529	47038889	-
19	47054947	47055808	-
19	47056766	47057621	+
19	47056766	47059419	+
19	47063568	47064174	+
19	47064339	47064435	+
19	47064572	47065712	+
19	47065834	47067206	+
19	47067337	47068979	+
19	47069145	47070247	+
19	47070426	47070582	+
19	47070761	47070865	+
19	47072009	47074393	-
19	47073298	47074393	-
19	47074487	47074572	-
19	47074669	47075598	-
19	47074669	47076077	-
19	47074669	47079011	-
19	47075677	47079011	-
19	47076212	47079011	-
19	47094988	47095449	+
19	47095591	47095992	+
19	47096188	47096861	+
19	47098213	47099399	+
19	47108864	47112869	+
19	47112927	47113483	+
19	47113607	47114744	+
19	47114868	47115313	+
19	47115549	47115689	+
19	47115807	47116384	+
19	47117750	47118067	+
19	47118553	47119077	+
19	47124505	47126343	-
19	47257376	47258276	-
19	47258397	47260446	-
19	47260497	47261622	-
19	47353154	47361822	-
19	47386331	47412928	-
19	47413010	47452502	-
19	47496318	47498773	-
19	47502422	47504529	-
19	47505634	47513125	-
19	47508628	47509528	+
19	47517172	47524634	-
19	47600491	47603634	+
19	47603708	47603844	+
19	47604040	47604960	+
19	47605043	47607629	+
19	47609392	47610674	+
19	47610806	47611009	+
19	47611134	47613743	+
19	47613924	47616086	+
19	47613924	47623907	+
19	47616180	47623907	+
19	47624038	47624781	+
19	47624907	47625648	+
19	47625838	47626080	+
19	47626207	47627314	+
19	47627429	47630385	+
19	47654401	47654919	-
19	47654983	47655084	-
19	47655112	47656132	-
19	47720261	47721068	+
19	47721222	47721317	-
19	47721428	47721957	+
19	47722351	47723262	+
19	47843562	47843653	+
19	47843763	47846297	+
19	47846521	47847870	+
19	47847970	47851817	+
19	47851922	47852735	+
19	47854369	47858124	+
19	47858200	47858647	+
19	47858200	47860454	+
19	47873202	47874456	+
19	48737837	48748284	+
19	48748399	48752572	+
19	50314551	50316078	+
19	50316237	50316328	+
19	50316237	50316331	+
19	52932088	52932661	-
19	52937115	52983851	-
19	52980151	52983851	-
19	52983951	52984679	-
19	52984757	52985330	-
19	52985505	52986304	-
19	52986375	52987582	-
19	52987644	52988819	-
19	52988892	52990904	-
19	52990983	52991109	-
19	52991169	52992194	-
19	52992246	52993194	-
19	52993285	52994585	-
19	52994797	52996301	-
19	52996384	52998498	-
19	52998595	53000196	-
19	53000341	53000619	-
19	53000713	53001829	-
19	53001935	53003041	-
19	53003106	53013689	-
19	53013815	53017646	-
19	53013815	53020439	-
19	53013815	53026944	-
19	53020529	53021055	-
19	53020529	53026944	-
19	53116106	53119314	+
19	53119421	53119536	+
19	53131521	53205231	+
19	53186542	53205231	+
19	53186663	53191844	+
19	53186663	53205231	+
19	53191907	53205231	+
19	53205447	53215021	+
19	53215161	53219610	+
19	53219763	53220554	+
19	53220636	53221456	+
19	53221607	53222003	+
19	53222148	53222255	+
19	53222355	53223209	+
19	53223393	53225024	+
19	53225283	53226833	+
19	53226954	53227837	+
19	53227925	53230934	+
19	53231059	53232740	+
19	53231059	53233428	+
19	53232837	53233428	+
19	53299405	53319781	+
19	53318152	53319781	+
19	53319915	53320037	+
19	53319915	53334881	+
19	53334912	53357972	+
19	53358088	53358620	+
19	53358793	53360003	+
19	53369033	53369671	-
19	53369826	53371987	-
19	53372150	53372884	-
19	53373028	53374803	-
19	53373028	53377733	-
19	53374988	53377733	-
19	53377854	53378846	-
19	53434915	53435586	-
19	53435319	53435586	-
19	53435745	53435952	-
19	53588986	53589913	+
19	53589990	53602245	+
19	53602285	53603536	+
19	53603605	53606499	+
19	53606572	53606897	+
19	53606978	53607201	+
19	53607281	53609019	+
19	53609138	53610161	+
19	53610338	53611034	+
19	53611116	53611482	+
19	53611648	53611897	+
19	53612020	53613379	+
19	53613594	53616281	+
19	53616386	53616483	+
19	53616584	53617097	+
19	53617259	53617674	+
19	53617817	53619917	+
19	53620069	53622389	+
19	53624254	53624811	+
19	53627237	53627757	+
19	53627867	53629192	+
19	53629441	53629528	+
19	53629742	53629955	+
19	53629828	53629955	+
19	53630148	53630291	+
19	53630470	53632274	+
19	53632382	53633137	+
19	53728716	53730773	-
19	53832276	53838532	+
19	53891920	53895879	+
19	53895987	53897542	+
19	53897846	53899358	+
19	53899454	53901242	+
19	53901357	53908045	+
19	53908268	53909648	+
19	53909747	53910447	+
19	53910563	53914636	+
19	53914745	53914965	+
19	53915077	53915624	+
19	53915765	53917513	+
19	53917624	53918147	+
19	53919934	53920560	-
19	53920637	53923142	-
19	53920637	53931896	-
19	53922002	53931896	-
19	53923196	53931896	-
19	53932011	53932362	-
19	53932011	53932586	-
19	53932011	53932847	-
19	53933327	53975884	+
19	53976815	53991439	+
19	53991578	54005979	+
19	54006111	54014780	+
19	54014970	54016148	+
19	54016272	54017899	+
19	54018038	54018291	+
19	54018410	54019498	+
19	55059479	55061143	-
19	55061203	55063002	-
19	55063193	55063973	-
19	55064112	55064722	-
19	55064801	55066257	-
19	55066401	55066754	-
19	55067020	55067647	-
19	55067719	55068815	-
19	55068932	55069823	-
19	55069910	55070033	-
19	55070148	55071632	-
19	55071846	55072129	-
19	55072230	55075816	-
19	55075954	55076542	-
19	55076640	55077229	-
19	55077377	55079567	-
19	55079682	55082350	-
19	55082425	55084552	-
19	55084676	55085928	-
19	55091560	55115445	-
19	55240509	55257075	+
19	55242599	55257075	+
19	55242599	55257205	+
19	55256876	55257075	+
19	55257261	55261200	+
19	55259962	55262149	-
19	55261310	55266338	+
19	55262200	55262450	-
19	55266404	55266512	+
19	55266615	55267895	+
19	55267996	55268872	+
19	55269052	55269767	+
19	55269801	55269881	+
19	55269934	55270904	+
19	55270979	55271739	+
19	55271818	55272834	+
19	55272970	55276259	+
19	55276395	55277236	+
19	55276399	55277241	+
19	55277333	55279577	+
19	55278117	55287126	-
19	55279651	55279849	+
19	55279939	55280204	+
19	55280322	55282018	+
19	55282163	55282633	+
19	55282736	55283264	+
19	55283337	55283804	+
19	55283955	55284797	+
19	55287321	55290989	-
19	55291037	55291122	-
19	55291269	55292128	-
19	55292171	55292841	-
19	55293010	55297335	-
19	55297390	55298174	-
19	55298337	55300056	-
19	55300217	55301620	-
19	55301713	55302732	-
19	55303205	55303931	-
19	55303205	55303948	-
19	55303205	55304111	-
19	55303205	55304227	-
19	55304977	55306242	+
19	55304977	55310370	+
19	55310430	55316777	+
19	55316889	55325013	+
19	55316889	55369373	+
19	55325191	55369373	+
19	55369452	55380215	+
19	55380301	55486942	+
19	55470706	55471562	-
19	55487014	55487674	+
19	55487737	55612248	+
19	55493376	55495840	-
19	55730963	55731207	+
19	55731025	55731373	-
19	55731092	55731373	-
19	55908051	55912327	+
19	55915189	55919865	+
19	56276485	56286446	+
19	56286484	56295204	+
19	56286484	56297268	+
19	56295316	56297268	+
19	56297377	56298452	+
19	56298570	56299533	+
19	56299654	56300102	+
19	56300275	56301300	+
19	56301399	56302406	+
19	56302663	56303658	+
19	56303802	56304714	+
19	56304850	56306158	+
19	56306305	56307902	+
19	56323770	56324474	-
19	56385750	56392847	+
19	56392958	56421673	+
19	56421811	56422233	+
19	56422363	56424658	+
19	56424835	56425150	+
19	56425281	56429297	+
19	56518095	56519648	-
19	56519791	56525559	-
19	56525715	56526728	-
19	56526875	56528613	-
19	56528755	56529936	-
19	56530056	56531064	-
19	56531199	56532446	-
19	56534079	56535068	-
19	56537293	56540190	+
19	56540344	56558847	+
19	56559304	56563189	+
19	56563312	56564586	+
19	56564717	56576601	+
19	56576702	56580007	+
19	56580240	56580824	+
19	56580948	56582091	+
19	56582299	56583231	+
19	56583452	56585687	+
19	56587545	56589311	-
19	56779479	56780372	-
19	56780593	56781727	-
19	56787255	56788495	-
19	56788639	56789344	-
19	56795518	56796409	-
19	56796623	56797291	-
19	56796623	56797624	-
19	56797754	56798670	-
19	56802122	56810419	-
19	56886498	56889959	+
19	56890094	56890667	+
19	56890801	56891898	+
19	56891955	56893910	+
19	56894019	56894821	+
19	56895395	56897263	+
19	56897816	56898121	+
19	56898248	56899046	+
19	56901841	56902556	-
19	56902686	56902801	-
19	56902996	56904103	-
19	56905670	56906413	-
19	56909021	56911366	-
19	56911472	56911964	-
19	56912050	56913498	-
19	56913589	56916680	-
19	56916861	56918487	-
19	57025770	57027838	-
19	57027920	57028918	-
19	57032331	57033312	-
19	57035504	57036798	-
19	57037942	57049684	-
19	57049815	57052197	-
19	57052234	57056522	-
19	57056679	57057291	-
19	57057370	57068244	-
19	57104898	57121293	-
19	57123141	57140704	-
19	57140815	57143583	-
19	57143768	57161756	-
19	57361477	57361711	+
19	57367608	57369031	+
19	57369147	57369503	+
19	57369857	57370155	+
19	57370792	57371598	+
19	57371690	57372551	+
19	57372696	57373685	+
19	57373827	57374711	+
19	57441629	57446521	+
19	57441629	57452801	+
19	57446621	57452801	+
19	57452858	57461130	+
19	57461213	57472012	+
19	57472086	57473504	+
19	57473645	57475696	+
19	57475754	57476440	+
19	57542040	57542576	+
19	57600076	57617516	+
19	57617601	57618657	+
19	57618772	57626883	+
19	57627013	57630851	+
19	57638865	57641354	+
19	57670888	57673935	+
19	57674145	57675090	+
19	57675210	57680198	+
19	57680332	57684605	+
19	57684788	57687948	+
19	57688163	57690419	+
19	57690609	57695346	+
19	57703156	57719983	+
19	57720078	57728611	+
19	57741736	57743892	+
19	57744051	57766315	+
19	57766378	57785856	+
19	57785936	57924028	+
19	57924137	58030759	+
19	58030875	58119524	+
19	58252526	58255430	-
19	58255566	58258485	-
19	58258596	58288673	-
19	58723195	58723304	+
19	58723425	58725422	+
19	58725542	58726577	+
19	58726708	58728877	+
19	58728987	58729520	+
19	58729689	58732478	+
19	58788431	58789244	-
19	58789349	58792897	-
19	58808549	58809431	-
19	58813870	58815987	-
19	58935275	58941568	+
19	58963641	58978620	-
19	58978814	58983449	-
19	58983571	58988324	-
19	58988379	58992271	-
19	58992382	58998196	-
19	58998280	59003958	-
19	59004059	59007236	-
19	59007391	59010607	-
19	59010755	59016586	-
19	59016682	59020604	-
19	59020687	59023475	-
19	59023574	59026653	-
19	59026823	59030293	-
19	59030389	59039265	-
19	59290141	59293589	-
19	59293753	59303689	-
19	59316306	59333150	-
19	59387690	59388511	-
19	59417694	59418431	-
19	59418532	59421234	-
19	59421465	59446532	-
19	59445653	59446532	-
19	59448057	59450093	+
19	59448057	59452311	+
19	59448755	59449506	-
19	59449584	59450620	-
19	59450279	59452311	+
19	59895576	59901834	-
19	59901881	59924037	-
19	59925863	59931079	-
19	60187920	60188401	-
19	60188509	60201104	-
19	60201195	60208471	-
19	60201195	60215075	-
19	60208572	60208761	-
19	60208793	60208921	-
19	60209010	60209485	-
19	60209737	60214663	-
19	60209737	60214741	-
19	60209737	60215075	-
19	60212192	60213296	-
19	60213332	60214663	-
19	60517526	60517902	-
19	60517947	60522573	-
19	60522713	60525851	-
19	60522713	60531447	-
19	60525942	60531447	-
19	60531551	60533883	-
19	60533980	60551599	-
19	60551703	60552605	-
19	60552733	60568765	-
19	60569340	60585047	+
19	60750739	60751502	-
19	60750743	60751502	-
19	60751703	60752469	-
19	60752672	60754771	-
19	60754822	60775611	-
19	60755434	60756012	-
19	60756102	60757145	-
19	60757331	60758303	-
19	60758458	60759452	-
19	60759576	60760081	-
19	60760196	60760530	-
19	60760636	60761129	-
19	60761478	60761944	-
19	60762131	60762338	-
19	60762456	60763730	-
19	60763830	60764188	-
19	60764294	60765063	-
19	60765236	60766376	-
19	60766586	60767795	-
19	60767996	60769791	-
19	60769956	60770322	-
19	60770460	60770605	-
19	60770797	60778906	-
19	60800112	60803029	+
19	60800112	60803049	+
19	60803247	60805968	+
19	60806049	60809644	+
19	60809794	60810732	+
19	60810845	60814268	+
19	60814370	60819224	+
19	60819333	60821021	+
19	60821117	60823263	+
19	60827489	60830556	-
19	60830675	60832646	-
19	60832733	60839396	-
19	60839513	60839617	-
19	60839513	60840449	-
19	60840529	60842124	-
19	60842191	60842301	-
19	60842359	60842444	-
19	60853158	60853603	-
19	60853770	60855953	-
19	60856058	60858441	-
19	60858578	60859857	-
19	60858578	60861565	-
19	60860000	60861565	-
19	60861702	60862869	-
19	60976236	61020189	+
19	61020303	61034514	+
19	61034593	61056985	+
19	61057087	61057741	+
19	61061968	61065075	+
19	61065267	61067774	+
19	61067813	61069291	+
19	61069382	61071498	+
19	61071708	61074509	+
19	61078487	61078945	+
19	61079078	61080331	+
19	61105727	61106664	-
19	61106789	61115444	-
19	61115506	61115875	-
19	61116003	61129142	-
19	61140397	61167407	+
19	61167535	61167722	+
19	61213472	61213570	-
19	61213653	61213761	-
19	61213859	61213960	-
19	61214091	61214229	-
19	61214260	61214365	-
19	61214494	61214652	-
19	61214823	61214962	-
19	61215093	61215243	-
19	61215365	61215467	-
19	61215623	61215709	-
19	61215804	61216776	-
